ISO-10303-21;
HEADER;
FILE_DESCRIPTION(('ViewDefinition[DesignTransferView]'),'2;1');
FILE_NAME('/dev/null','2026-09-13T02:07:58+00:00',(''),(''),'IfcOpenShell 0.8.5','IfcOpenShell 0.8.5','Nobody');
FILE_SCHEMA(('IFC4'));
ENDSEC;
DATA;
#1=IFCPROJECT('3JoAQmotj1HOn7TxaNwsIG',$,'Eureka Residence',$,$,$,$,(#10),#5);
#2=IFCSIUNIT(*,.LENGTHUNIT.,$,.METRE.);
#3=IFCSIUNIT(*,.AREAUNIT.,$,.SQUARE_METRE.);
#4=IFCSIUNIT(*,.VOLUMEUNIT.,$,.CUBIC_METRE.);
#5=IFCUNITASSIGNMENT((#3,#4,#2));
#6=IFCCARTESIANPOINT((0.,0.,0.));
#7=IFCDIRECTION((0.,0.,1.));
#8=IFCDIRECTION((1.,0.,0.));
#9=IFCAXIS2PLACEMENT3D(#6,#7,#8);
#10=IFCGEOMETRICREPRESENTATIONCONTEXT($,'Model',3,1.0000000000000001E-05,#9,$);
#11=IFCGEOMETRICREPRESENTATIONSUBCONTEXT('Body','Model',*,*,*,*,#10,$,.MODEL_VIEW.,$);
#12=IFCSITE('07LVH3p050i87JlkQZ4qKg',$,'Site',$,$,$,$,$,$,$,$,$,$,$);
#13=IFCBUILDING('1rc$3sINr6ke7KPG26lKAr',$,'Eureka House',$,$,$,$,$,$,$,$,$);
#14=IFCBUILDINGSTOREY('3neS1k_Mf2QvLPI4zS4zrx',$,'Ground Floor',$,$,$,$,$,$,$);
#15=IFCRELAGGREGATES('0xPbWgdTv7z92M$Wu_ySFR',$,$,$,#1,(#12));
#16=IFCRELAGGREGATES('0MJTpqv5b0KeI3vA5WBmFu',$,$,$,#12,(#13));
#17=IFCRELAGGREGATES('1ILiJ9MKP7Yv5t299csofk',$,$,$,#13,(#14));
#18=IFCWALL('3dp2_koP11XP2tA61OeCvH',$,'Wall',$,$,#38,#27,$,$);
#19=IFCCARTESIANPOINT((0.,0.));
#20=IFCAXIS2PLACEMENT2D(#19,$);
#21=IFCRECTANGLEPROFILEDEF(.AREA.,$,#20,16.573499999999999,0.13968984000000001);
#22=IFCCARTESIANPOINT((0.,0.,0.));
#23=IFCAXIS2PLACEMENT3D(#22,$,$);
#24=IFCDIRECTION((0.,0.,1.));
#25=IFCEXTRUDEDAREASOLID(#21,#23,#24,2.8956);
#26=IFCSHAPEREPRESENTATION(#11,'Body','SweptSolid',(#25));
#27=IFCPRODUCTDEFINITIONSHAPE($,$,(#26));
#33=IFCRELCONTAINEDINSPATIALSTRUCTURE('3t0b_DOy9DBPP6xB1Ly8FQ',$,$,$,(#299,#4974,#4395,#4789,#4562,#3871,#4311,#2275,#2189,#259,#3884,#4289,#5145,#219,#4139,#4117,#4205,#4416,#3987,#1051,#4665,#199,#1429,#4163,#4374,#3945,#4768,#4913,#526,#179,#18,#139,#1301,#4519,#339,#5102,#4184,#359,#2115,#319,#4644,#5016,#79,#4054,#39,#4353,#4892,#2940,#59,#5634,#1386,#5667,#279,#239,#2953,#5059,#4247,#4075,#4458,#3056,#1064,#4623,#1209,#463,#4033,#4810,#4009,#4332,#4726,#5188,#3269,#4541,#421,#1255,#1277,#159,#2232,#119,#1325,#4871,#4226,#2318,#4437,#3658,#99,#2128),#14);
#34=IFCCARTESIANPOINT((-1.2318949200000002,-3.6322000000000001,0.));
#35=IFCDIRECTION((0.,0.,1.));
#36=IFCDIRECTION((1.,0.,0.));
#37=IFCAXIS2PLACEMENT3D(#34,#35,#36);
#38=IFCLOCALPLACEMENT($,#37);
#39=IFCWALL('1l37GUxQH7V8c_mO91dxiW',$,'Wall',$,$,#58,#48,$,$);
#40=IFCCARTESIANPOINT((0.,0.));
#41=IFCAXIS2PLACEMENT2D(#40,$);
#42=IFCRECTANGLEPROFILEDEF(.AREA.,$,#41,4.9911000000000003,0.13968984000000001);
#43=IFCCARTESIANPOINT((0.,0.,0.));
#44=IFCAXIS2PLACEMENT3D(#43,$,$);
#45=IFCDIRECTION((0.,0.,1.));
#46=IFCEXTRUDEDAREASOLID(#42,#44,#45,2.8956);
#47=IFCSHAPEREPRESENTATION(#11,'Body','SweptSolid',(#46));
#48=IFCPRODUCTDEFINITIONSHAPE($,$,(#47));
#54=IFCCARTESIANPOINT((1.2318949200000002,0.,0.));
#55=IFCDIRECTION((0.,0.,1.));
#56=IFCDIRECTION((1.,0.,0.));
#57=IFCAXIS2PLACEMENT3D(#54,#55,#56);
#58=IFCLOCALPLACEMENT($,#57);
#59=IFCWALL('07VNnO2rf4KRu$wMCfU18H',$,'Wall',$,$,#78,#68,$,$);
#60=IFCCARTESIANPOINT((0.,0.));
#61=IFCAXIS2PLACEMENT2D(#60,$);
#62=IFCRECTANGLEPROFILEDEF(.AREA.,$,#61,4.9911000000000003,0.13968984000000001);
#63=IFCCARTESIANPOINT((0.,0.,0.));
#64=IFCAXIS2PLACEMENT3D(#63,$,$);
#65=IFCDIRECTION((0.,0.,1.));
#66=IFCEXTRUDEDAREASOLID(#62,#64,#65,2.8956);
#67=IFCSHAPEREPRESENTATION(#11,'Body','SweptSolid',(#66));
#68=IFCPRODUCTDEFINITIONSHAPE($,$,(#67));
#74=IFCCARTESIANPOINT((-7.0230949200000001,0.60960000000000003,0.));
#75=IFCDIRECTION((0.,0.,1.));
#76=IFCDIRECTION((1.,0.,0.));
#77=IFCAXIS2PLACEMENT3D(#74,#75,#76);
#78=IFCLOCALPLACEMENT($,#77);
#79=IFCWALL('2YHKdHRKr4$hgWBb6z4qDC',$,'Wall',$,$,#98,#88,$,$);
#80=IFCCARTESIANPOINT((0.,0.));
#81=IFCAXIS2PLACEMENT2D(#80,$);
#82=IFCRECTANGLEPROFILEDEF(.AREA.,$,#81,13.246089840000002,0.13968984000000001);
#83=IFCCARTESIANPOINT((0.,0.,0.));
#84=IFCAXIS2PLACEMENT3D(#83,$,$);
#85=IFCDIRECTION((0.,0.,1.));
#86=IFCEXTRUDEDAREASOLID(#82,#84,#85,2.8956);
#87=IFCSHAPEREPRESENTATION(#11,'Body','SweptSolid',(#86));
#88=IFCPRODUCTDEFINITIONSHAPE($,$,(#87));
#94=IFCCARTESIANPOINT((-2.8956,4.9021999999999997,0.));
#95=IFCDIRECTION((0.,0.,1.));
#96=IFCDIRECTION((1.,0.,0.));
#97=IFCAXIS2PLACEMENT3D(#94,#95,#96);
#98=IFCLOCALPLACEMENT($,#97);
#99=IFCWALL('2anAydTlbAePYUwFU42Dgl',$,'Wall',$,$,#118,#108,$,$);
#100=IFCCARTESIANPOINT((0.,0.));
#101=IFCAXIS2PLACEMENT2D(#100,$);
#102=IFCRECTANGLEPROFILEDEF(.AREA.,$,#101,3.54326952,0.13968984000000001);
#103=IFCCARTESIANPOINT((0.,0.,0.));
#104=IFCAXIS2PLACEMENT3D(#103,$,$);
#105=IFCDIRECTION((0.,0.,1.));
#106=IFCEXTRUDEDAREASOLID(#102,#104,#105,2.8956);
#107=IFCSHAPEREPRESENTATION(#11,'Body','SweptSolid',(#106));
#108=IFCPRODUCTDEFINITIONSHAPE($,$,(#107));
#114=IFCCARTESIANPOINT((-2.8956,3.0988000000000002,0.));
#115=IFCDIRECTION((0.,0.,1.));
#116=IFCDIRECTION((1.,0.,0.));
#117=IFCAXIS2PLACEMENT3D(#114,#115,#116);
#118=IFCLOCALPLACEMENT($,#117);
#119=IFCWALL('1LXCSCvc5Bzx0VFXNtW2He',$,'Wall',$,$,#138,#128,$,$);
#120=IFCCARTESIANPOINT((0.,0.));
#121=IFCAXIS2PLACEMENT2D(#120,$);
#122=IFCRECTANGLEPROFILEDEF(.AREA.,$,#121,1.8034101599999994,0.13968984000000001);
#123=IFCCARTESIANPOINT((0.,0.,0.));
#124=IFCAXIS2PLACEMENT3D(#123,$,$);
#125=IFCDIRECTION((0.,0.,1.));
#126=IFCEXTRUDEDAREASOLID(#122,#124,#125,2.8956);
#127=IFCSHAPEREPRESENTATION(#11,'Body','SweptSolid',(#126));
#128=IFCPRODUCTDEFINITIONSHAPE($,$,(#127));
#134=IFCCARTESIANPOINT((6.1531500000000001,-2.5756000000000001,0.));
#135=IFCDIRECTION((0.,0.,1.));
#136=IFCDIRECTION((1.,0.,0.));
#137=IFCAXIS2PLACEMENT3D(#134,#135,#136);
#138=IFCLOCALPLACEMENT($,#137);
#139=IFCWALL('3mK9IydRnAswJjiAmPnSZ7',$,'Wall',$,$,#158,#148,$,$);
#140=IFCCARTESIANPOINT((0.,0.));
#141=IFCAXIS2PLACEMENT2D(#140,$);
#142=IFCRECTANGLEPROFILEDEF(.AREA.,$,#141,3.4670999999999994,0.13968984000000001);
#143=IFCCARTESIANPOINT((0.,0.,0.));
#144=IFCAXIS2PLACEMENT3D(#143,$,$);
#145=IFCDIRECTION((0.,0.,1.));
#146=IFCEXTRUDEDAREASOLID(#142,#144,#145,2.8956);
#147=IFCSHAPEREPRESENTATION(#11,'Body','SweptSolid',(#146));
#148=IFCPRODUCTDEFINITIONSHAPE($,$,(#147));
#154=IFCCARTESIANPOINT((5.3213050800000001,1.2192000000000001,0.));
#155=IFCDIRECTION((0.,0.,1.));
#156=IFCDIRECTION((1.,0.,0.));
#157=IFCAXIS2PLACEMENT3D(#154,#155,#156);
#158=IFCLOCALPLACEMENT($,#157);
#159=IFCWALL('3mG0ayr_b11OloOBH78nze',$,'Wall',$,$,#178,#168,$,$);
#160=IFCCARTESIANPOINT((0.,0.));
#161=IFCAXIS2PLACEMENT2D(#160,$);
#162=IFCRECTANGLEPROFILEDEF(.AREA.,$,#161,1.8033796799999999,0.13968984000000001);
#163=IFCCARTESIANPOINT((0.,0.,0.));
#164=IFCAXIS2PLACEMENT3D(#163,$,$);
#165=IFCDIRECTION((0.,0.,1.));
#166=IFCEXTRUDEDAREASOLID(#162,#164,#165,2.8956);
#167=IFCSHAPEREPRESENTATION(#11,'Body','SweptSolid',(#166));
#168=IFCPRODUCTDEFINITIONSHAPE($,$,(#167));
#174=IFCCARTESIANPOINT((4.4894449200000004,-1.3411,0.));
#175=IFCDIRECTION((0.,0.,1.));
#176=IFCDIRECTION((1.,0.,0.));
#177=IFCAXIS2PLACEMENT3D(#174,#175,#176);
#178=IFCLOCALPLACEMENT($,#177);
#179=IFCWALL('00TEZj5X9CpRIh$fcpMW6n',$,'Wall',$,$,#198,#188,$,$);
#180=IFCCARTESIANPOINT((0.,0.));
#181=IFCAXIS2PLACEMENT2D(#180,$);
#182=IFCRECTANGLEPROFILEDEF(.AREA.,$,#181,8.7248695200000022,0.13968984000000001);
#183=IFCCARTESIANPOINT((0.,0.,0.));
#184=IFCAXIS2PLACEMENT3D(#183,$,$);
#185=IFCDIRECTION((0.,0.,1.));
#186=IFCEXTRUDEDAREASOLID(#182,#184,#185,2.8956);
#187=IFCSHAPEREPRESENTATION(#11,'Body','SweptSolid',(#186));
#188=IFCPRODUCTDEFINITIONSHAPE($,$,(#187));
#194=IFCCARTESIANPOINT((-4.2671999999999999,-5.7530999999999999,0.));
#195=IFCDIRECTION((0.,0.,1.));
#196=IFCDIRECTION((1.,0.,0.));
#197=IFCAXIS2PLACEMENT3D(#194,#195,#196);
#198=IFCLOCALPLACEMENT($,#197);
#199=IFCWALL('3Angr4W1L3n8oTv2m$qxk6',$,'Wall',$,$,#218,#208,$,$);
#200=IFCCARTESIANPOINT((0.,0.));
#201=IFCAXIS2PLACEMENT2D(#200,$);
#202=IFCRECTANGLEPROFILEDEF(.AREA.,$,#201,0.13968984000000001,8.6740898400000024);
#203=IFCCARTESIANPOINT((0.,0.,0.));
#204=IFCAXIS2PLACEMENT3D(#203,$,$);
#205=IFCDIRECTION((0.,0.,1.));
#206=IFCEXTRUDEDAREASOLID(#202,#204,#205,2.8956);
#207=IFCSHAPEREPRESENTATION(#11,'Body','SweptSolid',(#206));
#208=IFCPRODUCTDEFINITIONSHAPE($,$,(#207));
#214=IFCCARTESIANPOINT((-1.1938,0.63498984000000025,0.));
#215=IFCDIRECTION((0.,0.,1.));
#216=IFCDIRECTION((1.,0.,0.));
#217=IFCAXIS2PLACEMENT3D(#214,#215,#216);
#218=IFCLOCALPLACEMENT($,#217);
#219=IFCWALL('1zcM1piv94jvsUoUkygyh9',$,'Wall',$,$,#238,#228,$,$);
#220=IFCCARTESIANPOINT((0.,0.));
#221=IFCAXIS2PLACEMENT2D(#220,$);
#222=IFCRECTANGLEPROFILEDEF(.AREA.,$,#221,0.13968984000000001,8.6740898400000024);
#223=IFCCARTESIANPOINT((0.,0.,0.));
#224=IFCAXIS2PLACEMENT3D(#223,$,$);
#225=IFCDIRECTION((0.,0.,1.));
#226=IFCEXTRUDEDAREASOLID(#222,#224,#225,2.8956);
#227=IFCSHAPEREPRESENTATION(#11,'Body','SweptSolid',(#226));
#228=IFCPRODUCTDEFINITIONSHAPE($,$,(#227));
#234=IFCCARTESIANPOINT((3.6576,0.63498984000000025,0.));
#235=IFCDIRECTION((0.,0.,1.));
#236=IFCDIRECTION((1.,0.,0.));
#237=IFCAXIS2PLACEMENT3D(#234,#235,#236);
#238=IFCLOCALPLACEMENT($,#237);
#239=IFCWALL('2ZyIaePXT9pBmbyLZbEGFo',$,'Wall',$,$,#258,#248,$,$);
#240=IFCCARTESIANPOINT((0.,0.));
#241=IFCAXIS2PLACEMENT2D(#240,$);
#242=IFCRECTANGLEPROFILEDEF(.AREA.,$,#241,0.13968984000000001,8.6740898400000024);
#243=IFCCARTESIANPOINT((0.,0.,0.));
#244=IFCAXIS2PLACEMENT3D(#243,$,$);
#245=IFCDIRECTION((0.,0.,1.));
#246=IFCEXTRUDEDAREASOLID(#242,#244,#245,2.8956);
#247=IFCSHAPEREPRESENTATION(#11,'Body','SweptSolid',(#246));
#248=IFCPRODUCTDEFINITIONSHAPE($,$,(#247));
#254=IFCCARTESIANPOINT((-9.4488000000000003,0.63498984000000025,0.));
#255=IFCDIRECTION((0.,0.,1.));
#256=IFCDIRECTION((1.,0.,0.));
#257=IFCAXIS2PLACEMENT3D(#254,#255,#256);
#258=IFCLOCALPLACEMENT($,#257);
#259=IFCWALL('0kMQOXMkT8qhgca5dd9zZM',$,'Wall',$,$,#278,#268,$,$);
#260=IFCCARTESIANPOINT((0.,0.));
#261=IFCAXIS2PLACEMENT2D(#260,$);
#262=IFCRECTANGLEPROFILEDEF(.AREA.,$,#261,0.13968984000000001,8.6740898400000024);
#263=IFCCARTESIANPOINT((0.,0.,0.));
#264=IFCAXIS2PLACEMENT3D(#263,$,$);
#265=IFCDIRECTION((0.,0.,1.));
#266=IFCEXTRUDEDAREASOLID(#262,#264,#265,2.8956);
#267=IFCSHAPEREPRESENTATION(#11,'Body','SweptSolid',(#266));
#268=IFCPRODUCTDEFINITIONSHAPE($,$,(#267));
#274=IFCCARTESIANPOINT((-4.5974000000000004,0.63498984000000025,0.));
#275=IFCDIRECTION((0.,0.,1.));
#276=IFCDIRECTION((1.,0.,0.));
#277=IFCAXIS2PLACEMENT3D(#274,#275,#276);
#278=IFCLOCALPLACEMENT($,#277);
#279=IFCWALL('1xU0ceRJP8cPvjZUbgVAmu',$,'Wall',$,$,#298,#288,$,$);
#280=IFCCARTESIANPOINT((0.,0.));
#281=IFCAXIS2PLACEMENT2D(#280,$);
#282=IFCRECTANGLEPROFILEDEF(.AREA.,$,#281,0.13968984000000001,4.9911000000000003);
#283=IFCCARTESIANPOINT((0.,0.,0.));
#284=IFCAXIS2PLACEMENT3D(#283,$,$);
#285=IFCDIRECTION((0.,0.,1.));
#286=IFCEXTRUDEDAREASOLID(#282,#284,#285,2.8956);
#287=IFCSHAPEREPRESENTATION(#11,'Body','SweptSolid',(#286));
#288=IFCPRODUCTDEFINITIONSHAPE($,$,(#287));
#294=IFCCARTESIANPOINT((5.3212999999999999,-1.2065050800000003,0.));
#295=IFCDIRECTION((0.,0.,1.));
#296=IFCDIRECTION((1.,0.,0.));
#297=IFCAXIS2PLACEMENT3D(#294,#295,#296);
#298=IFCLOCALPLACEMENT($,#297);
#299=IFCWALL('1ZDkZeSvn0XwoedPR0cNF1',$,'Wall',$,$,#318,#308,$,$);
#300=IFCCARTESIANPOINT((0.,0.));
#301=IFCAXIS2PLACEMENT2D(#300,$);
#302=IFCRECTANGLEPROFILEDEF(.AREA.,$,#301,0.13968984000000001,4.9911000000000003);
#303=IFCCARTESIANPOINT((0.,0.,0.));
#304=IFCAXIS2PLACEMENT3D(#303,$,$);
#305=IFCDIRECTION((0.,0.,1.));
#306=IFCEXTRUDEDAREASOLID(#302,#304,#305,2.8956);
#307=IFCSHAPEREPRESENTATION(#11,'Body','SweptSolid',(#306));
#308=IFCPRODUCTDEFINITIONSHAPE($,$,(#307));
#314=IFCCARTESIANPOINT((6.9850000000000003,-1.2065050800000003,0.));
#315=IFCDIRECTION((0.,0.,1.));
#316=IFCDIRECTION((1.,0.,0.));
#317=IFCAXIS2PLACEMENT3D(#314,#315,#316);
#318=IFCLOCALPLACEMENT($,#317);
#319=IFCWALL('2at3yMPJr9Dv5ZpT$E35HL',$,'Wall',$,$,#338,#328,$,$);
#320=IFCCARTESIANPOINT((0.,0.));
#321=IFCAXIS2PLACEMENT2D(#320,$);
#322=IFCRECTANGLEPROFILEDEF(.AREA.,$,#321,0.13968984000000001,2.2605796799999993);
#323=IFCCARTESIANPOINT((0.,0.,0.));
#324=IFCAXIS2PLACEMENT3D(#323,$,$);
#325=IFCDIRECTION((0.,0.,1.));
#326=IFCEXTRUDEDAREASOLID(#322,#324,#325,2.8956);
#327=IFCSHAPEREPRESENTATION(#11,'Body','SweptSolid',(#326));
#328=IFCPRODUCTDEFINITIONSHAPE($,$,(#327));
#334=IFCCARTESIANPOINT((-8.5597999999999992,-4.6926550799999998,0.));
#335=IFCDIRECTION((0.,0.,1.));
#336=IFCDIRECTION((1.,0.,0.));
#337=IFCAXIS2PLACEMENT3D(#334,#335,#336);
#338=IFCLOCALPLACEMENT($,#337);
#339=IFCWALL('1031XIjiLCEhNNLh29S_ZJ',$,'Wall',$,$,#358,#348,$,$);
#340=IFCCARTESIANPOINT((0.,0.));
#341=IFCAXIS2PLACEMENT2D(#340,$);
#342=IFCRECTANGLEPROFILEDEF(.AREA.,$,#341,0.13968984000000001,2.2605796799999993);
#343=IFCCARTESIANPOINT((0.,0.,0.));
#344=IFCAXIS2PLACEMENT3D(#343,$,$);
#345=IFCDIRECTION((0.,0.,1.));
#346=IFCEXTRUDEDAREASOLID(#342,#344,#345,2.8956);
#347=IFCSHAPEREPRESENTATION(#11,'Body','SweptSolid',(#346));
#348=IFCPRODUCTDEFINITIONSHAPE($,$,(#347));
#354=IFCCARTESIANPOINT((0.025399999999999999,-4.6926550799999998,0.));
#355=IFCDIRECTION((0.,0.,1.));
#356=IFCDIRECTION((1.,0.,0.));
#357=IFCAXIS2PLACEMENT3D(#354,#355,#356);
#358=IFCLOCALPLACEMENT($,#357);
#359=IFCSLAB('3W2WqM7Y57Gx9oD4OL4KQq',$,'Slab - Family Room',$,$,#378,#368,$,.FLOOR.);
#360=IFCCARTESIANPOINT((0.,0.));
#361=IFCAXIS2PLACEMENT2D(#360,$);
#362=IFCRECTANGLEPROFILEDEF(.AREA.,$,#361,4.8514101600000004,3.6322101600000005);
#363=IFCCARTESIANPOINT((0.,0.,0.));
#364=IFCAXIS2PLACEMENT3D(#363,$,$);
#365=IFCDIRECTION((0.,0.,1.));
#366=IFCEXTRUDEDAREASOLID(#362,#364,#365,0.20000000000000001);
#367=IFCSHAPEREPRESENTATION(#11,'Body','SweptSolid',(#366));
#368=IFCPRODUCTDEFINITIONSHAPE($,$,(#367));
#374=IFCCARTESIANPOINT((1.2318949200000002,-1.8161050800000003,-0.20000000000000001));
#375=IFCDIRECTION((0.,0.,1.));
#376=IFCDIRECTION((1.,0.,0.));
#377=IFCAXIS2PLACEMENT3D(#374,#375,#376);
#378=IFCLOCALPLACEMENT($,#377);
#379=IFCSPACE('2daCSiBuTDXBbGPt_3c83X',$,'Family Room',$,$,#399,#388,'Family Room',$,.INTERNAL.,$);
#380=IFCCARTESIANPOINT((0.,0.));
#381=IFCAXIS2PLACEMENT2D(#380,$);
#382=IFCRECTANGLEPROFILEDEF(.AREA.,$,#381,4.7117203200000004,3.4925203200000006);
#383=IFCCARTESIANPOINT((0.,0.,0.));
#384=IFCAXIS2PLACEMENT3D(#383,$,$);
#385=IFCDIRECTION((0.,0.,1.));
#386=IFCEXTRUDEDAREASOLID(#382,#384,#385,2.8956);
#387=IFCSHAPEREPRESENTATION(#11,'Body','SweptSolid',(#386));
#388=IFCPRODUCTDEFINITIONSHAPE($,$,(#387));
#394=IFCRELAGGREGATES('1Wkia0z4zFD8tq9xhISIpf',$,$,$,#14,(#4685,#4933,#4478,#5647,#3904,#2973,#4830,#1345,#4582,#2148,#1084,#379));
#395=IFCCARTESIANPOINT((1.2318949200000002,-1.8161050800000003,0.));
#396=IFCDIRECTION((0.,0.,1.));
#397=IFCDIRECTION((1.,0.,0.));
#398=IFCAXIS2PLACEMENT3D(#395,#396,#397);
#399=IFCLOCALPLACEMENT($,#398);
#400=IFCOPENINGELEMENT('3mITLFJan5CP4su68E0Oju',$,'Opening - Family -> Ext Laundry',$,$,#420,#409,$,$);
#401=IFCCARTESIANPOINT((0.,0.));
#402=IFCAXIS2PLACEMENT2D(#401,$);
#403=IFCRECTANGLEPROFILEDEF(.AREA.,$,#402,0.23968984000000002,0.9144000000000001);
#404=IFCCARTESIANPOINT((0.,0.,0.));
#405=IFCAXIS2PLACEMENT3D(#404,$,$);
#406=IFCDIRECTION((0.,0.,1.));
#407=IFCEXTRUDEDAREASOLID(#403,#405,#406,2.1335999999999999);
#408=IFCSHAPEREPRESENTATION(#11,'Body','SweptSolid',(#407));
#409=IFCPRODUCTDEFINITIONSHAPE($,$,(#408));
#415=IFCRELVOIDSELEMENT('3tQGZ1w1T0ofuxcXEGfTop',$,$,$,#219,#400);
#416=IFCCARTESIANPOINT((4.4408920985006262E-16,-2.5948538400000003,0.));
#417=IFCDIRECTION((0.,0.,1.));
#418=IFCDIRECTION((1.,0.,0.));
#419=IFCAXIS2PLACEMENT3D(#416,#417,#418);
#420=IFCLOCALPLACEMENT(#238,#419);
#421=IFCDOOR('3neU0MUoj7eepMo1tJSIIq',$,'Family -> Ext Laundry',$,$,#441,#430,$,2.1335999999999999,0.9144000000000001,$,$,$);
#422=IFCCARTESIANPOINT((0.,0.));
#423=IFCAXIS2PLACEMENT2D(#422,$);
#424=IFCRECTANGLEPROFILEDEF(.AREA.,$,#423,0.050000000000000003,0.9144000000000001);
#425=IFCCARTESIANPOINT((0.,0.,0.));
#426=IFCAXIS2PLACEMENT3D(#425,$,$);
#427=IFCDIRECTION((0.,0.,1.));
#428=IFCEXTRUDEDAREASOLID(#424,#426,#427,2.1335999999999999);
#429=IFCSHAPEREPRESENTATION(#11,'Body','SweptSolid',(#428));
#430=IFCPRODUCTDEFINITIONSHAPE($,$,(#429));
#436=IFCRELFILLSELEMENT('3O3fhqD8fAjOXm88i9$5ln',$,$,$,#400,#421);
#437=IFCCARTESIANPOINT((0.,0.,0.));
#438=IFCDIRECTION((0.,0.,1.));
#439=IFCDIRECTION((1.,0.,0.));
#440=IFCAXIS2PLACEMENT3D(#437,#438,#439);
#441=IFCLOCALPLACEMENT(#420,#440);
#442=IFCOPENINGELEMENT('0MY$JeuM56qhgWTdThfS4d',$,'Opening - Family -> Scullery',$,$,#462,#451,$,$);
#443=IFCCARTESIANPOINT((0.,0.));
#444=IFCAXIS2PLACEMENT2D(#443,$);
#445=IFCRECTANGLEPROFILEDEF(.AREA.,$,#444,0.9144000000000001,0.23968984000000002);
#446=IFCCARTESIANPOINT((0.,0.,0.));
#447=IFCAXIS2PLACEMENT3D(#446,$,$);
#448=IFCDIRECTION((0.,0.,1.));
#449=IFCEXTRUDEDAREASOLID(#445,#447,#448,2.1335999999999999);
#450=IFCSHAPEREPRESENTATION(#11,'Body','SweptSolid',(#449));
#451=IFCPRODUCTDEFINITIONSHAPE($,$,(#450));
#457=IFCRELVOIDSELEMENT('3RarHy7ODDvP3iBtR$FLFR',$,$,$,#18,#442);
#458=IFCCARTESIANPOINT((0.64667892000000027,-1.0160000000425384E-05,0.));
#459=IFCDIRECTION((0.,0.,1.));
#460=IFCDIRECTION((1.,0.,0.));
#461=IFCAXIS2PLACEMENT3D(#458,#459,#460);
#462=IFCLOCALPLACEMENT(#38,#461);
#463=IFCDOOR('27m0S0oRrDavzNmwwBLF2Z',$,'Family -> Scullery',$,$,#483,#472,$,2.1335999999999999,0.9144000000000001,$,$,$);
#464=IFCCARTESIANPOINT((0.,0.));
#465=IFCAXIS2PLACEMENT2D(#464,$);
#466=IFCRECTANGLEPROFILEDEF(.AREA.,$,#465,0.9144000000000001,0.050000000000000003);
#467=IFCCARTESIANPOINT((0.,0.,0.));
#468=IFCAXIS2PLACEMENT3D(#467,$,$);
#469=IFCDIRECTION((0.,0.,1.));
#470=IFCEXTRUDEDAREASOLID(#466,#468,#469,2.1335999999999999);
#471=IFCSHAPEREPRESENTATION(#11,'Body','SweptSolid',(#470));
#472=IFCPRODUCTDEFINITIONSHAPE($,$,(#471));
#478=IFCRELFILLSELEMENT('3pLJFL3A931PcJSFwRTRHR',$,$,$,#442,#463);
#479=IFCCARTESIANPOINT((0.,0.,0.));
#480=IFCDIRECTION((0.,0.,1.));
#481=IFCDIRECTION((1.,0.,0.));
#482=IFCAXIS2PLACEMENT3D(#479,#480,#481);
#483=IFCLOCALPLACEMENT(#462,#482);
#484=IFCOPENINGELEMENT('3fen$8sEv6VPFHK2k1$k2p',$,'Opening - Family <-> Sitting (opening)',$,$,#504,#493,$,$);
#485=IFCCARTESIANPOINT((0.,0.));
#486=IFCAXIS2PLACEMENT2D(#485,$);
#487=IFCRECTANGLEPROFILEDEF(.AREA.,$,#486,2.1335999999999999,0.23968984000000002);
#488=IFCCARTESIANPOINT((0.,0.,0.));
#489=IFCAXIS2PLACEMENT3D(#488,$,$);
#490=IFCDIRECTION((0.,0.,1.));
#491=IFCEXTRUDEDAREASOLID(#487,#489,#490,2.1335999999999999);
#492=IFCSHAPEREPRESENTATION(#11,'Body','SweptSolid',(#491));
#493=IFCPRODUCTDEFINITIONSHAPE($,$,(#492));
#499=IFCRELVOIDSELEMENT('04u7IXz3b79fF6AxILGWme',$,$,$,#39,#484);
#500=IFCCARTESIANPOINT((-0.00050292000000018433,0.,0.));
#501=IFCDIRECTION((0.,0.,1.));
#502=IFCDIRECTION((1.,0.,0.));
#503=IFCAXIS2PLACEMENT3D(#500,#501,#502);
#504=IFCLOCALPLACEMENT(#58,#503);
#505=IFCOPENINGELEMENT('28uRst8xL8BuVH2$8xU7d4',$,'Opening - Family -> Patio',$,$,#525,#514,$,$);
#506=IFCCARTESIANPOINT((0.,0.));
#507=IFCAXIS2PLACEMENT2D(#506,$);
#508=IFCRECTANGLEPROFILEDEF(.AREA.,$,#507,2.0330159999999999,0.23968984000000002);
#509=IFCCARTESIANPOINT((0.,0.,0.));
#510=IFCAXIS2PLACEMENT3D(#509,$,$);
#511=IFCDIRECTION((0.,0.,1.));
#512=IFCEXTRUDEDAREASOLID(#508,#510,#511,2.1335999999999999);
#513=IFCSHAPEREPRESENTATION(#11,'Body','SweptSolid',(#512));
#514=IFCPRODUCTDEFINITIONSHAPE($,$,(#513));
#520=IFCRELVOIDSELEMENT('26AuucDXLE4BvZ$gmS0XtW',$,$,$,#18,#505);
#521=IFCCARTESIANPOINT((2.7315109200000003,-1.0160000000425384E-05,0.));
#522=IFCDIRECTION((0.,0.,1.));
#523=IFCDIRECTION((1.,0.,0.));
#524=IFCAXIS2PLACEMENT3D(#521,#522,#523);
#525=IFCLOCALPLACEMENT(#38,#524);
#526=IFCDOOR('3Sw87D4j15_Oa0pCKxo1CN',$,'Family -> Patio',$,$,#546,#535,$,2.1335999999999999,2.0330159999999999,$,$,$);
#527=IFCCARTESIANPOINT((0.,0.));
#528=IFCAXIS2PLACEMENT2D(#527,$);
#529=IFCRECTANGLEPROFILEDEF(.AREA.,$,#528,2.0330159999999999,0.050000000000000003);
#530=IFCCARTESIANPOINT((0.,0.,0.));
#531=IFCAXIS2PLACEMENT3D(#530,$,$);
#532=IFCDIRECTION((0.,0.,1.));
#533=IFCEXTRUDEDAREASOLID(#529,#531,#532,2.1335999999999999);
#534=IFCSHAPEREPRESENTATION(#11,'Body','SweptSolid',(#533));
#535=IFCPRODUCTDEFINITIONSHAPE($,$,(#534));
#541=IFCRELFILLSELEMENT('0LEtLtR256bgK3p2wJAVis',$,$,$,#505,#526);
#542=IFCCARTESIANPOINT((0.,0.,0.));
#543=IFCDIRECTION((0.,0.,1.));
#544=IFCDIRECTION((1.,0.,0.));
#545=IFCAXIS2PLACEMENT3D(#542,#543,#544);
#546=IFCLOCALPLACEMENT(#525,#545);
#547=IFCCARTESIANPOINT((0.,0.));
#548=IFCAXIS2PLACEMENT2D(#547,$);
#549=IFCRECTANGLEPROFILEDEF(.AREA.,$,#548,4.8514101600000004,3.6322101600000005);
#550=IFCCARTESIANPOINT((1.2318949200000002,-1.8161050800000003,0.));
#551=IFCAXIS2PLACEMENT3D(#550,$,$);
#552=IFCDIRECTION((0.,0.,1.));
#553=IFCEXTRUDEDAREASOLID(#549,#551,#552,0.0076200000000000009);
#554=IFCSURFACESTYLE($,.BOTH.,(#555));
#555=IFCSURFACESTYLESHADING(#556,0.);
#556=IFCCOLOURRGB($,0.16500000000000001,0.108,0.053999999999999999);
#557=IFCSTYLEDITEM(#553,(#554),$);
#558=IFCCARTESIANPOINT((0.,0.));
#559=IFCAXIS2PLACEMENT2D(#558,$);
#560=IFCRECTANGLEPROFILEDEF(.AREA.,$,#559,0.77085771709346518,0.12335256000000028);
#561=IFCCARTESIANPOINT((-0.80838130145326759,-3.5705338800000006,0.0076200000000000009));
#562=IFCAXIS2PLACEMENT3D(#561,$,$);
#563=IFCDIRECTION((0.,0.,1.));
#564=IFCEXTRUDEDAREASOLID(#560,#562,#563,0.015240000000000002);
#565=IFCSURFACESTYLE($,.BOTH.,(#566));
#566=IFCSURFACESTYLESHADING(#567,0.);
#567=IFCCOLOURRGB($,0.47300000000000003,0.30959999999999999,0.15479999999999999);
#568=IFCSTYLEDITEM(#564,(#565),$);
#569=IFCCARTESIANPOINT((0.,0.));
#570=IFCAXIS2PLACEMENT2D(#569,$);
#571=IFCRECTANGLEPROFILEDEF(.AREA.,$,#570,3.038856,0.12335256000000028);
#572=IFCCARTESIANPOINT((1.105619557093465,-3.5705338800000006,0.0076200000000000009));
#573=IFCAXIS2PLACEMENT3D(#572,$,$);
#574=IFCDIRECTION((0.,0.,1.));
#575=IFCEXTRUDEDAREASOLID(#571,#573,#574,0.015240000000000002);
#576=IFCSURFACESTYLE($,.BOTH.,(#577));
#577=IFCSURFACESTYLESHADING(#578,0.);
#578=IFCCOLOURRGB($,0.57750000000000012,0.378,0.189);
#579=IFCSTYLEDITEM(#575,(#576),$);
#580=IFCCARTESIANPOINT((0.,0.));
#581=IFCAXIS2PLACEMENT2D(#580,$);
#582=IFCRECTANGLEPROFILEDEF(.AREA.,$,#581,1.0234084429065353,0.12335256000000028);
#583=IFCCARTESIANPOINT((3.1458957785467327,-3.5705338800000006,0.0076200000000000009));
#584=IFCAXIS2PLACEMENT3D(#583,$,$);
#585=IFCDIRECTION((0.,0.,1.));
#586=IFCEXTRUDEDAREASOLID(#582,#584,#585,0.015240000000000002);
#587=IFCSURFACESTYLE($,.BOTH.,(#588));
#588=IFCSURFACESTYLESHADING(#589,0.);
#589=IFCCOLOURRGB($,0.45100000000000001,0.29519999999999996,0.14759999999999998);
#590=IFCSTYLEDITEM(#586,(#587),$);
#591=IFCCARTESIANPOINT((0.,0.));
#592=IFCAXIS2PLACEMENT2D(#591,$);
#593=IFCRECTANGLEPROFILEDEF(.AREA.,$,#592,2.9545231576505824,0.14874240000000016);
#594=IFCCARTESIANPOINT((0.28345141882529112,-3.4308288000000005,0.0076200000000000009));
#595=IFCAXIS2PLACEMENT3D(#594,$,$);
#596=IFCDIRECTION((0.,0.,1.));
#597=IFCEXTRUDEDAREASOLID(#593,#595,#596,0.015240000000000002);
#598=IFCSTYLEDITEM(#597,(#565),$);
#599=IFCCARTESIANPOINT((0.,0.));
#600=IFCAXIS2PLACEMENT2D(#599,$);
#601=IFCRECTANGLEPROFILEDEF(.AREA.,$,#600,1.8877430023494179,0.14874240000000016);
#602=IFCCARTESIANPOINT((2.7137284988252914,-3.4308288000000005,0.0076200000000000009));
#603=IFCAXIS2PLACEMENT3D(#602,$,$);
#604=IFCDIRECTION((0.,0.,1.));
#605=IFCEXTRUDEDAREASOLID(#601,#603,#604,0.015240000000000002);
#606=IFCSURFACESTYLE($,.BOTH.,(#607));
#607=IFCSURFACESTYLESHADING(#608,0.);
#608=IFCCOLOURRGB($,0.53349999999999997,0.34919999999999995,0.17459999999999998);
#609=IFCSTYLEDITEM(#605,(#606),$);
#610=IFCCARTESIANPOINT((0.,0.));
#611=IFCAXIS2PLACEMENT2D(#610,$);
#612=IFCRECTANGLEPROFILEDEF(.AREA.,$,#611,2.2183148009111679,0.14874240000000016);
#613=IFCCARTESIANPOINT((-0.084652759544416312,-3.2784288000000004,0.0076200000000000009));
#614=IFCAXIS2PLACEMENT3D(#613,$,$);
#615=IFCDIRECTION((0.,0.,1.));
#616=IFCEXTRUDEDAREASOLID(#612,#614,#615,0.015240000000000002);
#617=IFCSTYLEDITEM(#616,(#606),$);
#618=IFCCARTESIANPOINT((0.,0.));
#619=IFCAXIS2PLACEMENT2D(#618,$);
#620=IFCRECTANGLEPROFILEDEF(.AREA.,$,#619,2.6239513590888328,0.14874240000000016);
#621=IFCCARTESIANPOINT((2.3456243204555838,-3.2784288000000004,0.0076200000000000009));
#622=IFCAXIS2PLACEMENT3D(#621,$,$);
#623=IFCDIRECTION((0.,0.,1.));
#624=IFCEXTRUDEDAREASOLID(#620,#622,#623,0.015240000000000002);
#625=IFCSURFACESTYLE($,.BOTH.,(#626));
#626=IFCSURFACESTYLESHADING(#627,0.);
#627=IFCCOLOURRGB($,0.55000000000000004,0.35999999999999999,0.17999999999999999);
#628=IFCSTYLEDITEM(#624,(#625),$);
#629=IFCCARTESIANPOINT((0.,0.));
#630=IFCAXIS2PLACEMENT2D(#629,$);
#631=IFCRECTANGLEPROFILEDEF(.AREA.,$,#630,2.5378849321480148,0.14874240000000016);
#632=IFCCARTESIANPOINT((0.075132306074007338,-3.1260288000000003,0.0076200000000000009));
#633=IFCAXIS2PLACEMENT3D(#632,$,$);
#634=IFCDIRECTION((0.,0.,1.));
#635=IFCEXTRUDEDAREASOLID(#631,#633,#634,0.015240000000000002);
#636=IFCSTYLEDITEM(#635,(#625),$);
#637=IFCCARTESIANPOINT((0.,0.));
#638=IFCAXIS2PLACEMENT2D(#637,$);
#639=IFCRECTANGLEPROFILEDEF(.AREA.,$,#638,2.3043812278519855,0.14874240000000016);
#640=IFCCARTESIANPOINT((2.5054093860740076,-3.1260288000000003,0.0076200000000000009));
#641=IFCAXIS2PLACEMENT3D(#640,$,$);
#642=IFCDIRECTION((0.,0.,1.));
#643=IFCEXTRUDEDAREASOLID(#639,#641,#642,0.015240000000000002);
#644=IFCSTYLEDITEM(#643,(#565),$);
#645=IFCCARTESIANPOINT((0.,0.));
#646=IFCAXIS2PLACEMENT2D(#645,$);
#647=IFCRECTANGLEPROFILEDEF(.AREA.,$,#646,1.9150361070169379,0.14874240000000016);
#648=IFCCARTESIANPOINT((-0.23629210649153121,-2.9736288000000002,0.0076200000000000009));
#649=IFCAXIS2PLACEMENT3D(#648,$,$);
#650=IFCDIRECTION((0.,0.,1.));
#651=IFCEXTRUDEDAREASOLID(#647,#649,#650,0.015240000000000002);
#652=IFCSTYLEDITEM(#651,(#565),$);
#653=IFCCARTESIANPOINT((0.,0.));
#654=IFCAXIS2PLACEMENT2D(#653,$);
#655=IFCRECTANGLEPROFILEDEF(.AREA.,$,#654,2.9272300529830626,0.14874240000000016);
#656=IFCCARTESIANPOINT((2.1939849735084689,-2.9736288000000002,0.0076200000000000009));
#657=IFCAXIS2PLACEMENT3D(#656,$,$);
#658=IFCDIRECTION((0.,0.,1.));
#659=IFCEXTRUDEDAREASOLID(#655,#657,#658,0.015240000000000002);
#660=IFCSTYLEDITEM(#659,(#576),$);
#661=IFCCARTESIANPOINT((0.,0.));
#662=IFCAXIS2PLACEMENT2D(#661,$);
#663=IFCRECTANGLEPROFILEDEF(.AREA.,$,#662,0.20124844997810531,0.14874239999999972);
#664=IFCCARTESIANPOINT((-1.0931859350109474,-2.8212288000000001,0.0076200000000000009));
#665=IFCAXIS2PLACEMENT3D(#664,$,$);
#666=IFCDIRECTION((0.,0.,1.));
#667=IFCEXTRUDEDAREASOLID(#663,#665,#666,0.015240000000000002);
#668=IFCSTYLEDITEM(#667,(#625),$);
#669=IFCCARTESIANPOINT((0.,0.));
#670=IFCAXIS2PLACEMENT2D(#669,$);
#671=IFCRECTANGLEPROFILEDEF(.AREA.,$,#670,3.038856,0.14874239999999972);
#672=IFCCARTESIANPOINT((0.53601028997810518,-2.8212288000000001,0.0076200000000000009));
#673=IFCAXIS2PLACEMENT3D(#672,$,$);
#674=IFCDIRECTION((0.,0.,1.));
#675=IFCEXTRUDEDAREASOLID(#671,#673,#674,0.015240000000000002);
#676=IFCSURFACESTYLE($,.BOTH.,(#677));
#677=IFCSURFACESTYLESHADING(#678,0.);
#678=IFCCOLOURRGB($,0.49500000000000005,0.32400000000000001,0.16200000000000001);
#679=IFCSTYLEDITEM(#675,(#676),$);
#680=IFCCARTESIANPOINT((0.,0.));
#681=IFCAXIS2PLACEMENT2D(#680,$);
#682=IFCRECTANGLEPROFILEDEF(.AREA.,$,#681,1.5930177100218952,0.14874239999999972);
#683=IFCCARTESIANPOINT((2.8610911449890528,-2.8212288000000001,0.0076200000000000009));
#684=IFCAXIS2PLACEMENT3D(#683,$,$);
#685=IFCDIRECTION((0.,0.,1.));
#686=IFCEXTRUDEDAREASOLID(#682,#684,#685,0.015240000000000002);
#687=IFCSTYLEDITEM(#686,(#625),$);
#688=IFCCARTESIANPOINT((0.,0.));
#689=IFCAXIS2PLACEMENT2D(#688,$);
#690=IFCRECTANGLEPROFILEDEF(.AREA.,$,#689,2.2691864667189434,0.14874240000000016);
#691=IFCCARTESIANPOINT((-0.059216926640528467,-2.6688288000000004,0.0076200000000000009));
#692=IFCAXIS2PLACEMENT3D(#691,$,$);
#693=IFCDIRECTION((0.,0.,1.));
#694=IFCEXTRUDEDAREASOLID(#690,#692,#693,0.015240000000000002);
#695=IFCSTYLEDITEM(#694,(#676),$);
#696=IFCCARTESIANPOINT((0.,0.));
#697=IFCAXIS2PLACEMENT2D(#696,$);
#698=IFCRECTANGLEPROFILEDEF(.AREA.,$,#697,2.5730796932810573,0.14874240000000016);
#699=IFCCARTESIANPOINT((2.3710601533594717,-2.6688288000000004,0.0076200000000000009));
#700=IFCAXIS2PLACEMENT3D(#699,$,$);
#701=IFCDIRECTION((0.,0.,1.));
#702=IFCEXTRUDEDAREASOLID(#698,#700,#701,0.015240000000000002);
#703=IFCSTYLEDITEM(#702,(#587),$);
#704=IFCCARTESIANPOINT((0.,0.));
#705=IFCAXIS2PLACEMENT2D(#704,$);
#706=IFCRECTANGLEPROFILEDEF(.AREA.,$,#705,2.909237928490132,0.14874240000000016);
#707=IFCCARTESIANPOINT((0.26080880424506592,-2.5164288000000004,0.0076200000000000009));
#708=IFCAXIS2PLACEMENT3D(#707,$,$);
#709=IFCDIRECTION((0.,0.,1.));
#710=IFCEXTRUDEDAREASOLID(#706,#708,#709,0.015240000000000002);
#711=IFCSTYLEDITEM(#710,(#565),$);
#712=IFCCARTESIANPOINT((0.,0.));
#713=IFCAXIS2PLACEMENT2D(#712,$);
#714=IFCRECTANGLEPROFILEDEF(.AREA.,$,#713,1.9330282315098684,0.14874240000000016);
#715=IFCCARTESIANPOINT((2.6910858842450662,-2.5164288000000004,0.0076200000000000009));
#716=IFCAXIS2PLACEMENT3D(#715,$,$);
#717=IFCDIRECTION((0.,0.,1.));
#718=IFCEXTRUDEDAREASOLID(#714,#716,#717,0.015240000000000002);
#719=IFCSTYLEDITEM(#718,(#625),$);
#720=IFCCARTESIANPOINT((0.,0.));
#721=IFCAXIS2PLACEMENT2D(#720,$);
#722=IFCRECTANGLEPROFILEDEF(.AREA.,$,#721,1.4075395254922689,0.14874240000000016);
#723=IFCCARTESIANPOINT((-0.49004039725386572,-2.3640288000000003,0.0076200000000000009));
#724=IFCAXIS2PLACEMENT3D(#723,$,$);
#725=IFCDIRECTION((0.,0.,1.));
#726=IFCEXTRUDEDAREASOLID(#722,#724,#725,0.015240000000000002);
#727=IFCSURFACESTYLE($,.BOTH.,(#728));
#728=IFCSURFACESTYLESHADING(#729,0.);
#729=IFCCOLOURRGB($,0.6160000000000001,0.4032,0.2016);
#730=IFCSTYLEDITEM(#726,(#727),$);
#731=IFCCARTESIANPOINT((0.,0.));
#732=IFCAXIS2PLACEMENT2D(#731,$);
#733=IFCRECTANGLEPROFILEDEF(.AREA.,$,#732,3.038856,0.14874240000000016);
#734=IFCCARTESIANPOINT((1.7423013654922688,-2.3640288000000003,0.0076200000000000009));
#735=IFCAXIS2PLACEMENT3D(#734,$,$);
#736=IFCDIRECTION((0.,0.,1.));
#737=IFCEXTRUDEDAREASOLID(#733,#735,#736,0.015240000000000002);
#738=IFCSTYLEDITEM(#737,(#587),$);
#739=IFCCARTESIANPOINT((0.,0.));
#740=IFCAXIS2PLACEMENT2D(#739,$);
#741=IFCRECTANGLEPROFILEDEF(.AREA.,$,#740,0.38672663450773159,0.14874240000000016);
#742=IFCCARTESIANPOINT((3.4642366827461348,-2.3640288000000003,0.0076200000000000009));
#743=IFCAXIS2PLACEMENT3D(#742,$,$);
#744=IFCDIRECTION((0.,0.,1.));
#745=IFCEXTRUDEDAREASOLID(#741,#743,#744,0.015240000000000002);
#746=IFCSTYLEDITEM(#745,(#625),$);
#747=IFCCARTESIANPOINT((0.,0.));
#748=IFCAXIS2PLACEMENT2D(#747,$);
#749=IFCRECTANGLEPROFILEDEF(.AREA.,$,#748,2.8860097557350741,0.14874240000000016);
#750=IFCCARTESIANPOINT((0.24919471786753689,-2.2116288000000002,0.0076200000000000009));
#751=IFCAXIS2PLACEMENT3D(#750,$,$);
#752=IFCDIRECTION((0.,0.,1.));
#753=IFCEXTRUDEDAREASOLID(#749,#751,#752,0.015240000000000002);
#754=IFCSTYLEDITEM(#753,(#587),$);
#755=IFCCARTESIANPOINT((0.,0.));
#756=IFCAXIS2PLACEMENT2D(#755,$);
#757=IFCRECTANGLEPROFILEDEF(.AREA.,$,#756,1.9562564042649264,0.14874240000000016);
#758=IFCCARTESIANPOINT((2.6794717978675373,-2.2116288000000002,0.0076200000000000009));
#759=IFCAXIS2PLACEMENT3D(#758,$,$);
#760=IFCDIRECTION((0.,0.,1.));
#761=IFCEXTRUDEDAREASOLID(#757,#759,#760,0.015240000000000002);
#762=IFCSTYLEDITEM(#761,(#587),$);
#763=IFCCARTESIANPOINT((0.,0.));
#764=IFCAXIS2PLACEMENT2D(#763,$);
#765=IFCRECTANGLEPROFILEDEF(.AREA.,$,#764,1.7454213713303102,0.14874239999999994);
#766=IFCCARTESIANPOINT((-0.32109947433484509,-2.0592288000000001,0.0076200000000000009));
#767=IFCAXIS2PLACEMENT3D(#766,$,$);
#768=IFCDIRECTION((0.,0.,1.));
#769=IFCEXTRUDEDAREASOLID(#765,#767,#768,0.015240000000000002);
#770=IFCSTYLEDITEM(#769,(#576),$);
#771=IFCCARTESIANPOINT((0.,0.));
#772=IFCAXIS2PLACEMENT2D(#771,$);
#773=IFCRECTANGLEPROFILEDEF(.AREA.,$,#772,3.038856,0.14874239999999994);
#774=IFCCARTESIANPOINT((2.08018321133031,-2.0592288000000001,0.0076200000000000009));
#775=IFCAXIS2PLACEMENT3D(#774,$,$);
#776=IFCDIRECTION((0.,0.,1.));
#777=IFCEXTRUDEDAREASOLID(#773,#775,#776,0.015240000000000002);
#778=IFCSTYLEDITEM(#777,(#565),$);
#779=IFCCARTESIANPOINT((0.,0.));
#780=IFCAXIS2PLACEMENT2D(#779,$);
#781=IFCRECTANGLEPROFILEDEF(.AREA.,$,#780,1.1993825047590139,0.14874239999999994);
#782=IFCCARTESIANPOINT((-0.59411890762049324,-1.9068288000000002,0.0076200000000000009));
#783=IFCAXIS2PLACEMENT3D(#782,$,$);
#784=IFCDIRECTION((0.,0.,1.));
#785=IFCEXTRUDEDAREASOLID(#781,#783,#784,0.015240000000000002);
#786=IFCSTYLEDITEM(#785,(#565),$);
#787=IFCCARTESIANPOINT((0.,0.));
#788=IFCAXIS2PLACEMENT2D(#787,$);
#789=IFCRECTANGLEPROFILEDEF(.AREA.,$,#788,3.038856,0.14874239999999994);
#790=IFCCARTESIANPOINT((1.5341443447590137,-1.9068288000000002,0.0076200000000000009));
#791=IFCAXIS2PLACEMENT3D(#790,$,$);
#792=IFCDIRECTION((0.,0.,1.));
#793=IFCEXTRUDEDAREASOLID(#789,#791,#792,0.015240000000000002);
#794=IFCSTYLEDITEM(#793,(#565),$);
#795=IFCCARTESIANPOINT((0.,0.));
#796=IFCAXIS2PLACEMENT2D(#795,$);
#797=IFCRECTANGLEPROFILEDEF(.AREA.,$,#796,0.59488365524098663,0.14874239999999994);
#798=IFCCARTESIANPOINT((3.3601581723795073,-1.9068288000000002,0.0076200000000000009));
#799=IFCAXIS2PLACEMENT3D(#798,$,$);
#800=IFCDIRECTION((0.,0.,1.));
#801=IFCEXTRUDEDAREASOLID(#797,#799,#800,0.015240000000000002);
#802=IFCSTYLEDITEM(#801,(#625),$);
#803=IFCCARTESIANPOINT((0.,0.));
#804=IFCAXIS2PLACEMENT2D(#803,$);
#805=IFCRECTANGLEPROFILEDEF(.AREA.,$,#804,0.6389408324144672,0.14874240000000016);
#806=IFCCARTESIANPOINT((-0.87433974379276658,-1.7544288000000001,0.0076200000000000009));
#807=IFCAXIS2PLACEMENT3D(#806,$,$);
#808=IFCDIRECTION((0.,0.,1.));
#809=IFCEXTRUDEDAREASOLID(#805,#807,#808,0.015240000000000002);
#810=IFCSTYLEDITEM(#809,(#565),$);
#811=IFCCARTESIANPOINT((0.,0.));
#812=IFCAXIS2PLACEMENT2D(#811,$);
#813=IFCRECTANGLEPROFILEDEF(.AREA.,$,#812,3.038856,0.14874240000000016);
#814=IFCCARTESIANPOINT((0.97370267241446706,-1.7544288000000001,0.0076200000000000009));
#815=IFCAXIS2PLACEMENT3D(#814,$,$);
#816=IFCDIRECTION((0.,0.,1.));
#817=IFCEXTRUDEDAREASOLID(#813,#815,#816,0.015240000000000002);
#818=IFCSTYLEDITEM(#817,(#727),$);
#819=IFCCARTESIANPOINT((0.,0.));
#820=IFCAXIS2PLACEMENT2D(#819,$);
#821=IFCRECTANGLEPROFILEDEF(.AREA.,$,#820,1.1553253275855333,0.14874240000000016);
#822=IFCCARTESIANPOINT((3.0799373362072338,-1.7544288000000001,0.0076200000000000009));
#823=IFCAXIS2PLACEMENT3D(#822,$,$);
#824=IFCDIRECTION((0.,0.,1.));
#825=IFCEXTRUDEDAREASOLID(#821,#823,#824,0.015240000000000002);
#826=IFCSTYLEDITEM(#825,(#606),$);
#827=IFCCARTESIANPOINT((0.,0.));
#828=IFCAXIS2PLACEMENT2D(#827,$);
#829=IFCRECTANGLEPROFILEDEF(.AREA.,$,#828,1.7296803519688904,0.14874240000000016);
#830=IFCCARTESIANPOINT((-0.32896998401555499,-1.6020288,0.0076200000000000009));
#831=IFCAXIS2PLACEMENT3D(#830,$,$);
#832=IFCDIRECTION((0.,0.,1.));
#833=IFCEXTRUDEDAREASOLID(#829,#831,#832,0.015240000000000002);
#834=IFCSTYLEDITEM(#833,(#587),$);
#835=IFCCARTESIANPOINT((0.,0.));
#836=IFCAXIS2PLACEMENT2D(#835,$);
#837=IFCRECTANGLEPROFILEDEF(.AREA.,$,#836,3.038856,0.14874240000000016);
#838=IFCCARTESIANPOINT((2.0644421919688902,-1.6020288,0.0076200000000000009));
#839=IFCAXIS2PLACEMENT3D(#838,$,$);
#840=IFCDIRECTION((0.,0.,1.));
#841=IFCEXTRUDEDAREASOLID(#837,#839,#840,0.015240000000000002);
#842=IFCSTYLEDITEM(#841,(#606),$);
#843=IFCCARTESIANPOINT((0.,0.));
#844=IFCAXIS2PLACEMENT2D(#843,$);
#845=IFCRECTANGLEPROFILEDEF(.AREA.,$,#844,0.064585808031110137,0.14874240000000016);
#846=IFCCARTESIANPOINT((3.6253070959844456,-1.6020288,0.0076200000000000009));
#847=IFCAXIS2PLACEMENT3D(#846,$,$);
#848=IFCDIRECTION((0.,0.,1.));
#849=IFCEXTRUDEDAREASOLID(#845,#847,#848,0.015240000000000002);
#850=IFCSTYLEDITEM(#849,(#606),$);
#851=IFCCARTESIANPOINT((0.,0.));
#852=IFCAXIS2PLACEMENT2D(#851,$);
#853=IFCRECTANGLEPROFILEDEF(.AREA.,$,#852,1.2714965078439924,0.14874239999999994);
#854=IFCCARTESIANPOINT((-0.55806190607800399,-1.4496287999999999,0.0076200000000000009));
#855=IFCAXIS2PLACEMENT3D(#854,$,$);
#856=IFCDIRECTION((0.,0.,1.));
#857=IFCEXTRUDEDAREASOLID(#853,#855,#856,0.015240000000000002);
#858=IFCSTYLEDITEM(#857,(#587),$);
#859=IFCCARTESIANPOINT((0.,0.));
#860=IFCAXIS2PLACEMENT2D(#859,$);
#861=IFCRECTANGLEPROFILEDEF(.AREA.,$,#860,3.038856,0.14874239999999994);
#862=IFCCARTESIANPOINT((1.6062583478439922,-1.4496287999999999,0.0076200000000000009));
#863=IFCAXIS2PLACEMENT3D(#862,$,$);
#864=IFCDIRECTION((0.,0.,1.));
#865=IFCEXTRUDEDAREASOLID(#861,#863,#864,0.015240000000000002);
#866=IFCSTYLEDITEM(#865,(#676),$);
#867=IFCCARTESIANPOINT((0.,0.));
#868=IFCAXIS2PLACEMENT2D(#867,$);
#869=IFCRECTANGLEPROFILEDEF(.AREA.,$,#868,0.52276965215600812,0.14874239999999994);
#870=IFCCARTESIANPOINT((3.3962151739219966,-1.4496287999999999,0.0076200000000000009));
#871=IFCAXIS2PLACEMENT3D(#870,$,$);
#872=IFCDIRECTION((0.,0.,1.));
#873=IFCEXTRUDEDAREASOLID(#869,#871,#872,0.015240000000000002);
#874=IFCSTYLEDITEM(#873,(#676),$);
#875=IFCCARTESIANPOINT((0.,0.));
#876=IFCAXIS2PLACEMENT2D(#875,$);
#877=IFCRECTANGLEPROFILEDEF(.AREA.,$,#876,2.5878905298435488,0.14874240000000016);
#878=IFCCARTESIANPOINT((0.10013510492177424,-1.2972288000000001,0.0076200000000000009));
#879=IFCAXIS2PLACEMENT3D(#878,$,$);
#880=IFCDIRECTION((0.,0.,1.));
#881=IFCEXTRUDEDAREASOLID(#877,#879,#880,0.015240000000000002);
#882=IFCSTYLEDITEM(#881,(#676),$);
#883=IFCCARTESIANPOINT((0.,0.));
#884=IFCAXIS2PLACEMENT2D(#883,$);
#885=IFCRECTANGLEPROFILEDEF(.AREA.,$,#884,2.2543756301564519,0.14874240000000016);
#886=IFCCARTESIANPOINT((2.5304121849217744,-1.2972288000000001,0.0076200000000000009));
#887=IFCAXIS2PLACEMENT3D(#886,$,$);
#888=IFCDIRECTION((0.,0.,1.));
#889=IFCEXTRUDEDAREASOLID(#885,#887,#888,0.015240000000000002);
#890=IFCSTYLEDITEM(#889,(#587),$);
#891=IFCCARTESIANPOINT((0.,0.));
#892=IFCAXIS2PLACEMENT2D(#891,$);
#893=IFCRECTANGLEPROFILEDEF(.AREA.,$,#892,0.18153593394540768,0.14874240000000016);
#894=IFCCARTESIANPOINT((-1.1030421930272962,-1.1448288,0.0076200000000000009));
#895=IFCAXIS2PLACEMENT3D(#894,$,$);
#896=IFCDIRECTION((0.,0.,1.));
#897=IFCEXTRUDEDAREASOLID(#893,#895,#896,0.015240000000000002);
#898=IFCSTYLEDITEM(#897,(#587),$);
#899=IFCCARTESIANPOINT((0.,0.));
#900=IFCAXIS2PLACEMENT2D(#899,$);
#901=IFCRECTANGLEPROFILEDEF(.AREA.,$,#900,3.038856,0.14874240000000016);
#902=IFCCARTESIANPOINT((0.51629777394540755,-1.1448288,0.0076200000000000009));
#903=IFCAXIS2PLACEMENT3D(#902,$,$);
#904=IFCDIRECTION((0.,0.,1.));
#905=IFCEXTRUDEDAREASOLID(#901,#903,#904,0.015240000000000002);
#906=IFCSTYLEDITEM(#905,(#727),$);
#907=IFCCARTESIANPOINT((0.,0.));
#908=IFCAXIS2PLACEMENT2D(#907,$);
#909=IFCRECTANGLEPROFILEDEF(.AREA.,$,#908,1.6127302260545928,0.14874240000000016);
#910=IFCCARTESIANPOINT((2.851234886972704,-1.1448288,0.0076200000000000009));
#911=IFCAXIS2PLACEMENT3D(#910,$,$);
#912=IFCDIRECTION((0.,0.,1.));
#913=IFCEXTRUDEDAREASOLID(#909,#911,#912,0.015240000000000002);
#914=IFCSTYLEDITEM(#913,(#676),$);
#915=IFCCARTESIANPOINT((0.,0.));
#916=IFCAXIS2PLACEMENT2D(#915,$);
#917=IFCRECTANGLEPROFILEDEF(.AREA.,$,#916,0.67997792331829188,0.14874239999999983);
#918=IFCCARTESIANPOINT((-0.85382119834085424,-0.9924288,0.0076200000000000009));
#919=IFCAXIS2PLACEMENT3D(#918,$,$);
#920=IFCDIRECTION((0.,0.,1.));
#921=IFCEXTRUDEDAREASOLID(#917,#919,#920,0.015240000000000002);
#922=IFCSTYLEDITEM(#921,(#565),$);
#923=IFCCARTESIANPOINT((0.,0.));
#924=IFCAXIS2PLACEMENT2D(#923,$);
#925=IFCRECTANGLEPROFILEDEF(.AREA.,$,#924,3.038856,0.14874239999999983);
#926=IFCCARTESIANPOINT((1.0147397633182917,-0.9924288,0.0076200000000000009));
#927=IFCAXIS2PLACEMENT3D(#926,$,$);
#928=IFCDIRECTION((0.,0.,1.));
#929=IFCEXTRUDEDAREASOLID(#925,#927,#928,0.015240000000000002);
#930=IFCSTYLEDITEM(#929,(#606),$);
#931=IFCCARTESIANPOINT((0.,0.));
#932=IFCAXIS2PLACEMENT2D(#931,$);
#933=IFCRECTANGLEPROFILEDEF(.AREA.,$,#932,1.1142882366817086,0.14874239999999983);
#934=IFCCARTESIANPOINT((3.1004558816591459,-0.9924288,0.0076200000000000009));
#935=IFCAXIS2PLACEMENT3D(#934,$,$);
#936=IFCDIRECTION((0.,0.,1.));
#937=IFCEXTRUDEDAREASOLID(#933,#935,#936,0.015240000000000002);
#938=IFCSTYLEDITEM(#937,(#576),$);
#939=IFCCARTESIANPOINT((0.,0.));
#940=IFCAXIS2PLACEMENT2D(#939,$);
#941=IFCRECTANGLEPROFILEDEF(.AREA.,$,#940,2.3243536759355115,0.14874240000000005);
#942=IFCCARTESIANPOINT((-0.031633322032244449,-0.84002880000000002,0.0076200000000000009));
#943=IFCAXIS2PLACEMENT3D(#942,$,$);
#944=IFCDIRECTION((0.,0.,1.));
#945=IFCEXTRUDEDAREASOLID(#941,#943,#944,0.015240000000000002);
#946=IFCSTYLEDITEM(#945,(#625),$);
#947=IFCCARTESIANPOINT((0.,0.));
#948=IFCAXIS2PLACEMENT2D(#947,$);
#949=IFCRECTANGLEPROFILEDEF(.AREA.,$,#948,2.5179124840644889,0.14874240000000005);
#950=IFCCARTESIANPOINT((2.398643757967756,-0.84002880000000002,0.0076200000000000009));
#951=IFCAXIS2PLACEMENT3D(#950,$,$);
#952=IFCDIRECTION((0.,0.,1.));
#953=IFCEXTRUDEDAREASOLID(#949,#951,#952,0.015240000000000002);
#954=IFCSTYLEDITEM(#953,(#676),$);
#955=IFCCARTESIANPOINT((0.,0.));
#956=IFCAXIS2PLACEMENT2D(#955,$);
#957=IFCRECTANGLEPROFILEDEF(.AREA.,$,#956,2.8504605945895083,0.14874239999999994);
#958=IFCCARTESIANPOINT((0.23142013729475408,-0.68762879999999993,0.0076200000000000009));
#959=IFCAXIS2PLACEMENT3D(#958,$,$);
#960=IFCDIRECTION((0.,0.,1.));
#961=IFCEXTRUDEDAREASOLID(#957,#959,#960,0.015240000000000002);
#962=IFCSTYLEDITEM(#961,(#587),$);
#963=IFCCARTESIANPOINT((0.,0.));
#964=IFCAXIS2PLACEMENT2D(#963,$);
#965=IFCRECTANGLEPROFILEDEF(.AREA.,$,#964,1.991805565410492,0.14874239999999994);
#966=IFCCARTESIANPOINT((2.6616972172947544,-0.68762879999999993,0.0076200000000000009));
#967=IFCAXIS2PLACEMENT3D(#966,$,$);
#968=IFCDIRECTION((0.,0.,1.));
#969=IFCEXTRUDEDAREASOLID(#965,#967,#968,0.015240000000000002);
#970=IFCSTYLEDITEM(#969,(#576),$);
#971=IFCCARTESIANPOINT((0.,0.));
#972=IFCAXIS2PLACEMENT2D(#971,$);
#973=IFCRECTANGLEPROFILEDEF(.AREA.,$,#972,3.038856,0.1487424);
#974=IFCCARTESIANPOINT((0.38028763869374238,-0.53522880000000006,0.0076200000000000009));
#975=IFCAXIS2PLACEMENT3D(#974,$,$);
#976=IFCDIRECTION((0.,0.,1.));
#977=IFCEXTRUDEDAREASOLID(#973,#975,#976,0.015240000000000002);
#978=IFCSTYLEDITEM(#977,(#606),$);
#979=IFCCARTESIANPOINT((0.,0.));
#980=IFCAXIS2PLACEMENT2D(#979,$);
#981=IFCRECTANGLEPROFILEDEF(.AREA.,$,#980,1.748740361306258,0.1487424);
#982=IFCCARTESIANPOINT((2.7832298193468716,-0.53522880000000006,0.0076200000000000009));
#983=IFCAXIS2PLACEMENT3D(#982,$,$);
#984=IFCDIRECTION((0.,0.,1.));
#985=IFCEXTRUDEDAREASOLID(#981,#983,#984,0.015240000000000002);
#986=IFCSTYLEDITEM(#985,(#576),$);
#987=IFCCARTESIANPOINT((0.,0.));
#988=IFCAXIS2PLACEMENT2D(#987,$);
#989=IFCRECTANGLEPROFILEDEF(.AREA.,$,#988,2.5312037100051885,0.14874240000000005);
#990=IFCCARTESIANPOINT((0.071791695002594191,-0.38282880000000002,0.0076200000000000009));
#991=IFCAXIS2PLACEMENT3D(#990,$,$);
#992=IFCDIRECTION((0.,0.,1.));
#993=IFCEXTRUDEDAREASOLID(#989,#991,#992,0.015240000000000002);
#994=IFCSTYLEDITEM(#993,(#587),$);
#995=IFCCARTESIANPOINT((0.,0.));
#996=IFCAXIS2PLACEMENT2D(#995,$);
#997=IFCRECTANGLEPROFILEDEF(.AREA.,$,#996,2.3110624499948118,0.14874240000000005);
#998=IFCCARTESIANPOINT((2.5020687750025945,-0.38282880000000002,0.0076200000000000009));
#999=IFCAXIS2PLACEMENT3D(#998,$,$);
#1000=IFCDIRECTION((0.,0.,1.));
#1001=IFCEXTRUDEDAREASOLID(#997,#999,#1000,0.015240000000000002);
#1002=IFCSTYLEDITEM(#1001,(#676),$);
#1003=IFCCARTESIANPOINT((0.,0.));
#1004=IFCAXIS2PLACEMENT2D(#1003,$);
#1005=IFCRECTANGLEPROFILEDEF(.AREA.,$,#1004,1.0102651798000799,0.1487424);
#1006=IFCCARTESIANPOINT((-0.68867757009996022,-0.23042880000000002,0.0076200000000000009));
#1007=IFCAXIS2PLACEMENT3D(#1006,$,$);
#1008=IFCDIRECTION((0.,0.,1.));
#1009=IFCEXTRUDEDAREASOLID(#1005,#1007,#1008,0.015240000000000002);
#1010=IFCSTYLEDITEM(#1009,(#606),$);
#1011=IFCCARTESIANPOINT((0.,0.));
#1012=IFCAXIS2PLACEMENT2D(#1011,$);
#1013=IFCRECTANGLEPROFILEDEF(.AREA.,$,#1012,3.038856,0.1487424);
#1014=IFCCARTESIANPOINT((1.3450270198000798,-0.23042880000000002,0.0076200000000000009));
#1015=IFCAXIS2PLACEMENT3D(#1014,$,$);
#1016=IFCDIRECTION((0.,0.,1.));
#1017=IFCEXTRUDEDAREASOLID(#1013,#1015,#1016,0.015240000000000002);
#1018=IFCSTYLEDITEM(#1017,(#625),$);
#1019=IFCCARTESIANPOINT((0.,0.));
#1020=IFCAXIS2PLACEMENT2D(#1019,$);
#1021=IFCRECTANGLEPROFILEDEF(.AREA.,$,#1020,0.78400098019992059,0.1487424);
#1022=IFCCARTESIANPOINT((3.2655995099000403,-0.23042880000000002,0.0076200000000000009));
#1023=IFCAXIS2PLACEMENT3D(#1022,$,$);
#1024=IFCDIRECTION((0.,0.,1.));
#1025=IFCEXTRUDEDAREASOLID(#1021,#1023,#1024,0.015240000000000002);
#1026=IFCSTYLEDITEM(#1025,(#587),$);
#1027=IFCCARTESIANPOINT((0.,0.));
#1028=IFCAXIS2PLACEMENT2D(#1027,$);
#1029=IFCRECTANGLEPROFILEDEF(.AREA.,$,#1028,1.4233538518410709,0.1487424);
#1030=IFCCARTESIANPOINT((-0.48213323407946473,-0.078028800000000009,0.0076200000000000009));
#1031=IFCAXIS2PLACEMENT3D(#1030,$,$);
#1032=IFCDIRECTION((0.,0.,1.));
#1033=IFCEXTRUDEDAREASOLID(#1029,#1031,#1032,0.015240000000000002);
#1034=IFCSTYLEDITEM(#1033,(#587),$);
#1035=IFCCARTESIANPOINT((0.,0.));
#1036=IFCAXIS2PLACEMENT2D(#1035,$);
#1037=IFCRECTANGLEPROFILEDEF(.AREA.,$,#1036,3.038856,0.1487424);
#1038=IFCCARTESIANPOINT((1.7581156918410707,-0.078028800000000009,0.0076200000000000009));
#1039=IFCAXIS2PLACEMENT3D(#1038,$,$);
#1040=IFCDIRECTION((0.,0.,1.));
#1041=IFCEXTRUDEDAREASOLID(#1037,#1039,#1040,0.015240000000000002);
#1042=IFCSTYLEDITEM(#1041,(#727),$);
#1043=IFCCARTESIANPOINT((0.,0.));
#1044=IFCAXIS2PLACEMENT2D(#1043,$);
#1045=IFCRECTANGLEPROFILEDEF(.AREA.,$,#1044,0.37091230815892962,0.1487424);
#1046=IFCCARTESIANPOINT((3.4721438459205354,-0.078028800000000009,0.0076200000000000009));
#1047=IFCAXIS2PLACEMENT3D(#1046,$,$);
#1048=IFCDIRECTION((0.,0.,1.));
#1049=IFCEXTRUDEDAREASOLID(#1045,#1047,#1048,0.015240000000000002);
#1050=IFCSTYLEDITEM(#1049,(#727),$);
#1051=IFCCOVERING('30JWb9duXCdPrOaIiwtt2D',$,'Family Room - Hardwood Flooring',$,$,#1063,#1053,$,.FLOORING.);
#1052=IFCSHAPEREPRESENTATION(#11,'Body','SweptSolid',(#553,#564,#575,#586,#597,#605,#616,#624,#635,#643,#651,#659,#667,#675,#686,#694,#702,#710,#718,#726,#737,#745,#753,#761,#769,#777,#785,#793,#801,#809,#817,#825,#833,#841,#849,#857,#865,#873,#881,#889,#897,#905,#913,#921,#929,#937,#945,#953,#961,#969,#977,#985,#993,#1001,#1009,#1017,#1025,#1033,#1041,#1049));
#1053=IFCPRODUCTDEFINITIONSHAPE($,$,(#1052));
#1059=IFCCARTESIANPOINT((0.,0.,0.));
#1060=IFCDIRECTION((0.,0.,1.));
#1061=IFCDIRECTION((1.,0.,0.));
#1062=IFCAXIS2PLACEMENT3D(#1059,#1060,#1061);
#1063=IFCLOCALPLACEMENT($,#1062);
#1064=IFCSLAB('3oMlJGhhj0qu4Yu6G1V1a7',$,'Slab - Kitchen',$,$,#1083,#1073,$,.FLOOR.);
#1065=IFCCARTESIANPOINT((0.,0.));
#1066=IFCAXIS2PLACEMENT2D(#1065,$);
#1067=IFCRECTANGLEPROFILEDEF(.AREA.,$,#1066,4.8514101600000004,4.2418101600000009);
#1068=IFCCARTESIANPOINT((0.,0.,0.));
#1069=IFCAXIS2PLACEMENT3D(#1068,$,$);
#1070=IFCDIRECTION((0.,0.,1.));
#1071=IFCEXTRUDEDAREASOLID(#1067,#1069,#1070,0.20000000000000001);
#1072=IFCSHAPEREPRESENTATION(#11,'Body','SweptSolid',(#1071));
#1073=IFCPRODUCTDEFINITIONSHAPE($,$,(#1072));
#1079=IFCCARTESIANPOINT((-7.0230949200000001,-1.5113050800000003,-0.20000000000000001));
#1080=IFCDIRECTION((0.,0.,1.));
#1081=IFCDIRECTION((1.,0.,0.));
#1082=IFCAXIS2PLACEMENT3D(#1079,#1080,#1081);
#1083=IFCLOCALPLACEMENT($,#1082);
#1084=IFCSPACE('3ssXPsckT93PeTSiZcZkH$',$,'Kitchen',$,$,#1103,#1093,'Kitchen',$,.INTERNAL.,$);
#1085=IFCCARTESIANPOINT((0.,0.));
#1086=IFCAXIS2PLACEMENT2D(#1085,$);
#1087=IFCRECTANGLEPROFILEDEF(.AREA.,$,#1086,4.7117203200000004,4.1021203200000009);
#1088=IFCCARTESIANPOINT((0.,0.,0.));
#1089=IFCAXIS2PLACEMENT3D(#1088,$,$);
#1090=IFCDIRECTION((0.,0.,1.));
#1091=IFCEXTRUDEDAREASOLID(#1087,#1089,#1090,2.8956);
#1092=IFCSHAPEREPRESENTATION(#11,'Body','SweptSolid',(#1091));
#1093=IFCPRODUCTDEFINITIONSHAPE($,$,(#1092));
#1099=IFCCARTESIANPOINT((-7.0230949200000001,-1.5113050800000003,0.));
#1100=IFCDIRECTION((0.,0.,1.));
#1101=IFCDIRECTION((1.,0.,0.));
#1102=IFCAXIS2PLACEMENT3D(#1099,#1100,#1101);
#1103=IFCLOCALPLACEMENT($,#1102);
#1104=IFCOPENINGELEMENT('1J6sKovcz6Gffn4OYTWN$1',$,'Opening - Kitchen -> Dining (W)',$,$,#1124,#1113,$,$);
#1105=IFCCARTESIANPOINT((0.,0.));
#1106=IFCAXIS2PLACEMENT2D(#1105,$);
#1107=IFCRECTANGLEPROFILEDEF(.AREA.,$,#1106,0.9144000000000001,0.23968984000000002);
#1108=IFCCARTESIANPOINT((0.,0.,0.));
#1109=IFCAXIS2PLACEMENT3D(#1108,$,$);
#1110=IFCDIRECTION((0.,0.,1.));
#1111=IFCEXTRUDEDAREASOLID(#1107,#1109,#1110,2.1335999999999999);
#1112=IFCSHAPEREPRESENTATION(#11,'Body','SweptSolid',(#1111));
#1113=IFCPRODUCTDEFINITIONSHAPE($,$,(#1112));
#1119=IFCRELVOIDSELEMENT('2KEhyTuabD$82jNtcQKuQD',$,$,$,#59,#1104);
#1120=IFCCARTESIANPOINT((1.6647109200000001,0.,0.));
#1121=IFCDIRECTION((0.,0.,1.));
#1122=IFCDIRECTION((1.,0.,0.));
#1123=IFCAXIS2PLACEMENT3D(#1120,#1121,#1122);
#1124=IFCLOCALPLACEMENT(#78,#1123);
#1125=IFCOPENINGELEMENT('0zK13Z0vj9dA83$HKVgUEs',$,'Opening - Kitchen -> Dining (E)',$,$,#1145,#1134,$,$);
#1126=IFCCARTESIANPOINT((0.,0.));
#1127=IFCAXIS2PLACEMENT2D(#1126,$);
#1128=IFCRECTANGLEPROFILEDEF(.AREA.,$,#1127,0.9144000000000001,0.23968984000000002);
#1129=IFCCARTESIANPOINT((0.,0.,0.));
#1130=IFCAXIS2PLACEMENT3D(#1129,$,$);
#1131=IFCDIRECTION((0.,0.,1.));
#1132=IFCEXTRUDEDAREASOLID(#1128,#1130,#1131,2.1335999999999999);
#1133=IFCSHAPEREPRESENTATION(#11,'Body','SweptSolid',(#1132));
#1134=IFCPRODUCTDEFINITIONSHAPE($,$,(#1133));
#1140=IFCRELVOIDSELEMENT('0KnU18HWX7uBwsoLYU6lHT',$,$,$,#59,#1125);
#1141=IFCCARTESIANPOINT((-1.6637050799999997,0.,0.));
#1142=IFCDIRECTION((0.,0.,1.));
#1143=IFCDIRECTION((1.,0.,0.));
#1144=IFCAXIS2PLACEMENT3D(#1141,#1142,#1143);
#1145=IFCLOCALPLACEMENT(#78,#1144);
#1146=IFCOPENINGELEMENT('0WDltNeSf8wBIxD8OjxAUG',$,'Opening - Kitchen -> Scullery',$,$,#1166,#1155,$,$);
#1147=IFCCARTESIANPOINT((0.,0.));
#1148=IFCAXIS2PLACEMENT2D(#1147,$);
#1149=IFCRECTANGLEPROFILEDEF(.AREA.,$,#1148,1.8288000000000002,0.23968984000000002);
#1150=IFCCARTESIANPOINT((0.,0.,0.));
#1151=IFCAXIS2PLACEMENT3D(#1150,$,$);
#1152=IFCDIRECTION((0.,0.,1.));
#1153=IFCEXTRUDEDAREASOLID(#1149,#1151,#1152,2.1335999999999999);
#1154=IFCSHAPEREPRESENTATION(#11,'Body','SweptSolid',(#1153));
#1155=IFCPRODUCTDEFINITIONSHAPE($,$,(#1154));
#1161=IFCRELVOIDSELEMENT('243Co6aYrAFvj1ulw1GqG2',$,$,$,#18,#1146);
#1162=IFCCARTESIANPOINT((-5.7912152399999997,-1.0160000000425384E-05,0.));
#1163=IFCDIRECTION((0.,0.,1.));
#1164=IFCDIRECTION((1.,0.,0.));
#1165=IFCAXIS2PLACEMENT3D(#1162,#1163,#1164);
#1166=IFCLOCALPLACEMENT(#38,#1165);
#1167=IFCOPENINGELEMENT('0i3FXrvZbDUQtBA4kKoFQM',$,'Opening - Dining Cabinet (built-in)',$,$,#1187,#1176,$,$);
#1168=IFCCARTESIANPOINT((0.,0.));
#1169=IFCAXIS2PLACEMENT2D(#1168,$);
#1170=IFCRECTANGLEPROFILEDEF(.AREA.,$,#1169,2.008632,0.23968984000000002);
#1171=IFCCARTESIANPOINT((0.,0.,0.));
#1172=IFCAXIS2PLACEMENT3D(#1171,$,$);
#1173=IFCDIRECTION((0.,0.,1.));
#1174=IFCEXTRUDEDAREASOLID(#1170,#1172,#1173,2.1335999999999999);
#1175=IFCSHAPEREPRESENTATION(#11,'Body','SweptSolid',(#1174));
#1176=IFCPRODUCTDEFINITIONSHAPE($,$,(#1175));
#1182=IFCRELVOIDSELEMENT('1igFe_qTP9dPM$CpDA2ETA',$,$,$,#59,#1167);
#1183=IFCCARTESIANPOINT((0.00050291999999974024,0.,0.));
#1184=IFCDIRECTION((0.,0.,1.));
#1185=IFCDIRECTION((1.,0.,0.));
#1186=IFCAXIS2PLACEMENT3D(#1183,#1184,#1185);
#1187=IFCLOCALPLACEMENT(#78,#1186);
#1188=IFCOPENINGELEMENT('2Qesle6mLFUf0404tfu9mI',$,'Opening - Window - Kitchen W1',$,$,#1208,#1197,$,$);
#1189=IFCCARTESIANPOINT((0.,0.));
#1190=IFCAXIS2PLACEMENT2D(#1189,$);
#1191=IFCRECTANGLEPROFILEDEF(.AREA.,$,#1190,0.23968984000000002,0.81280101599999999);
#1192=IFCCARTESIANPOINT((0.,0.,0.));
#1193=IFCAXIS2PLACEMENT3D(#1192,$,$);
#1194=IFCDIRECTION((0.,0.,1.));
#1195=IFCEXTRUDEDAREASOLID(#1191,#1193,#1194,1.1186159999999998);
#1196=IFCSHAPEREPRESENTATION(#11,'Body','SweptSolid',(#1195));
#1197=IFCPRODUCTDEFINITIONSHAPE($,$,(#1196));
#1203=IFCRELVOIDSELEMENT('2wuViOYWL8U9$Rb08Y893i',$,$,$,#239,#1188);
#1204=IFCCARTESIANPOINT((0.,-2.7622530480000003,1.0149840000000001));
#1205=IFCDIRECTION((0.,0.,1.));
#1206=IFCDIRECTION((1.,0.,0.));
#1207=IFCAXIS2PLACEMENT3D(#1204,#1205,#1206);
#1208=IFCLOCALPLACEMENT(#258,#1207);
#1209=IFCWINDOW('3sH$BGBNv699rwLCpZpMcM',$,'Window - Kitchen W1',$,$,#1233,#1222,$,1.1186159999999998,0.81280101599999999,$,$,$);
#1210=IFCCARTESIANPOINT((0.,0.));
#1211=IFCAXIS2PLACEMENT2D(#1210,$);
#1212=IFCRECTANGLEPROFILEDEF(.AREA.,$,#1211,0.050000000000000003,0.81280101599999999);
#1213=IFCCARTESIANPOINT((0.,0.,0.));
#1214=IFCAXIS2PLACEMENT3D(#1213,$,$);
#1215=IFCDIRECTION((0.,0.,1.));
#1216=IFCEXTRUDEDAREASOLID(#1212,#1214,#1215,1.1186159999999998);
#1217=IFCSHAPEREPRESENTATION(#11,'Body','SweptSolid',(#1216));
#1218=IFCSURFACESTYLE($,.BOTH.,(#1219));
#1219=IFCSURFACESTYLERENDERING(#1220,0.69999999999999996,$,$,$,$,$,$,.GLASS.);
#1220=IFCCOLOURRGB($,0.59999999999999998,0.80000000000000004,0.92000000000000004);
#1221=IFCSTYLEDITEM(#1216,(#1218),$);
#1222=IFCPRODUCTDEFINITIONSHAPE($,$,(#1217));
#1228=IFCRELFILLSELEMENT('32F$QXW1HBKg370M$8YDsF',$,$,$,#1188,#1209);
#1229=IFCCARTESIANPOINT((0.,0.,0.));
#1230=IFCDIRECTION((0.,0.,1.));
#1231=IFCDIRECTION((1.,0.,0.));
#1232=IFCAXIS2PLACEMENT3D(#1229,#1230,#1231);
#1233=IFCLOCALPLACEMENT(#1208,#1232);
#1234=IFCOPENINGELEMENT('07Ee10UBDBuQVzeZj1k1Yo',$,'Opening - Window - Kitchen W2',$,$,#1254,#1243,$,$);
#1235=IFCCARTESIANPOINT((0.,0.));
#1236=IFCAXIS2PLACEMENT2D(#1235,$);
#1237=IFCRECTANGLEPROFILEDEF(.AREA.,$,#1236,0.23968984000000002,0.81280101599999999);
#1238=IFCCARTESIANPOINT((0.,0.,0.));
#1239=IFCAXIS2PLACEMENT3D(#1238,$,$);
#1240=IFCDIRECTION((0.,0.,1.));
#1241=IFCEXTRUDEDAREASOLID(#1237,#1239,#1240,1.1186159999999998);
#1242=IFCSHAPEREPRESENTATION(#11,'Body','SweptSolid',(#1241));
#1243=IFCPRODUCTDEFINITIONSHAPE($,$,(#1242));
#1249=IFCRELVOIDSELEMENT('3PWECJef15cuUSsLCfmVhS',$,$,$,#239,#1234);
#1250=IFCCARTESIANPOINT((0.,-0.92075203200000022,1.0149840000000001));
#1251=IFCDIRECTION((0.,0.,1.));
#1252=IFCDIRECTION((1.,0.,0.));
#1253=IFCAXIS2PLACEMENT3D(#1250,#1251,#1252);
#1254=IFCLOCALPLACEMENT(#258,#1253);
#1255=IFCWINDOW('00zGyo47f9PQgDICsgCxOT',$,'Window - Kitchen W2',$,$,#1276,#1265,$,1.1186159999999998,0.81280101599999999,$,$,$);
#1256=IFCCARTESIANPOINT((0.,0.));
#1257=IFCAXIS2PLACEMENT2D(#1256,$);
#1258=IFCRECTANGLEPROFILEDEF(.AREA.,$,#1257,0.050000000000000003,0.81280101599999999);
#1259=IFCCARTESIANPOINT((0.,0.,0.));
#1260=IFCAXIS2PLACEMENT3D(#1259,$,$);
#1261=IFCDIRECTION((0.,0.,1.));
#1262=IFCEXTRUDEDAREASOLID(#1258,#1260,#1261,1.1186159999999998);
#1263=IFCSHAPEREPRESENTATION(#11,'Body','SweptSolid',(#1262));
#1264=IFCSTYLEDITEM(#1262,(#1218),$);
#1265=IFCPRODUCTDEFINITIONSHAPE($,$,(#1263));
#1271=IFCRELFILLSELEMENT('25cmWvjNr0pRAokA$FvJds',$,$,$,#1234,#1255);
#1272=IFCCARTESIANPOINT((0.,-5.5511151231257827E-17,0.));
#1273=IFCDIRECTION((0.,0.,1.));
#1274=IFCDIRECTION((1.,0.,0.));
#1275=IFCAXIS2PLACEMENT3D(#1272,#1273,#1274);
#1276=IFCLOCALPLACEMENT(#1254,#1275);
#1277=IFCCOVERING('1gN_722X14GQMZjEzvV_M0',$,'Kitchen - Tile Flooring',$,$,#1300,#1290,$,.FLOORING.);
#1278=IFCCARTESIANPOINT((0.,0.));
#1279=IFCAXIS2PLACEMENT2D(#1278,$);
#1280=IFCRECTANGLEPROFILEDEF(.AREA.,$,#1279,4.8514101600000004,4.2418101600000009);
#1281=IFCCARTESIANPOINT((0.,0.,0.));
#1282=IFCAXIS2PLACEMENT3D(#1281,$,$);
#1283=IFCDIRECTION((0.,0.,1.));
#1284=IFCEXTRUDEDAREASOLID(#1280,#1282,#1283,0.015240000000000002);
#1285=IFCSHAPEREPRESENTATION(#11,'Body','SweptSolid',(#1284));
#1286=IFCSURFACESTYLE($,.BOTH.,(#1287));
#1287=IFCSURFACESTYLESHADING(#1288,0.);
#1288=IFCCOLOURRGB($,0.84999999999999998,0.84999999999999998,0.81999999999999995);
#1289=IFCSTYLEDITEM(#1284,(#1286),$);
#1290=IFCPRODUCTDEFINITIONSHAPE($,$,(#1285));
#1296=IFCCARTESIANPOINT((-7.0230949200000001,-1.5113050800000003,0.));
#1297=IFCDIRECTION((0.,0.,1.));
#1298=IFCDIRECTION((1.,0.,0.));
#1299=IFCAXIS2PLACEMENT3D(#1296,#1297,#1298);
#1300=IFCLOCALPLACEMENT($,#1299);
#1301=IFCWALL('2S2fQMGs14fRPfMvs9fk_x',$,'Kitchen Cabinet Bump-out',$,$,#1324,#1314,$,$);
#1302=IFCCARTESIANPOINT((0.,0.));
#1303=IFCAXIS2PLACEMENT2D(#1302,$);
#1304=IFCRECTANGLEPROFILEDEF(.AREA.,$,#1303,2.017776,0.40639999999999998);
#1305=IFCCARTESIANPOINT((0.,0.,0.));
#1306=IFCAXIS2PLACEMENT3D(#1305,$,$);
#1307=IFCDIRECTION((0.,0.,1.));
#1308=IFCEXTRUDEDAREASOLID(#1304,#1306,#1307,2.8956);
#1309=IFCSHAPEREPRESENTATION(#11,'Body','SweptSolid',(#1308));
#1310=IFCSURFACESTYLE($,.BOTH.,(#1311));
#1311=IFCSURFACESTYLESHADING(#1312,0.);
#1312=IFCCOLOURRGB($,0.93000000000000005,0.92000000000000004,0.90000000000000002);
#1313=IFCSTYLEDITEM(#1308,(#1310),$);
#1314=IFCPRODUCTDEFINITIONSHAPE($,$,(#1309));
#1320=IFCCARTESIANPOINT((-7.0225920000000004,0.33655508000000001,0.));
#1321=IFCDIRECTION((0.,0.,1.));
#1322=IFCDIRECTION((1.,0.,0.));
#1323=IFCAXIS2PLACEMENT3D(#1320,#1321,#1322);
#1324=IFCLOCALPLACEMENT($,#1323);
#1325=IFCSLAB('1cnDflyxLBAfLrBw_00K1G',$,'Slab - Sitting Room',$,$,#1344,#1334,$,.FLOOR.);
#1326=IFCCARTESIANPOINT((0.,0.));
#1327=IFCAXIS2PLACEMENT2D(#1326,$);
#1328=IFCRECTANGLEPROFILEDEF(.AREA.,$,#1327,4.8514101600000004,4.902189840000001);
#1329=IFCCARTESIANPOINT((0.,0.,0.));
#1330=IFCAXIS2PLACEMENT3D(#1329,$,$);
#1331=IFCDIRECTION((0.,0.,1.));
#1332=IFCEXTRUDEDAREASOLID(#1328,#1330,#1331,0.20000000000000001);
#1333=IFCSHAPEREPRESENTATION(#11,'Body','SweptSolid',(#1332));
#1334=IFCPRODUCTDEFINITIONSHAPE($,$,(#1333));
#1340=IFCCARTESIANPOINT((1.2318949200000002,2.4510949200000005,-0.20000000000000001));
#1341=IFCDIRECTION((0.,0.,1.));
#1342=IFCDIRECTION((1.,0.,0.));
#1343=IFCAXIS2PLACEMENT3D(#1340,#1341,#1342);
#1344=IFCLOCALPLACEMENT($,#1343);
#1345=IFCSPACE('00OhKDBk92egU2D7c9buLa',$,'Sitting Room',$,$,#1364,#1354,'Sitting Room',$,.INTERNAL.,$);
#1346=IFCCARTESIANPOINT((0.,0.));
#1347=IFCAXIS2PLACEMENT2D(#1346,$);
#1348=IFCRECTANGLEPROFILEDEF(.AREA.,$,#1347,4.7117203200000004,4.7625000000000011);
#1349=IFCCARTESIANPOINT((0.,0.,0.));
#1350=IFCAXIS2PLACEMENT3D(#1349,$,$);
#1351=IFCDIRECTION((0.,0.,1.));
#1352=IFCEXTRUDEDAREASOLID(#1348,#1350,#1351,2.8956);
#1353=IFCSHAPEREPRESENTATION(#11,'Body','SweptSolid',(#1352));
#1354=IFCPRODUCTDEFINITIONSHAPE($,$,(#1353));
#1360=IFCCARTESIANPOINT((1.2318949200000002,2.4510949200000005,0.));
#1361=IFCDIRECTION((0.,0.,1.));
#1362=IFCDIRECTION((1.,0.,0.));
#1363=IFCAXIS2PLACEMENT3D(#1360,#1361,#1362);
#1364=IFCLOCALPLACEMENT($,#1363);
#1365=IFCOPENINGELEMENT('3Q8SeFm$f77xN1bIJ8cbwk',$,'Opening - Window - Sitting N1',$,$,#1385,#1374,$,$);
#1366=IFCCARTESIANPOINT((0.,0.));
#1367=IFCAXIS2PLACEMENT2D(#1366,$);
#1368=IFCRECTANGLEPROFILEDEF(.AREA.,$,#1367,1.0668,0.23968984000000002);
#1369=IFCCARTESIANPOINT((0.,0.,0.));
#1370=IFCAXIS2PLACEMENT3D(#1369,$,$);
#1371=IFCDIRECTION((0.,0.,1.));
#1372=IFCEXTRUDEDAREASOLID(#1368,#1370,#1371,1.3715999999999999);
#1373=IFCSHAPEREPRESENTATION(#11,'Body','SweptSolid',(#1372));
#1374=IFCPRODUCTDEFINITIONSHAPE($,$,(#1373));
#1380=IFCRELVOIDSELEMENT('2toJEb0GTEafw68lMx4o5a',$,$,$,#79,#1365);
#1381=IFCCARTESIANPOINT((5.1053999999999995,-1.0159999998649027E-05,0.76200000000000001));
#1382=IFCDIRECTION((0.,0.,1.));
#1383=IFCDIRECTION((1.,0.,0.));
#1384=IFCAXIS2PLACEMENT3D(#1381,#1382,#1383);
#1385=IFCLOCALPLACEMENT(#98,#1384);
#1386=IFCWINDOW('2s8MmeX6D4_RCeBbdfMYEb',$,'Window - Sitting N1',$,$,#1407,#1396,$,1.3715999999999999,1.0668,$,$,$);
#1387=IFCCARTESIANPOINT((0.,0.));
#1388=IFCAXIS2PLACEMENT2D(#1387,$);
#1389=IFCRECTANGLEPROFILEDEF(.AREA.,$,#1388,1.0668,0.050000000000000003);
#1390=IFCCARTESIANPOINT((0.,0.,0.));
#1391=IFCAXIS2PLACEMENT3D(#1390,$,$);
#1392=IFCDIRECTION((0.,0.,1.));
#1393=IFCEXTRUDEDAREASOLID(#1389,#1391,#1392,1.3715999999999999);
#1394=IFCSHAPEREPRESENTATION(#11,'Body','SweptSolid',(#1393));
#1395=IFCSTYLEDITEM(#1393,(#1218),$);
#1396=IFCPRODUCTDEFINITIONSHAPE($,$,(#1394));
#1402=IFCRELFILLSELEMENT('2LEt5XtfH49xMsTBuH9hgg',$,$,$,#1365,#1386);
#1403=IFCCARTESIANPOINT((4.4408920985006262E-16,0.,0.));
#1404=IFCDIRECTION((0.,0.,1.));
#1405=IFCDIRECTION((1.,0.,0.));
#1406=IFCAXIS2PLACEMENT3D(#1403,#1404,#1405);
#1407=IFCLOCALPLACEMENT(#1385,#1406);
#1408=IFCOPENINGELEMENT('0iKFLLRjD8GOpXLObVPZlL',$,'Opening - Window - Sitting N2',$,$,#1428,#1417,$,$);
#1409=IFCCARTESIANPOINT((0.,0.));
#1410=IFCAXIS2PLACEMENT2D(#1409,$);
#1411=IFCRECTANGLEPROFILEDEF(.AREA.,$,#1410,1.0668,0.23968984000000002);
#1412=IFCCARTESIANPOINT((0.,0.,0.));
#1413=IFCAXIS2PLACEMENT3D(#1412,$,$);
#1414=IFCDIRECTION((0.,0.,1.));
#1415=IFCEXTRUDEDAREASOLID(#1411,#1413,#1414,1.3715999999999999);
#1416=IFCSHAPEREPRESENTATION(#11,'Body','SweptSolid',(#1415));
#1417=IFCPRODUCTDEFINITIONSHAPE($,$,(#1416));
#1423=IFCRELVOIDSELEMENT('0cH3G$1vD25e7zaLnaP_HI',$,$,$,#79,#1408);
#1424=IFCCARTESIANPOINT((2.5526999999999997,-1.0159999998649027E-05,0.76200000000000001));
#1425=IFCDIRECTION((0.,0.,1.));
#1426=IFCDIRECTION((1.,0.,0.));
#1427=IFCAXIS2PLACEMENT3D(#1424,#1425,#1426);
#1428=IFCLOCALPLACEMENT(#98,#1427);
#1429=IFCWINDOW('0HwF_mrc98fRXpJhjKKKXz',$,'Window - Sitting N2',$,$,#1450,#1439,$,1.3715999999999999,1.0668,$,$,$);
#1430=IFCCARTESIANPOINT((0.,0.));
#1431=IFCAXIS2PLACEMENT2D(#1430,$);
#1432=IFCRECTANGLEPROFILEDEF(.AREA.,$,#1431,1.0668,0.050000000000000003);
#1433=IFCCARTESIANPOINT((0.,0.,0.));
#1434=IFCAXIS2PLACEMENT3D(#1433,$,$);
#1435=IFCDIRECTION((0.,0.,1.));
#1436=IFCEXTRUDEDAREASOLID(#1432,#1434,#1435,1.3715999999999999);
#1437=IFCSHAPEREPRESENTATION(#11,'Body','SweptSolid',(#1436));
#1438=IFCSTYLEDITEM(#1436,(#1218),$);
#1439=IFCPRODUCTDEFINITIONSHAPE($,$,(#1437));
#1445=IFCRELFILLSELEMENT('1Kc4lY2lP46ecJHcJQYvao',$,$,$,#1408,#1429);
#1446=IFCCARTESIANPOINT((1.6653345369377348E-16,0.,0.));
#1447=IFCDIRECTION((0.,0.,1.));
#1448=IFCDIRECTION((1.,0.,0.));
#1449=IFCAXIS2PLACEMENT3D(#1446,#1447,#1448);
#1450=IFCLOCALPLACEMENT(#1428,#1449);
#1451=IFCCARTESIANPOINT((0.,0.));
#1452=IFCAXIS2PLACEMENT2D(#1451,$);
#1453=IFCRECTANGLEPROFILEDEF(.AREA.,$,#1452,4.8514101600000004,4.902189840000001);
#1454=IFCCARTESIANPOINT((1.2318949200000002,2.4510949200000005,0.));
#1455=IFCAXIS2PLACEMENT3D(#1454,$,$);
#1456=IFCDIRECTION((0.,0.,1.));
#1457=IFCEXTRUDEDAREASOLID(#1453,#1455,#1456,0.0076200000000000009);
#1458=IFCSTYLEDITEM(#1457,(#554),$);
#1459=IFCCARTESIANPOINT((0.,0.));
#1460=IFCAXIS2PLACEMENT2D(#1459,$);
#1461=IFCRECTANGLEPROFILEDEF(.AREA.,$,#1460,1.1846661600000001,0.1487424);
#1462=IFCCARTESIANPOINT((-0.60147708000000011,0.074371199999999998,0.0076200000000000009));
#1463=IFCAXIS2PLACEMENT3D(#1462,$,$);
#1464=IFCDIRECTION((0.,0.,1.));
#1465=IFCEXTRUDEDAREASOLID(#1461,#1463,#1464,0.015240000000000002);
#1466=IFCSTYLEDITEM(#1465,(#576),$);
#1467=IFCCARTESIANPOINT((0.,0.));
#1468=IFCAXIS2PLACEMENT2D(#1467,$);
#1469=IFCRECTANGLEPROFILEDEF(.AREA.,$,#1468,3.038856,0.1487424);
#1470=IFCCARTESIANPOINT((1.519428,0.074371199999999998,0.0076200000000000009));
#1471=IFCAXIS2PLACEMENT3D(#1470,$,$);
#1472=IFCDIRECTION((0.,0.,1.));
#1473=IFCEXTRUDEDAREASOLID(#1469,#1471,#1472,0.015240000000000002);
#1474=IFCSTYLEDITEM(#1473,(#587),$);
#1475=IFCCARTESIANPOINT((0.,0.));
#1476=IFCAXIS2PLACEMENT2D(#1475,$);
#1477=IFCRECTANGLEPROFILEDEF(.AREA.,$,#1476,0.60960000000000036,0.1487424);
#1478=IFCCARTESIANPOINT((3.3528000000000002,0.074371199999999998,0.0076200000000000009));
#1479=IFCAXIS2PLACEMENT3D(#1478,$,$);
#1480=IFCDIRECTION((0.,0.,1.));
#1481=IFCEXTRUDEDAREASOLID(#1477,#1479,#1480,0.015240000000000002);
#1482=IFCSTYLEDITEM(#1481,(#576),$);
#1483=IFCCARTESIANPOINT((0.,0.));
#1484=IFCAXIS2PLACEMENT2D(#1483,$);
#1485=IFCRECTANGLEPROFILEDEF(.AREA.,$,#1484,0.94597846815892939,0.14874240000000002);
#1486=IFCCARTESIANPOINT((-0.72082092592053548,0.22677120000000003,0.0076200000000000009));
#1487=IFCAXIS2PLACEMENT3D(#1486,$,$);
#1488=IFCDIRECTION((0.,0.,1.));
#1489=IFCEXTRUDEDAREASOLID(#1485,#1487,#1488,0.015240000000000002);
#1490=IFCSTYLEDITEM(#1489,(#727),$);
#1491=IFCCARTESIANPOINT((0.,0.));
#1492=IFCAXIS2PLACEMENT2D(#1491,$);
#1493=IFCRECTANGLEPROFILEDEF(.AREA.,$,#1492,3.038856,0.14874240000000002);
#1494=IFCCARTESIANPOINT((1.2807403081589293,0.22677120000000003,0.0076200000000000009));
#1495=IFCAXIS2PLACEMENT3D(#1494,$,$);
#1496=IFCDIRECTION((0.,0.,1.));
#1497=IFCEXTRUDEDAREASOLID(#1493,#1495,#1496,0.015240000000000002);
#1498=IFCSTYLEDITEM(#1497,(#606),$);
#1499=IFCCARTESIANPOINT((0.,0.));
#1500=IFCAXIS2PLACEMENT2D(#1499,$);
#1501=IFCRECTANGLEPROFILEDEF(.AREA.,$,#1500,0.84828769184107111,0.14874240000000002);
#1502=IFCCARTESIANPOINT((3.2334561540794651,0.22677120000000003,0.0076200000000000009));
#1503=IFCAXIS2PLACEMENT3D(#1502,$,$);
#1504=IFCDIRECTION((0.,0.,1.));
#1505=IFCEXTRUDEDAREASOLID(#1501,#1503,#1504,0.015240000000000002);
#1506=IFCSTYLEDITEM(#1505,(#606),$);
#1507=IFCCARTESIANPOINT((0.,0.));
#1508=IFCAXIS2PLACEMENT2D(#1507,$);
#1509=IFCRECTANGLEPROFILEDEF(.AREA.,$,#1508,1.3590671401999199,0.14874240000000005);
#1510=IFCCARTESIANPOINT((-0.51427658990004022,0.37917119999999999,0.0076200000000000009));
#1511=IFCAXIS2PLACEMENT3D(#1510,$,$);
#1512=IFCDIRECTION((0.,0.,1.));
#1513=IFCEXTRUDEDAREASOLID(#1509,#1511,#1512,0.015240000000000002);
#1514=IFCSTYLEDITEM(#1513,(#606),$);
#1515=IFCCARTESIANPOINT((0.,0.));
#1516=IFCAXIS2PLACEMENT2D(#1515,$);
#1517=IFCRECTANGLEPROFILEDEF(.AREA.,$,#1516,3.038856,0.14874240000000005);
#1518=IFCCARTESIANPOINT((1.6938289801999198,0.37917119999999999,0.0076200000000000009));
#1519=IFCAXIS2PLACEMENT3D(#1518,$,$);
#1520=IFCDIRECTION((0.,0.,1.));
#1521=IFCEXTRUDEDAREASOLID(#1517,#1519,#1520,0.015240000000000002);
#1522=IFCSTYLEDITEM(#1521,(#625),$);
#1523=IFCCARTESIANPOINT((0.,0.));
#1524=IFCAXIS2PLACEMENT2D(#1523,$);
#1525=IFCRECTANGLEPROFILEDEF(.AREA.,$,#1524,0.43519901980008058,0.14874240000000005);
#1526=IFCCARTESIANPOINT((3.4400004900999601,0.37917119999999999,0.0076200000000000009));
#1527=IFCAXIS2PLACEMENT3D(#1526,$,$);
#1528=IFCDIRECTION((0.,0.,1.));
#1529=IFCEXTRUDEDAREASOLID(#1525,#1527,#1528,0.015240000000000002);
#1530=IFCSTYLEDITEM(#1529,(#587),$);
#1531=IFCCARTESIANPOINT((0.,0.));
#1532=IFCAXIS2PLACEMENT2D(#1531,$);
#1533=IFCRECTANGLEPROFILEDEF(.AREA.,$,#1532,2.8861286099948114,0.14874239999999994);
#1534=IFCCARTESIANPOINT((0.24925414499740561,0.53157120000000013,0.0076200000000000009));
#1535=IFCAXIS2PLACEMENT3D(#1534,$,$);
#1536=IFCDIRECTION((0.,0.,1.));
#1537=IFCEXTRUDEDAREASOLID(#1533,#1535,#1536,0.015240000000000002);
#1538=IFCSTYLEDITEM(#1537,(#727),$);
#1539=IFCCARTESIANPOINT((0.,0.));
#1540=IFCAXIS2PLACEMENT2D(#1539,$);
#1541=IFCRECTANGLEPROFILEDEF(.AREA.,$,#1540,1.956137550005189,0.14874239999999994);
#1542=IFCCARTESIANPOINT((2.6795312249974059,0.53157120000000013,0.0076200000000000009));
#1543=IFCAXIS2PLACEMENT3D(#1542,$,$);
#1544=IFCDIRECTION((0.,0.,1.));
#1545=IFCEXTRUDEDAREASOLID(#1541,#1543,#1544,0.015240000000000002);
#1546=IFCSTYLEDITEM(#1545,(#565),$);
#1547=IFCCARTESIANPOINT((0.,0.));
#1548=IFCAXIS2PLACEMENT2D(#1547,$);
#1549=IFCRECTANGLEPROFILEDEF(.AREA.,$,#1548,2.323806521306258,0.14874239999999994);
#1550=IFCCARTESIANPOINT((-0.031906899346871298,0.6839712,0.0076200000000000009));
#1551=IFCAXIS2PLACEMENT3D(#1550,$,$);
#1552=IFCDIRECTION((0.,0.,1.));
#1553=IFCEXTRUDEDAREASOLID(#1549,#1551,#1552,0.015240000000000002);
#1554=IFCSTYLEDITEM(#1553,(#606),$);
#1555=IFCCARTESIANPOINT((0.,0.));
#1556=IFCAXIS2PLACEMENT2D(#1555,$);
#1557=IFCRECTANGLEPROFILEDEF(.AREA.,$,#1556,2.5184596386937428,0.14874239999999994);
#1558=IFCCARTESIANPOINT((2.3983701806531288,0.6839712,0.0076200000000000009));
#1559=IFCAXIS2PLACEMENT3D(#1558,$,$);
#1560=IFCDIRECTION((0.,0.,1.));
#1561=IFCEXTRUDEDAREASOLID(#1557,#1559,#1560,0.015240000000000002);
#1562=IFCSTYLEDITEM(#1561,(#576),$);
#1563=IFCCARTESIANPOINT((0.,0.));
#1564=IFCAXIS2PLACEMENT2D(#1563,$);
#1565=IFCRECTANGLEPROFILEDEF(.AREA.,$,#1564,2.5668717254104916,0.14874240000000005);
#1566=IFCCARTESIANPOINT((0.089625702705245724,0.83637120000000009,0.0076200000000000009));
#1567=IFCAXIS2PLACEMENT3D(#1566,$,$);
#1568=IFCDIRECTION((0.,0.,1.));
#1569=IFCEXTRUDEDAREASOLID(#1565,#1567,#1568,0.015240000000000002);
#1570=IFCSTYLEDITEM(#1569,(#565),$);
#1571=IFCCARTESIANPOINT((0.,0.));
#1572=IFCAXIS2PLACEMENT2D(#1571,$);
#1573=IFCRECTANGLEPROFILEDEF(.AREA.,$,#1572,2.2753944345895087,0.14874240000000005);
#1574=IFCCARTESIANPOINT((2.519902782705246,0.83637120000000009,0.0076200000000000009));
#1575=IFCAXIS2PLACEMENT3D(#1574,$,$);
#1576=IFCDIRECTION((0.,0.,1.));
#1577=IFCEXTRUDEDAREASOLID(#1573,#1575,#1576,0.015240000000000002);
#1578=IFCSTYLEDITEM(#1577,(#576),$);
#1579=IFCCARTESIANPOINT((0.,0.));
#1580=IFCAXIS2PLACEMENT2D(#1579,$);
#1581=IFCRECTANGLEPROFILEDEF(.AREA.,$,#1580,3.038856,0.14874239999999994);
#1582=IFCCARTESIANPOINT((0.37974048406448868,0.98877120000000007,0.0076200000000000009));
#1583=IFCAXIS2PLACEMENT3D(#1582,$,$);
#1584=IFCDIRECTION((0.,0.,1.));
#1585=IFCEXTRUDEDAREASOLID(#1581,#1583,#1584,0.015240000000000002);
#1586=IFCSTYLEDITEM(#1585,(#587),$);
#1587=IFCCARTESIANPOINT((0.,0.));
#1588=IFCAXIS2PLACEMENT2D(#1587,$);
#1589=IFCRECTANGLEPROFILEDEF(.AREA.,$,#1588,1.7492875159355117,0.14874239999999994);
#1590=IFCCARTESIANPOINT((2.7829562420322445,0.98877120000000007,0.0076200000000000009));
#1591=IFCAXIS2PLACEMENT3D(#1590,$,$);
#1592=IFCDIRECTION((0.,0.,1.));
#1593=IFCEXTRUDEDAREASOLID(#1589,#1591,#1592,0.015240000000000002);
#1594=IFCSTYLEDITEM(#1593,(#565),$);
#1595=IFCCARTESIANPOINT((0.,0.));
#1596=IFCAXIS2PLACEMENT2D(#1595,$);
#1597=IFCRECTANGLEPROFILEDEF(.AREA.,$,#1596,1.6893543966817079,0.14874240000000016);
#1598=IFCCARTESIANPOINT((-0.3491329616591462,1.1411712000000001,0.0076200000000000009));
#1599=IFCAXIS2PLACEMENT3D(#1598,$,$);
#1600=IFCDIRECTION((0.,0.,1.));
#1601=IFCEXTRUDEDAREASOLID(#1597,#1599,#1600,0.015240000000000002);
#1602=IFCSTYLEDITEM(#1601,(#587),$);
#1603=IFCCARTESIANPOINT((0.,0.));
#1604=IFCAXIS2PLACEMENT2D(#1603,$);
#1605=IFCRECTANGLEPROFILEDEF(.AREA.,$,#1604,3.038856,0.14874240000000016);
#1606=IFCCARTESIANPOINT((2.0241162366817078,1.1411712000000001,0.0076200000000000009));
#1607=IFCAXIS2PLACEMENT3D(#1606,$,$);
#1608=IFCDIRECTION((0.,0.,1.));
#1609=IFCEXTRUDEDAREASOLID(#1605,#1607,#1608,0.015240000000000002);
#1610=IFCSTYLEDITEM(#1609,(#576),$);
#1611=IFCCARTESIANPOINT((0.,0.));
#1612=IFCAXIS2PLACEMENT2D(#1611,$);
#1613=IFCRECTANGLEPROFILEDEF(.AREA.,$,#1612,0.10491176331829255,0.14874240000000016);
#1614=IFCCARTESIANPOINT((3.6051441183408541,1.1411712000000001,0.0076200000000000009));
#1615=IFCAXIS2PLACEMENT3D(#1614,$,$);
#1616=IFCDIRECTION((0.,0.,1.));
#1617=IFCEXTRUDEDAREASOLID(#1613,#1615,#1616,0.015240000000000002);
#1618=IFCSTYLEDITEM(#1617,(#727),$);
#1619=IFCCARTESIANPOINT((0.,0.));
#1620=IFCAXIS2PLACEMENT2D(#1619,$);
#1621=IFCRECTANGLEPROFILEDEF(.AREA.,$,#1620,2.1877963860545924,0.14874240000000016);
#1622=IFCCARTESIANPOINT((-0.099911966972703881,1.2935712000000001,0.0076200000000000009));
#1623=IFCAXIS2PLACEMENT3D(#1622,$,$);
#1624=IFCDIRECTION((0.,0.,1.));
#1625=IFCEXTRUDEDAREASOLID(#1621,#1623,#1624,0.015240000000000002);
#1626=IFCSTYLEDITEM(#1625,(#727),$);
#1627=IFCCARTESIANPOINT((0.,0.));
#1628=IFCAXIS2PLACEMENT2D(#1627,$);
#1629=IFCRECTANGLEPROFILEDEF(.AREA.,$,#1628,2.654469773945408,0.14874240000000016);
#1630=IFCCARTESIANPOINT((2.3303651130272964,1.2935712000000001,0.0076200000000000009));
#1631=IFCAXIS2PLACEMENT3D(#1630,$,$);
#1632=IFCDIRECTION((0.,0.,1.));
#1633=IFCEXTRUDEDAREASOLID(#1629,#1631,#1632,0.015240000000000002);
#1634=IFCSTYLEDITEM(#1633,(#565),$);
#1635=IFCCARTESIANPOINT((0.,0.));
#1636=IFCAXIS2PLACEMENT2D(#1635,$);
#1637=IFCRECTANGLEPROFILEDEF(.AREA.,$,#1636,2.8294417901564515,0.14874239999999994);
#1638=IFCCARTESIANPOINT((0.22091073507822556,1.4459712,0.0076200000000000009));
#1639=IFCAXIS2PLACEMENT3D(#1638,$,$);
#1640=IFCDIRECTION((0.,0.,1.));
#1641=IFCEXTRUDEDAREASOLID(#1637,#1639,#1640,0.015240000000000002);
#1642=IFCSTYLEDITEM(#1641,(#587),$);
#1643=IFCCARTESIANPOINT((0.,0.));
#1644=IFCAXIS2PLACEMENT2D(#1643,$);
#1645=IFCRECTANGLEPROFILEDEF(.AREA.,$,#1644,2.0128243698435488,0.14874239999999994);
#1646=IFCCARTESIANPOINT((2.651187815078226,1.4459712,0.0076200000000000009));
#1647=IFCAXIS2PLACEMENT3D(#1646,$,$);
#1648=IFCDIRECTION((0.,0.,1.));
#1649=IFCEXTRUDEDAREASOLID(#1645,#1647,#1648,0.015240000000000002);
#1650=IFCSTYLEDITEM(#1649,(#625),$);
#1651=IFCCARTESIANPOINT((0.,0.));
#1652=IFCAXIS2PLACEMENT2D(#1651,$);
#1653=IFCRECTANGLEPROFILEDEF(.AREA.,$,#1652,1.0978358121560079,0.14874240000000016);
#1654=IFCCARTESIANPOINT((-0.64489225392199623,1.5983712000000001,0.0076200000000000009));
#1655=IFCAXIS2PLACEMENT3D(#1654,$,$);
#1656=IFCDIRECTION((0.,0.,1.));
#1657=IFCEXTRUDEDAREASOLID(#1653,#1655,#1656,0.015240000000000002);
#1658=IFCSTYLEDITEM(#1657,(#565),$);
#1659=IFCCARTESIANPOINT((0.,0.));
#1660=IFCAXIS2PLACEMENT2D(#1659,$);
#1661=IFCRECTANGLEPROFILEDEF(.AREA.,$,#1660,3.038856,0.14874240000000016);
#1662=IFCCARTESIANPOINT((1.4325976521560078,1.5983712000000001,0.0076200000000000009));
#1663=IFCAXIS2PLACEMENT3D(#1662,$,$);
#1664=IFCDIRECTION((0.,0.,1.));
#1665=IFCEXTRUDEDAREASOLID(#1661,#1663,#1664,0.015240000000000002);
#1666=IFCSTYLEDITEM(#1665,(#565),$);
#1667=IFCCARTESIANPOINT((0.,0.));
#1668=IFCAXIS2PLACEMENT2D(#1667,$);
#1669=IFCRECTANGLEPROFILEDEF(.AREA.,$,#1668,0.6964303478439926,0.14874240000000016);
#1670=IFCCARTESIANPOINT((3.3093848260780039,1.5983712000000001,0.0076200000000000009));
#1671=IFCAXIS2PLACEMENT3D(#1670,$,$);
#1672=IFCDIRECTION((0.,0.,1.));
#1673=IFCEXTRUDEDAREASOLID(#1669,#1671,#1672,0.015240000000000002);
#1674=IFCSTYLEDITEM(#1673,(#565),$);
#1675=IFCCARTESIANPOINT((0.,0.));
#1676=IFCAXIS2PLACEMENT2D(#1675,$);
#1677=IFCRECTANGLEPROFILEDEF(.AREA.,$,#1676,0.63965196803110991,0.14874240000000016);
#1678=IFCCARTESIANPOINT((-0.87398417598444522,1.7507712000000002,0.0076200000000000009));
#1679=IFCAXIS2PLACEMENT3D(#1678,$,$);
#1680=IFCDIRECTION((0.,0.,1.));
#1681=IFCEXTRUDEDAREASOLID(#1677,#1679,#1680,0.015240000000000002);
#1682=IFCSTYLEDITEM(#1681,(#587),$);
#1683=IFCCARTESIANPOINT((0.,0.));
#1684=IFCAXIS2PLACEMENT2D(#1683,$);
#1685=IFCRECTANGLEPROFILEDEF(.AREA.,$,#1684,3.038856,0.14874240000000016);
#1686=IFCCARTESIANPOINT((0.97441380803110977,1.7507712000000002,0.0076200000000000009));
#1687=IFCAXIS2PLACEMENT3D(#1686,$,$);
#1688=IFCDIRECTION((0.,0.,1.));
#1689=IFCEXTRUDEDAREASOLID(#1685,#1687,#1688,0.015240000000000002);
#1690=IFCSTYLEDITEM(#1689,(#727),$);
#1691=IFCCARTESIANPOINT((0.,0.));
#1692=IFCAXIS2PLACEMENT2D(#1691,$);
#1693=IFCRECTANGLEPROFILEDEF(.AREA.,$,#1692,1.1546141919688906,0.14874240000000016);
#1694=IFCCARTESIANPOINT((3.0802929040155549,1.7507712000000002,0.0076200000000000009));
#1695=IFCAXIS2PLACEMENT3D(#1694,$,$);
#1696=IFCDIRECTION((0.,0.,1.));
#1697=IFCEXTRUDEDAREASOLID(#1693,#1695,#1696,0.015240000000000002);
#1698=IFCSTYLEDITEM(#1697,(#727),$);
#1699=IFCCARTESIANPOINT((0.,0.));
#1700=IFCAXIS2PLACEMENT2D(#1699,$);
#1701=IFCRECTANGLEPROFILEDEF(.AREA.,$,#1700,1.7303914875855331,0.14874239999999994);
#1702=IFCCARTESIANPOINT((-0.32861441620723364,1.9031712000000003,0.0076200000000000009));
#1703=IFCAXIS2PLACEMENT3D(#1702,$,$);
#1704=IFCDIRECTION((0.,0.,1.));
#1705=IFCEXTRUDEDAREASOLID(#1701,#1703,#1704,0.015240000000000002);
#1706=IFCSTYLEDITEM(#1705,(#625),$);
#1707=IFCCARTESIANPOINT((0.,0.));
#1708=IFCAXIS2PLACEMENT2D(#1707,$);
#1709=IFCRECTANGLEPROFILEDEF(.AREA.,$,#1708,3.038856,0.14874239999999994);
#1710=IFCCARTESIANPOINT((2.0651533275855329,1.9031712000000003,0.0076200000000000009));
#1711=IFCAXIS2PLACEMENT3D(#1710,$,$);
#1712=IFCDIRECTION((0.,0.,1.));
#1713=IFCEXTRUDEDAREASOLID(#1709,#1711,#1712,0.015240000000000002);
#1714=IFCSTYLEDITEM(#1713,(#727),$);
#1715=IFCCARTESIANPOINT((0.,0.));
#1716=IFCAXIS2PLACEMENT2D(#1715,$);
#1717=IFCRECTANGLEPROFILEDEF(.AREA.,$,#1716,0.063874672414467426,0.14874239999999994);
#1718=IFCCARTESIANPOINT((3.6256626637927667,1.9031712000000003,0.0076200000000000009));
#1719=IFCAXIS2PLACEMENT3D(#1718,$,$);
#1720=IFCDIRECTION((0.,0.,1.));
#1721=IFCEXTRUDEDAREASOLID(#1717,#1719,#1720,0.015240000000000002);
#1722=IFCSTYLEDITEM(#1721,(#606),$);
#1723=IFCCARTESIANPOINT((0.,0.));
#1724=IFCAXIS2PLACEMENT2D(#1723,$);
#1725=IFCRECTANGLEPROFILEDEF(.AREA.,$,#1724,1.1699498152409864,0.14874239999999994);
#1726=IFCCARTESIANPOINT((-0.60883525237950697,2.0555711999999997,0.0076200000000000009));
#1727=IFCAXIS2PLACEMENT3D(#1726,$,$);
#1728=IFCDIRECTION((0.,0.,1.));
#1729=IFCEXTRUDEDAREASOLID(#1725,#1727,#1728,0.015240000000000002);
#1730=IFCSTYLEDITEM(#1729,(#576),$);
#1731=IFCCARTESIANPOINT((0.,0.));
#1732=IFCAXIS2PLACEMENT2D(#1731,$);
#1733=IFCRECTANGLEPROFILEDEF(.AREA.,$,#1732,3.038856,0.14874239999999994);
#1734=IFCCARTESIANPOINT((1.5047116552409863,2.0555711999999997,0.0076200000000000009));
#1735=IFCAXIS2PLACEMENT3D(#1734,$,$);
#1736=IFCDIRECTION((0.,0.,1.));
#1737=IFCEXTRUDEDAREASOLID(#1733,#1735,#1736,0.015240000000000002);
#1738=IFCSTYLEDITEM(#1737,(#587),$);
#1739=IFCCARTESIANPOINT((0.,0.));
#1740=IFCAXIS2PLACEMENT2D(#1739,$);
#1741=IFCRECTANGLEPROFILEDEF(.AREA.,$,#1740,0.6243163447590141,0.14874239999999994);
#1742=IFCCARTESIANPOINT((3.3454418276204931,2.0555711999999997,0.0076200000000000009));
#1743=IFCAXIS2PLACEMENT3D(#1742,$,$);
#1744=IFCDIRECTION((0.,0.,1.));
#1745=IFCEXTRUDEDAREASOLID(#1741,#1743,#1744,0.015240000000000002);
#1746=IFCSTYLEDITEM(#1745,(#676),$);
#1747=IFCCARTESIANPOINT((0.,0.));
#1748=IFCAXIS2PLACEMENT2D(#1747,$);
#1749=IFCRECTANGLEPROFILEDEF(.AREA.,$,#1748,0.6239109486696901,0.14874240000000016);
#1750=IFCCARTESIANPOINT((-0.88185468566515512,2.2079711999999998,0.0076200000000000009));
#1751=IFCAXIS2PLACEMENT3D(#1750,$,$);
#1752=IFCDIRECTION((0.,0.,1.));
#1753=IFCEXTRUDEDAREASOLID(#1749,#1751,#1752,0.015240000000000002);
#1754=IFCSTYLEDITEM(#1753,(#587),$);
#1755=IFCCARTESIANPOINT((0.,0.));
#1756=IFCAXIS2PLACEMENT2D(#1755,$);
#1757=IFCRECTANGLEPROFILEDEF(.AREA.,$,#1756,3.038856,0.14874240000000016);
#1758=IFCCARTESIANPOINT((0.95867278866968997,2.2079711999999998,0.0076200000000000009));
#1759=IFCAXIS2PLACEMENT3D(#1758,$,$);
#1760=IFCDIRECTION((0.,0.,1.));
#1761=IFCEXTRUDEDAREASOLID(#1757,#1759,#1760,0.015240000000000002);
#1762=IFCSTYLEDITEM(#1761,(#565),$);
#1763=IFCCARTESIANPOINT((0.,0.));
#1764=IFCAXIS2PLACEMENT2D(#1763,$);
#1765=IFCRECTANGLEPROFILEDEF(.AREA.,$,#1764,1.1703552113303104,0.14874240000000016);
#1766=IFCCARTESIANPOINT((3.0724223943348452,2.2079711999999998,0.0076200000000000009));
#1767=IFCAXIS2PLACEMENT3D(#1766,$,$);
#1768=IFCDIRECTION((0.,0.,1.));
#1769=IFCEXTRUDEDAREASOLID(#1765,#1767,#1768,0.015240000000000002);
#1770=IFCSTYLEDITEM(#1769,(#676),$);
#1771=IFCCARTESIANPOINT((0.,0.));
#1772=IFCAXIS2PLACEMENT2D(#1771,$);
#1773=IFCRECTANGLEPROFILEDEF(.AREA.,$,#1772,2.5313225642649262,0.14874240000000016);
#1774=IFCCARTESIANPOINT((0.071851122132462919,2.3603711999999999,0.0076200000000000009));
#1775=IFCAXIS2PLACEMENT3D(#1774,$,$);
#1776=IFCDIRECTION((0.,0.,1.));
#1777=IFCEXTRUDEDAREASOLID(#1773,#1775,#1776,0.015240000000000002);
#1778=IFCSTYLEDITEM(#1777,(#727),$);
#1779=IFCCARTESIANPOINT((0.,0.));
#1780=IFCAXIS2PLACEMENT2D(#1779,$);
#1781=IFCRECTANGLEPROFILEDEF(.AREA.,$,#1780,2.3109435957350746,0.14874240000000016);
#1782=IFCCARTESIANPOINT((2.5021282021324631,2.3603711999999999,0.0076200000000000009));
#1783=IFCAXIS2PLACEMENT3D(#1782,$,$);
#1784=IFCDIRECTION((0.,0.,1.));
#1785=IFCEXTRUDEDAREASOLID(#1781,#1783,#1784,0.015240000000000002);
#1786=IFCSTYLEDITEM(#1785,(#625),$);
#1787=IFCCARTESIANPOINT((0.,0.));
#1788=IFCAXIS2PLACEMENT2D(#1787,$);
#1789=IFCRECTANGLEPROFILEDEF(.AREA.,$,#1788,0.96179279450773136,0.14874240000000016);
#1790=IFCCARTESIANPOINT((-0.71291376274613449,2.5127712,0.0076200000000000009));
#1791=IFCAXIS2PLACEMENT3D(#1790,$,$);
#1792=IFCDIRECTION((0.,0.,1.));
#1793=IFCEXTRUDEDAREASOLID(#1789,#1791,#1792,0.015240000000000002);
#1794=IFCSTYLEDITEM(#1793,(#625),$);
#1795=IFCCARTESIANPOINT((0.,0.));
#1796=IFCAXIS2PLACEMENT2D(#1795,$);
#1797=IFCRECTANGLEPROFILEDEF(.AREA.,$,#1796,3.038856,0.14874240000000016);
#1798=IFCCARTESIANPOINT((1.2965546345077312,2.5127712,0.0076200000000000009));
#1799=IFCAXIS2PLACEMENT3D(#1798,$,$);
#1800=IFCDIRECTION((0.,0.,1.));
#1801=IFCEXTRUDEDAREASOLID(#1797,#1799,#1800,0.015240000000000002);
#1802=IFCSTYLEDITEM(#1801,(#587),$);
#1803=IFCCARTESIANPOINT((0.,0.));
#1804=IFCAXIS2PLACEMENT2D(#1803,$);
#1805=IFCRECTANGLEPROFILEDEF(.AREA.,$,#1804,0.83247336549226914,0.14874240000000016);
#1806=IFCCARTESIANPOINT((3.2413633172538656,2.5127712,0.0076200000000000009));
#1807=IFCAXIS2PLACEMENT3D(#1806,$,$);
#1808=IFCDIRECTION((0.,0.,1.));
#1809=IFCEXTRUDEDAREASOLID(#1805,#1807,#1808,0.015240000000000002);
#1810=IFCSTYLEDITEM(#1809,(#625),$);
#1811=IFCCARTESIANPOINT((0.,0.));
#1812=IFCAXIS2PLACEMENT2D(#1811,$);
#1813=IFCRECTANGLEPROFILEDEF(.AREA.,$,#1812,2.5080943915098679,0.14874240000000016);
#1814=IFCCARTESIANPOINT((0.060237035754933888,2.6651712000000001,0.0076200000000000009));
#1815=IFCAXIS2PLACEMENT3D(#1814,$,$);
#1816=IFCDIRECTION((0.,0.,1.));
#1817=IFCEXTRUDEDAREASOLID(#1813,#1815,#1816,0.015240000000000002);
#1818=IFCSTYLEDITEM(#1817,(#676),$);
#1819=IFCCARTESIANPOINT((0.,0.));
#1820=IFCAXIS2PLACEMENT2D(#1819,$);
#1821=IFCRECTANGLEPROFILEDEF(.AREA.,$,#1820,2.3341717684901324,0.14874240000000016);
#1822=IFCCARTESIANPOINT((2.4905141157549342,2.6651712000000001,0.0076200000000000009));
#1823=IFCAXIS2PLACEMENT3D(#1822,$,$);
#1824=IFCDIRECTION((0.,0.,1.));
#1825=IFCEXTRUDEDAREASOLID(#1821,#1823,#1824,0.015240000000000002);
#1826=IFCSTYLEDITEM(#1825,(#587),$);
#1827=IFCCARTESIANPOINT((0.,0.));
#1828=IFCAXIS2PLACEMENT2D(#1827,$);
#1829=IFCRECTANGLEPROFILEDEF(.AREA.,$,#1828,0.10014585328105707,0.14874239999999972);
#1830=IFCCARTESIANPOINT((-1.1437372333594715,2.8175711999999997,0.0076200000000000009));
#1831=IFCAXIS2PLACEMENT3D(#1830,$,$);
#1832=IFCDIRECTION((0.,0.,1.));
#1833=IFCEXTRUDEDAREASOLID(#1829,#1831,#1832,0.015240000000000002);
#1834=IFCSTYLEDITEM(#1833,(#727),$);
#1835=IFCCARTESIANPOINT((0.,0.));
#1836=IFCAXIS2PLACEMENT2D(#1835,$);
#1837=IFCRECTANGLEPROFILEDEF(.AREA.,$,#1836,3.038856,0.14874239999999972);
#1838=IFCCARTESIANPOINT((0.43490769328105672,2.8175711999999997,0.0076200000000000009));
#1839=IFCAXIS2PLACEMENT3D(#1838,$,$);
#1840=IFCDIRECTION((0.,0.,1.));
#1841=IFCEXTRUDEDAREASOLID(#1837,#1839,#1840,0.015240000000000002);
#1842=IFCSTYLEDITEM(#1841,(#565),$);
#1843=IFCCARTESIANPOINT((0.,0.));
#1844=IFCAXIS2PLACEMENT2D(#1843,$);
#1845=IFCRECTANGLEPROFILEDEF(.AREA.,$,#1844,1.6941203067189436,0.14874239999999972);
#1846=IFCCARTESIANPOINT((2.8105398466405287,2.8175711999999997,0.0076200000000000009));
#1847=IFCAXIS2PLACEMENT3D(#1846,$,$);
#1848=IFCDIRECTION((0.,0.,1.));
#1849=IFCEXTRUDEDAREASOLID(#1845,#1847,#1848,0.015240000000000002);
#1850=IFCSTYLEDITEM(#1849,(#625),$);
#1851=IFCCARTESIANPOINT((0.,0.));
#1852=IFCAXIS2PLACEMENT2D(#1851,$);
#1853=IFCRECTANGLEPROFILEDEF(.AREA.,$,#1852,2.1680838700218947,0.14874240000000016);
#1854=IFCCARTESIANPOINT((-0.1097682249890527,2.9699711999999998,0.0076200000000000009));
#1855=IFCAXIS2PLACEMENT3D(#1854,$,$);
#1856=IFCDIRECTION((0.,0.,1.));
#1857=IFCEXTRUDEDAREASOLID(#1853,#1855,#1856,0.015240000000000002);
#1858=IFCSTYLEDITEM(#1857,(#565),$);
#1859=IFCCARTESIANPOINT((0.,0.));
#1860=IFCAXIS2PLACEMENT2D(#1859,$);
#1861=IFCRECTANGLEPROFILEDEF(.AREA.,$,#1860,2.6741822899781056,0.14874240000000016);
#1862=IFCCARTESIANPOINT((2.3205088550109476,2.9699711999999998,0.0076200000000000009));
#1863=IFCAXIS2PLACEMENT3D(#1862,$,$);
#1864=IFCDIRECTION((0.,0.,1.));
#1865=IFCEXTRUDEDAREASOLID(#1861,#1863,#1864,0.015240000000000002);
#1866=IFCSTYLEDITEM(#1865,(#587),$);
#1867=IFCCARTESIANPOINT((0.,0.));
#1868=IFCAXIS2PLACEMENT2D(#1867,$);
#1869=IFCRECTANGLEPROFILEDEF(.AREA.,$,#1868,0.45429621298306233,0.14874240000000016);
#1870=IFCCARTESIANPOINT((-0.96666205350846901,3.1223711999999999,0.0076200000000000009));
#1871=IFCAXIS2PLACEMENT3D(#1870,$,$);
#1872=IFCDIRECTION((0.,0.,1.));
#1873=IFCEXTRUDEDAREASOLID(#1869,#1871,#1872,0.015240000000000002);
#1874=IFCSTYLEDITEM(#1873,(#676),$);
#1875=IFCCARTESIANPOINT((0.,0.));
#1876=IFCAXIS2PLACEMENT2D(#1875,$);
#1877=IFCRECTANGLEPROFILEDEF(.AREA.,$,#1876,3.038856,0.14874240000000016);
#1878=IFCCARTESIANPOINT((0.7890580529830622,3.1223711999999999,0.0076200000000000009));
#1879=IFCAXIS2PLACEMENT3D(#1878,$,$);
#1880=IFCDIRECTION((0.,0.,1.));
#1881=IFCEXTRUDEDAREASOLID(#1877,#1879,#1880,0.015240000000000002);
#1882=IFCSTYLEDITEM(#1881,(#565),$);
#1883=IFCCARTESIANPOINT((0.,0.));
#1884=IFCAXIS2PLACEMENT2D(#1883,$);
#1885=IFCRECTANGLEPROFILEDEF(.AREA.,$,#1884,1.3399699470169382,0.14874240000000016);
#1886=IFCCARTESIANPOINT((2.9876150264915315,3.1223711999999999,0.0076200000000000009));
#1887=IFCAXIS2PLACEMENT3D(#1886,$,$);
#1888=IFCDIRECTION((0.,0.,1.));
#1889=IFCEXTRUDEDAREASOLID(#1885,#1887,#1888,0.015240000000000002);
#1890=IFCSTYLEDITEM(#1889,(#576),$);
#1891=IFCCARTESIANPOINT((0.,0.));
#1892=IFCAXIS2PLACEMENT2D(#1891,$);
#1893=IFCRECTANGLEPROFILEDEF(.AREA.,$,#1892,2.8794473878519851,0.14874240000000016);
#1894=IFCCARTESIANPOINT((0.24591353392599247,3.2747712,0.0076200000000000009));
#1895=IFCAXIS2PLACEMENT3D(#1894,$,$);
#1896=IFCDIRECTION((0.,0.,1.));
#1897=IFCEXTRUDEDAREASOLID(#1893,#1895,#1896,0.015240000000000002);
#1898=IFCSTYLEDITEM(#1897,(#727),$);
#1899=IFCCARTESIANPOINT((0.,0.));
#1900=IFCAXIS2PLACEMENT2D(#1899,$);
#1901=IFCRECTANGLEPROFILEDEF(.AREA.,$,#1900,1.9628187721480153,0.14874240000000016);
#1902=IFCCARTESIANPOINT((2.6761906139259928,3.2747712,0.0076200000000000009));
#1903=IFCAXIS2PLACEMENT3D(#1902,$,$);
#1904=IFCDIRECTION((0.,0.,1.));
#1905=IFCEXTRUDEDAREASOLID(#1901,#1903,#1904,0.015240000000000002);
#1906=IFCSTYLEDITEM(#1905,(#676),$);
#1907=IFCCARTESIANPOINT((0.,0.));
#1908=IFCAXIS2PLACEMENT2D(#1907,$);
#1909=IFCRECTANGLEPROFILEDEF(.AREA.,$,#1908,0.15101751908883299,0.14874240000000016);
#1910=IFCCARTESIANPOINT((-1.1183014004555836,3.4271712000000001,0.0076200000000000009));
#1911=IFCAXIS2PLACEMENT3D(#1910,$,$);
#1912=IFCDIRECTION((0.,0.,1.));
#1913=IFCEXTRUDEDAREASOLID(#1909,#1911,#1912,0.015240000000000002);
#1914=IFCSTYLEDITEM(#1913,(#676),$);
#1915=IFCCARTESIANPOINT((0.,0.));
#1916=IFCAXIS2PLACEMENT2D(#1915,$);
#1917=IFCRECTANGLEPROFILEDEF(.AREA.,$,#1916,3.038856,0.14874240000000016);
#1918=IFCCARTESIANPOINT((0.48577935908883241,3.4271712000000001,0.0076200000000000009));
#1919=IFCAXIS2PLACEMENT3D(#1918,$,$);
#1920=IFCDIRECTION((0.,0.,1.));
#1921=IFCEXTRUDEDAREASOLID(#1917,#1919,#1920,0.015240000000000002);
#1922=IFCSTYLEDITEM(#1921,(#576),$);
#1923=IFCCARTESIANPOINT((0.,0.));
#1924=IFCAXIS2PLACEMENT2D(#1923,$);
#1925=IFCRECTANGLEPROFILEDEF(.AREA.,$,#1924,1.643248640911168,0.14874240000000016);
#1926=IFCCARTESIANPOINT((2.8359756795444166,3.4271712000000001,0.0076200000000000009));
#1927=IFCAXIS2PLACEMENT3D(#1926,$,$);
#1928=IFCDIRECTION((0.,0.,1.));
#1929=IFCEXTRUDEDAREASOLID(#1925,#1927,#1928,0.015240000000000002);
#1930=IFCSTYLEDITEM(#1929,(#587),$);
#1931=IFCCARTESIANPOINT((0.,0.));
#1932=IFCAXIS2PLACEMENT2D(#1931,$);
#1933=IFCRECTANGLEPROFILEDEF(.AREA.,$,#1932,2.4628091623494175,0.14874240000000016);
#1934=IFCCARTESIANPOINT((0.037594421174708681,3.5795712000000002,0.0076200000000000009));
#1935=IFCAXIS2PLACEMENT3D(#1934,$,$);
#1936=IFCDIRECTION((0.,0.,1.));
#1937=IFCEXTRUDEDAREASOLID(#1933,#1935,#1936,0.015240000000000002);
#1938=IFCSTYLEDITEM(#1937,(#576),$);
#1939=IFCCARTESIANPOINT((0.,0.));
#1940=IFCAXIS2PLACEMENT2D(#1939,$);
#1941=IFCRECTANGLEPROFILEDEF(.AREA.,$,#1940,2.3794569976505828,0.14874240000000016);
#1942=IFCCARTESIANPOINT((2.467871501174709,3.5795712000000002,0.0076200000000000009));
#1943=IFCAXIS2PLACEMENT3D(#1942,$,$);
#1944=IFCDIRECTION((0.,0.,1.));
#1945=IFCEXTRUDEDAREASOLID(#1941,#1943,#1944,0.015240000000000002);
#1946=IFCSTYLEDITEM(#1945,(#727),$);
#1947=IFCCARTESIANPOINT((0.,0.));
#1948=IFCAXIS2PLACEMENT2D(#1947,$);
#1949=IFCRECTANGLEPROFILEDEF(.AREA.,$,#1948,1.5984746029065351,0.14874239999999972);
#1950=IFCCARTESIANPOINT((-0.39457285854673263,3.7319712000000003,0.0076200000000000009));
#1951=IFCAXIS2PLACEMENT3D(#1950,$,$);
#1952=IFCDIRECTION((0.,0.,1.));
#1953=IFCEXTRUDEDAREASOLID(#1949,#1951,#1952,0.015240000000000002);
#1954=IFCSTYLEDITEM(#1953,(#565),$);
#1955=IFCCARTESIANPOINT((0.,0.));
#1956=IFCAXIS2PLACEMENT2D(#1955,$);
#1957=IFCRECTANGLEPROFILEDEF(.AREA.,$,#1956,3.038856,0.14874239999999972);
#1958=IFCCARTESIANPOINT((1.933236442906535,3.7319712000000003,0.0076200000000000009));
#1959=IFCAXIS2PLACEMENT3D(#1958,$,$);
#1960=IFCDIRECTION((0.,0.,1.));
#1961=IFCEXTRUDEDAREASOLID(#1957,#1959,#1960,0.015240000000000002);
#1962=IFCSTYLEDITEM(#1961,(#625),$);
#1963=IFCCARTESIANPOINT((0.,0.));
#1964=IFCAXIS2PLACEMENT2D(#1963,$);
#1965=IFCRECTANGLEPROFILEDEF(.AREA.,$,#1964,0.19579155709346541,0.14874239999999972);
#1966=IFCCARTESIANPOINT((3.5597042214532677,3.7319712000000003,0.0076200000000000009));
#1967=IFCAXIS2PLACEMENT3D(#1966,$,$);
#1968=IFCDIRECTION((0.,0.,1.));
#1969=IFCEXTRUDEDAREASOLID(#1965,#1967,#1968,0.015240000000000002);
#1970=IFCSTYLEDITEM(#1969,(#576),$);
#1971=IFCCARTESIANPOINT((0.,0.));
#1972=IFCAXIS2PLACEMENT2D(#1971,$);
#1973=IFCRECTANGLEPROFILEDEF(.AREA.,$,#1972,2.1919378013152517,0.14874240000000016);
#1974=IFCCARTESIANPOINT((-0.097841259342374198,3.8843711999999999,0.0076200000000000009));
#1975=IFCAXIS2PLACEMENT3D(#1974,$,$);
#1976=IFCDIRECTION((0.,0.,1.));
#1977=IFCEXTRUDEDAREASOLID(#1973,#1975,#1976,0.015240000000000002);
#1978=IFCSTYLEDITEM(#1977,(#625),$);
#1979=IFCCARTESIANPOINT((0.,0.));
#1980=IFCAXIS2PLACEMENT2D(#1979,$);
#1981=IFCRECTANGLEPROFILEDEF(.AREA.,$,#1980,2.6503283586847486,0.14874240000000016);
#1982=IFCCARTESIANPOINT((2.3324358206576261,3.8843711999999999,0.0076200000000000009));
#1983=IFCAXIS2PLACEMENT3D(#1982,$,$);
#1984=IFCDIRECTION((0.,0.,1.));
#1985=IFCEXTRUDEDAREASOLID(#1981,#1983,#1984,0.015240000000000002);
#1986=IFCSTYLEDITEM(#1985,(#676),$);
#1987=IFCCARTESIANPOINT((0.,0.));
#1988=IFCAXIS2PLACEMENT2D(#1987,$);
#1989=IFCRECTANGLEPROFILEDEF(.AREA.,$,#1988,2.6944135814973045,0.14874239999999928);
#1990=IFCCARTESIANPOINT((0.15339663074865217,4.0367711999999996,0.0076200000000000009));
#1991=IFCAXIS2PLACEMENT3D(#1990,$,$);
#1992=IFCDIRECTION((0.,0.,1.));
#1993=IFCEXTRUDEDAREASOLID(#1989,#1991,#1992,0.015240000000000002);
#1994=IFCSTYLEDITEM(#1993,(#587),$);
#1995=IFCCARTESIANPOINT((0.,0.));
#1996=IFCAXIS2PLACEMENT2D(#1995,$);
#1997=IFCRECTANGLEPROFILEDEF(.AREA.,$,#1996,2.1478525785026958,0.14874239999999928);
#1998=IFCCARTESIANPOINT((2.5836737107486525,4.0367711999999996,0.0076200000000000009));
#1999=IFCAXIS2PLACEMENT3D(#1998,$,$);
#2000=IFCDIRECTION((0.,0.,1.));
#2001=IFCEXTRUDEDAREASOLID(#1997,#1999,#2000,0.015240000000000002);
#2002=IFCSTYLEDITEM(#2001,(#576),$);
#2003=IFCCARTESIANPOINT((0.,0.));
#2004=IFCAXIS2PLACEMENT2D(#2003,$);
#2005=IFCRECTANGLEPROFILEDEF(.AREA.,$,#2004,1.1856340725662078,0.14874239999999972);
#2006=IFCCARTESIANPOINT((-0.60099312371689628,4.1891711999999997,0.0076200000000000009));
#2007=IFCAXIS2PLACEMENT3D(#2006,$,$);
#2008=IFCDIRECTION((0.,0.,1.));
#2009=IFCEXTRUDEDAREASOLID(#2005,#2007,#2008,0.015240000000000002);
#2010=IFCSTYLEDITEM(#2009,(#587),$);
#2011=IFCCARTESIANPOINT((0.,0.));
#2012=IFCAXIS2PLACEMENT2D(#2011,$);
#2013=IFCRECTANGLEPROFILEDEF(.AREA.,$,#2012,3.038856,0.14874239999999972);
#2014=IFCCARTESIANPOINT((1.5203959125662077,4.1891711999999997,0.0076200000000000009));
#2015=IFCAXIS2PLACEMENT3D(#2014,$,$);
#2016=IFCDIRECTION((0.,0.,1.));
#2017=IFCEXTRUDEDAREASOLID(#2013,#2015,#2016,0.015240000000000002);
#2018=IFCSTYLEDITEM(#2017,(#727),$);
#2019=IFCCARTESIANPOINT((0.,0.));
#2020=IFCAXIS2PLACEMENT2D(#2019,$);
#2021=IFCRECTANGLEPROFILEDEF(.AREA.,$,#2020,0.60863208743379271,0.14874239999999972);
#2022=IFCCARTESIANPOINT((3.3532839562831041,4.1891711999999997,0.0076200000000000009));
#2023=IFCAXIS2PLACEMENT3D(#2022,$,$);
#2024=IFCDIRECTION((0.,0.,1.));
#2025=IFCEXTRUDEDAREASOLID(#2021,#2023,#2024,0.015240000000000002);
#2026=IFCSTYLEDITEM(#2025,(#576),$);
#2027=IFCCARTESIANPOINT((0.,0.));
#2028=IFCAXIS2PLACEMENT2D(#2027,$);
#2029=IFCRECTANGLEPROFILEDEF(.AREA.,$,#2028,1.6781546936112932,0.14874239999999972);
#2030=IFCCARTESIANPOINT((-0.35473281319435357,4.3415711999999997,0.0076200000000000009));
#2031=IFCAXIS2PLACEMENT3D(#2030,$,$);
#2032=IFCDIRECTION((0.,0.,1.));
#2033=IFCEXTRUDEDAREASOLID(#2029,#2031,#2032,0.015240000000000002);
#2034=IFCSTYLEDITEM(#2033,(#576),$);
#2035=IFCCARTESIANPOINT((0.,0.));
#2036=IFCAXIS2PLACEMENT2D(#2035,$);
#2037=IFCRECTANGLEPROFILEDEF(.AREA.,$,#2036,3.038856,0.14874239999999972);
#2038=IFCCARTESIANPOINT((2.0129165336112931,4.3415711999999997,0.0076200000000000009));
#2039=IFCAXIS2PLACEMENT3D(#2038,$,$);
#2040=IFCDIRECTION((0.,0.,1.));
#2041=IFCEXTRUDEDAREASOLID(#2037,#2039,#2040,0.015240000000000002);
#2042=IFCSTYLEDITEM(#2041,(#625),$);
#2043=IFCCARTESIANPOINT((0.,0.));
#2044=IFCAXIS2PLACEMENT2D(#2043,$);
#2045=IFCRECTANGLEPROFILEDEF(.AREA.,$,#2044,0.11611146638870729,0.14874239999999972);
#2046=IFCCARTESIANPOINT((3.5995442668056468,4.3415711999999997,0.0076200000000000009));
#2047=IFCAXIS2PLACEMENT3D(#2046,$,$);
#2048=IFCDIRECTION((0.,0.,1.));
#2049=IFCEXTRUDEDAREASOLID(#2045,#2047,#2048,0.015240000000000002);
#2050=IFCSTYLEDITEM(#2049,(#587),$);
#2051=IFCCARTESIANPOINT((0.,0.));
#2052=IFCAXIS2PLACEMENT2D(#2051,$);
#2053=IFCRECTANGLEPROFILEDEF(.AREA.,$,#2052,2.4654159403658191,0.14874239999999972);
#2054=IFCCARTESIANPOINT((0.038897810182909387,4.4939711999999998,0.0076200000000000009));
#2055=IFCAXIS2PLACEMENT3D(#2054,$,$);
#2056=IFCDIRECTION((0.,0.,1.));
#2057=IFCEXTRUDEDAREASOLID(#2053,#2055,#2056,0.015240000000000002);
#2058=IFCSTYLEDITEM(#2057,(#565),$);
#2059=IFCCARTESIANPOINT((0.,0.));
#2060=IFCAXIS2PLACEMENT2D(#2059,$);
#2061=IFCRECTANGLEPROFILEDEF(.AREA.,$,#2060,2.3768502196341812,0.14874239999999972);
#2062=IFCCARTESIANPOINT((2.4691748901829098,4.4939711999999998,0.0076200000000000009));
#2063=IFCAXIS2PLACEMENT3D(#2062,$,$);
#2064=IFCDIRECTION((0.,0.,1.));
#2065=IFCEXTRUDEDAREASOLID(#2061,#2063,#2064,0.015240000000000002);
#2066=IFCSTYLEDITEM(#2065,(#676),$);
#2067=IFCCARTESIANPOINT((0.,0.));
#2068=IFCAXIS2PLACEMENT2D(#2067,$);
#2069=IFCRECTANGLEPROFILEDEF(.AREA.,$,#2068,1.1391960549977298,0.14874239999999972);
#2070=IFCCARTESIANPOINT((-0.62421213250113528,4.6463711999999999,0.0076200000000000009));
#2071=IFCAXIS2PLACEMENT3D(#2070,$,$);
#2072=IFCDIRECTION((0.,0.,1.));
#2073=IFCEXTRUDEDAREASOLID(#2069,#2071,#2072,0.015240000000000002);
#2074=IFCSTYLEDITEM(#2073,(#727),$);
#2075=IFCCARTESIANPOINT((0.,0.));
#2076=IFCAXIS2PLACEMENT2D(#2075,$);
#2077=IFCRECTANGLEPROFILEDEF(.AREA.,$,#2076,3.038856,0.14874239999999972);
#2078=IFCCARTESIANPOINT((1.4739578949977297,4.6463711999999999,0.0076200000000000009));
#2079=IFCAXIS2PLACEMENT3D(#2078,$,$);
#2080=IFCDIRECTION((0.,0.,1.));
#2081=IFCEXTRUDEDAREASOLID(#2077,#2079,#2080,0.015240000000000002);
#2082=IFCSTYLEDITEM(#2081,(#576),$);
#2083=IFCCARTESIANPOINT((0.,0.));
#2084=IFCAXIS2PLACEMENT2D(#2083,$);
#2085=IFCRECTANGLEPROFILEDEF(.AREA.,$,#2084,0.6550701050022707,0.14874239999999972);
#2086=IFCCARTESIANPOINT((3.3300649474988653,4.6463711999999999,0.0076200000000000009));
#2087=IFCAXIS2PLACEMENT3D(#2086,$,$);
#2088=IFCDIRECTION((0.,0.,1.));
#2089=IFCEXTRUDEDAREASOLID(#2085,#2087,#2088,0.015240000000000002);
#2090=IFCSTYLEDITEM(#2089,(#587),$);
#2091=IFCCARTESIANPOINT((0.,0.));
#2092=IFCAXIS2PLACEMENT2D(#2091,$);
#2093=IFCRECTANGLEPROFILEDEF(.AREA.,$,#2092,0.34161429655904718,0.14874239999999972);
#2094=IFCCARTESIANPOINT((-1.0230030117204767,4.7987712,0.0076200000000000009));
#2095=IFCAXIS2PLACEMENT3D(#2094,$,$);
#2096=IFCDIRECTION((0.,0.,1.));
#2097=IFCEXTRUDEDAREASOLID(#2093,#2095,#2096,0.015240000000000002);
#2098=IFCSTYLEDITEM(#2097,(#587),$);
#2099=IFCCARTESIANPOINT((0.,0.));
#2100=IFCAXIS2PLACEMENT2D(#2099,$);
#2101=IFCRECTANGLEPROFILEDEF(.AREA.,$,#2100,3.038856,0.14874239999999972);
#2102=IFCCARTESIANPOINT((0.67637613655904705,4.7987712,0.0076200000000000009));
#2103=IFCAXIS2PLACEMENT3D(#2102,$,$);
#2104=IFCDIRECTION((0.,0.,1.));
#2105=IFCEXTRUDEDAREASOLID(#2101,#2103,#2104,0.015240000000000002);
#2106=IFCSTYLEDITEM(#2105,(#565),$);
#2107=IFCCARTESIANPOINT((0.,0.));
#2108=IFCAXIS2PLACEMENT2D(#2107,$);
#2109=IFCRECTANGLEPROFILEDEF(.AREA.,$,#2108,1.4526518634409533,0.14874239999999972);
#2110=IFCCARTESIANPOINT((2.9312740682795235,4.7987712,0.0076200000000000009));
#2111=IFCAXIS2PLACEMENT3D(#2110,$,$);
#2112=IFCDIRECTION((0.,0.,1.));
#2113=IFCEXTRUDEDAREASOLID(#2109,#2111,#2112,0.015240000000000002);
#2114=IFCSTYLEDITEM(#2113,(#565),$);
#2115=IFCCOVERING('3BMHYx9CHDQORJMLhPCoMW',$,'Sitting Room - Hardwood Flooring',$,$,#2127,#2117,$,.FLOORING.);
#2116=IFCSHAPEREPRESENTATION(#11,'Body','SweptSolid',(#1457,#1465,#1473,#1481,#1489,#1497,#1505,#1513,#1521,#1529,#1537,#1545,#1553,#1561,#1569,#1577,#1585,#1593,#1601,#1609,#1617,#1625,#1633,#1641,#1649,#1657,#1665,#1673,#1681,#1689,#1697,#1705,#1713,#1721,#1729,#1737,#1745,#1753,#1761,#1769,#1777,#1785,#1793,#1801,#1809,#1817,#1825,#1833,#1841,#1849,#1857,#1865,#1873,#1881,#1889,#1897,#1905,#1913,#1921,#1929,#1937,#1945,#1953,#1961,#1969,#1977,#1985,#1993,#2001,#2009,#2017,#2025,#2033,#2041,#2049,#2057,#2065,#2073,#2081,#2089,#2097,#2105,#2113));
#2117=IFCPRODUCTDEFINITIONSHAPE($,$,(#2116));
#2123=IFCCARTESIANPOINT((0.,0.,0.));
#2124=IFCDIRECTION((0.,0.,1.));
#2125=IFCDIRECTION((1.,0.,0.));
#2126=IFCAXIS2PLACEMENT3D(#2123,#2124,#2125);
#2127=IFCLOCALPLACEMENT($,#2126);
#2128=IFCSLAB('2dIpZKwnH6huhIuH5Wk3Ip',$,'Slab - Dining Room',$,$,#2147,#2137,$,.FLOOR.);
#2129=IFCCARTESIANPOINT((0.,0.));
#2130=IFCAXIS2PLACEMENT2D(#2129,$);
#2131=IFCRECTANGLEPROFILEDEF(.AREA.,$,#2130,4.8514101600000004,4.2925898400000007);
#2132=IFCCARTESIANPOINT((0.,0.,0.));
#2133=IFCAXIS2PLACEMENT3D(#2132,$,$);
#2134=IFCDIRECTION((0.,0.,1.));
#2135=IFCEXTRUDEDAREASOLID(#2131,#2133,#2134,0.20000000000000001);
#2136=IFCSHAPEREPRESENTATION(#11,'Body','SweptSolid',(#2135));
#2137=IFCPRODUCTDEFINITIONSHAPE($,$,(#2136));
#2143=IFCCARTESIANPOINT((-7.0230949200000001,2.7558949200000007,-0.20000000000000001));
#2144=IFCDIRECTION((0.,0.,1.));
#2145=IFCDIRECTION((1.,0.,0.));
#2146=IFCAXIS2PLACEMENT3D(#2143,#2144,#2145);
#2147=IFCLOCALPLACEMENT($,#2146);
#2148=IFCSPACE('3NCQ9hhm92s9$zfH_rkSZd',$,'Dining Room',$,$,#2167,#2157,'Dining Room',$,.INTERNAL.,$);
#2149=IFCCARTESIANPOINT((0.,0.));
#2150=IFCAXIS2PLACEMENT2D(#2149,$);
#2151=IFCRECTANGLEPROFILEDEF(.AREA.,$,#2150,4.7117203200000004,4.1529000000000007);
#2152=IFCCARTESIANPOINT((0.,0.,0.));
#2153=IFCAXIS2PLACEMENT3D(#2152,$,$);
#2154=IFCDIRECTION((0.,0.,1.));
#2155=IFCEXTRUDEDAREASOLID(#2151,#2153,#2154,2.8956);
#2156=IFCSHAPEREPRESENTATION(#11,'Body','SweptSolid',(#2155));
#2157=IFCPRODUCTDEFINITIONSHAPE($,$,(#2156));
#2163=IFCCARTESIANPOINT((-7.0230949200000001,2.7558949200000007,0.));
#2164=IFCDIRECTION((0.,0.,1.));
#2165=IFCDIRECTION((1.,0.,0.));
#2166=IFCAXIS2PLACEMENT3D(#2163,#2164,#2165);
#2167=IFCLOCALPLACEMENT($,#2166);
#2168=IFCOPENINGELEMENT('1bKQ3ns6bAfRMzTFnxObJV',$,'Opening - Window - Dining W1',$,$,#2188,#2177,$,$);
#2169=IFCCARTESIANPOINT((0.,0.));
#2170=IFCAXIS2PLACEMENT2D(#2169,$);
#2171=IFCRECTANGLEPROFILEDEF(.AREA.,$,#2170,0.23968984000000002,0.81280101599999999);
#2172=IFCCARTESIANPOINT((0.,0.,0.));
#2173=IFCAXIS2PLACEMENT3D(#2172,$,$);
#2174=IFCDIRECTION((0.,0.,1.));
#2175=IFCEXTRUDEDAREASOLID(#2171,#2173,#2174,1.1186159999999998);
#2176=IFCSHAPEREPRESENTATION(#11,'Body','SweptSolid',(#2175));
#2177=IFCPRODUCTDEFINITIONSHAPE($,$,(#2176));
#2183=IFCRELVOIDSELEMENT('22kLdRPjPCOOVf$3cn$hxI',$,$,$,#239,#2168);
#2184=IFCCARTESIANPOINT((0.,0.92075203199999978,1.0149840000000001));
#2185=IFCDIRECTION((0.,0.,1.));
#2186=IFCDIRECTION((1.,0.,0.));
#2187=IFCAXIS2PLACEMENT3D(#2184,#2185,#2186);
#2188=IFCLOCALPLACEMENT(#258,#2187);
#2189=IFCWINDOW('0Tfedg8VH9cuHpesrKUyM6',$,'Window - Dining W1',$,$,#2210,#2199,$,1.1186159999999998,0.81280101599999999,$,$,$);
#2190=IFCCARTESIANPOINT((0.,0.));
#2191=IFCAXIS2PLACEMENT2D(#2190,$);
#2192=IFCRECTANGLEPROFILEDEF(.AREA.,$,#2191,0.050000000000000003,0.81280101599999999);
#2193=IFCCARTESIANPOINT((0.,0.,0.));
#2194=IFCAXIS2PLACEMENT3D(#2193,$,$);
#2195=IFCDIRECTION((0.,0.,1.));
#2196=IFCEXTRUDEDAREASOLID(#2192,#2194,#2195,1.1186159999999998);
#2197=IFCSHAPEREPRESENTATION(#11,'Body','SweptSolid',(#2196));
#2198=IFCSTYLEDITEM(#2196,(#1218),$);
#2199=IFCPRODUCTDEFINITIONSHAPE($,$,(#2197));
#2205=IFCRELFILLSELEMENT('351D$geon5lR6I4oierJWB',$,$,$,#2168,#2189);
#2206=IFCCARTESIANPOINT((0.,0.,0.));
#2207=IFCDIRECTION((0.,0.,1.));
#2208=IFCDIRECTION((1.,0.,0.));
#2209=IFCAXIS2PLACEMENT3D(#2206,#2207,#2208);
#2210=IFCLOCALPLACEMENT(#2188,#2209);
#2211=IFCOPENINGELEMENT('2rMAO5Avz2$Or59bo5Jsbz',$,'Opening - Window - Dining W2',$,$,#2231,#2220,$,$);
#2212=IFCCARTESIANPOINT((0.,0.));
#2213=IFCAXIS2PLACEMENT2D(#2212,$);
#2214=IFCRECTANGLEPROFILEDEF(.AREA.,$,#2213,0.23968984000000002,0.81280101599999999);
#2215=IFCCARTESIANPOINT((0.,0.,0.));
#2216=IFCAXIS2PLACEMENT3D(#2215,$,$);
#2217=IFCDIRECTION((0.,0.,1.));
#2218=IFCEXTRUDEDAREASOLID(#2214,#2216,#2217,1.1186159999999998);
#2219=IFCSHAPEREPRESENTATION(#11,'Body','SweptSolid',(#2218));
#2220=IFCPRODUCTDEFINITIONSHAPE($,$,(#2219));
#2226=IFCRELVOIDSELEMENT('0HL60lt1r64QmaKQe28Ug7',$,$,$,#239,#2211);
#2227=IFCCARTESIANPOINT((0.,2.7622530480000003,1.0149840000000001));
#2228=IFCDIRECTION((0.,0.,1.));
#2229=IFCDIRECTION((1.,0.,0.));
#2230=IFCAXIS2PLACEMENT3D(#2227,#2228,#2229);
#2231=IFCLOCALPLACEMENT(#258,#2230);
#2232=IFCWINDOW('3zhUD2QRT8GRYtCvf67A4O',$,'Window - Dining W2',$,$,#2253,#2242,$,1.1186159999999998,0.81280101599999999,$,$,$);
#2233=IFCCARTESIANPOINT((0.,0.));
#2234=IFCAXIS2PLACEMENT2D(#2233,$);
#2235=IFCRECTANGLEPROFILEDEF(.AREA.,$,#2234,0.050000000000000003,0.81280101599999999);
#2236=IFCCARTESIANPOINT((0.,0.,0.));
#2237=IFCAXIS2PLACEMENT3D(#2236,$,$);
#2238=IFCDIRECTION((0.,0.,1.));
#2239=IFCEXTRUDEDAREASOLID(#2235,#2237,#2238,1.1186159999999998);
#2240=IFCSHAPEREPRESENTATION(#11,'Body','SweptSolid',(#2239));
#2241=IFCSTYLEDITEM(#2239,(#1218),$);
#2242=IFCPRODUCTDEFINITIONSHAPE($,$,(#2240));
#2248=IFCRELFILLSELEMENT('39Ezx9KHP4duYu9VBdgKk9',$,$,$,#2211,#2232);
#2249=IFCCARTESIANPOINT((0.,0.,0.));
#2250=IFCDIRECTION((0.,0.,1.));
#2251=IFCDIRECTION((1.,0.,0.));
#2252=IFCAXIS2PLACEMENT3D(#2249,#2250,#2251);
#2253=IFCLOCALPLACEMENT(#2231,#2252);
#2254=IFCOPENINGELEMENT('3WWAUrN7vCIQXgL8E1RU$D',$,'Opening - Window - Dining N1',$,$,#2274,#2263,$,$);
#2255=IFCCARTESIANPOINT((0.,0.));
#2256=IFCAXIS2PLACEMENT2D(#2255,$);
#2257=IFCRECTANGLEPROFILEDEF(.AREA.,$,#2256,1.0668,0.23968984000000002);
#2258=IFCCARTESIANPOINT((0.,0.,0.));
#2259=IFCAXIS2PLACEMENT3D(#2258,$,$);
#2260=IFCDIRECTION((0.,0.,1.));
#2261=IFCEXTRUDEDAREASOLID(#2257,#2259,#2260,1.3715999999999999);
#2262=IFCSHAPEREPRESENTATION(#11,'Body','SweptSolid',(#2261));
#2263=IFCPRODUCTDEFINITIONSHAPE($,$,(#2262));
#2269=IFCRELVOIDSELEMENT('1i0NLnwDH4WfRBorVRiso2',$,$,$,#79,#2254);
#2270=IFCCARTESIANPOINT((-2.5527000000000006,-1.0159999998649027E-05,0.76200000000000001));
#2271=IFCDIRECTION((0.,0.,1.));
#2272=IFCDIRECTION((1.,0.,0.));
#2273=IFCAXIS2PLACEMENT3D(#2270,#2271,#2272);
#2274=IFCLOCALPLACEMENT(#98,#2273);
#2275=IFCWINDOW('2WTGVYcmLEPRIU9HT5f7Z3',$,'Window - Dining N1',$,$,#2296,#2285,$,1.3715999999999999,1.0668,$,$,$);
#2276=IFCCARTESIANPOINT((0.,0.));
#2277=IFCAXIS2PLACEMENT2D(#2276,$);
#2278=IFCRECTANGLEPROFILEDEF(.AREA.,$,#2277,1.0668,0.050000000000000003);
#2279=IFCCARTESIANPOINT((0.,0.,0.));
#2280=IFCAXIS2PLACEMENT3D(#2279,$,$);
#2281=IFCDIRECTION((0.,0.,1.));
#2282=IFCEXTRUDEDAREASOLID(#2278,#2280,#2281,1.3715999999999999);
#2283=IFCSHAPEREPRESENTATION(#11,'Body','SweptSolid',(#2282));
#2284=IFCSTYLEDITEM(#2282,(#1218),$);
#2285=IFCPRODUCTDEFINITIONSHAPE($,$,(#2283));
#2291=IFCRELFILLSELEMENT('0kkYEciEP6jR_EAOIpLqBm',$,$,$,#2254,#2275);
#2292=IFCCARTESIANPOINT((0.,0.,0.));
#2293=IFCDIRECTION((0.,0.,1.));
#2294=IFCDIRECTION((1.,0.,0.));
#2295=IFCAXIS2PLACEMENT3D(#2292,#2293,#2294);
#2296=IFCLOCALPLACEMENT(#2274,#2295);
#2297=IFCOPENINGELEMENT('1btvAu5k5DOxogq7KALOQr',$,'Opening - Window - Dining N2',$,$,#2317,#2306,$,$);
#2298=IFCCARTESIANPOINT((0.,0.));
#2299=IFCAXIS2PLACEMENT2D(#2298,$);
#2300=IFCRECTANGLEPROFILEDEF(.AREA.,$,#2299,1.0668,0.23968984000000002);
#2301=IFCCARTESIANPOINT((0.,0.,0.));
#2302=IFCAXIS2PLACEMENT3D(#2301,$,$);
#2303=IFCDIRECTION((0.,0.,1.));
#2304=IFCEXTRUDEDAREASOLID(#2300,#2302,#2303,1.3715999999999999);
#2305=IFCSHAPEREPRESENTATION(#11,'Body','SweptSolid',(#2304));
#2306=IFCPRODUCTDEFINITIONSHAPE($,$,(#2305));
#2312=IFCRELVOIDSELEMENT('13UV3RNxDFWv7oyVTp0N0O',$,$,$,#79,#2297);
#2313=IFCCARTESIANPOINT((-5.1054000000000013,-1.0159999998649027E-05,0.76200000000000001));
#2314=IFCDIRECTION((0.,0.,1.));
#2315=IFCDIRECTION((1.,0.,0.));
#2316=IFCAXIS2PLACEMENT3D(#2313,#2314,#2315);
#2317=IFCLOCALPLACEMENT(#98,#2316);
#2318=IFCWINDOW('3Wt3PDbDjBHRfoL3T5tzRA',$,'Window - Dining N2',$,$,#2339,#2328,$,1.3715999999999999,1.0668,$,$,$);
#2319=IFCCARTESIANPOINT((0.,0.));
#2320=IFCAXIS2PLACEMENT2D(#2319,$);
#2321=IFCRECTANGLEPROFILEDEF(.AREA.,$,#2320,1.0668,0.050000000000000003);
#2322=IFCCARTESIANPOINT((0.,0.,0.));
#2323=IFCAXIS2PLACEMENT3D(#2322,$,$);
#2324=IFCDIRECTION((0.,0.,1.));
#2325=IFCEXTRUDEDAREASOLID(#2321,#2323,#2324,1.3715999999999999);
#2326=IFCSHAPEREPRESENTATION(#11,'Body','SweptSolid',(#2325));
#2327=IFCSTYLEDITEM(#2325,(#1218),$);
#2328=IFCPRODUCTDEFINITIONSHAPE($,$,(#2326));
#2334=IFCRELFILLSELEMENT('082OuO4ibE$vOUj0Xx0DTQ',$,$,$,#2297,#2318);
#2335=IFCCARTESIANPOINT((0.,0.,0.));
#2336=IFCDIRECTION((0.,0.,1.));
#2337=IFCDIRECTION((1.,0.,0.));
#2338=IFCAXIS2PLACEMENT3D(#2335,#2336,#2337);
#2339=IFCLOCALPLACEMENT(#2317,#2338);
#2340=IFCCARTESIANPOINT((0.,0.));
#2341=IFCAXIS2PLACEMENT2D(#2340,$);
#2342=IFCRECTANGLEPROFILEDEF(.AREA.,$,#2341,4.8514101600000004,4.2925898400000007);
#2343=IFCCARTESIANPOINT((-7.0230949200000001,2.7558949200000007,0.));
#2344=IFCAXIS2PLACEMENT3D(#2343,$,$);
#2345=IFCDIRECTION((0.,0.,1.));
#2346=IFCEXTRUDEDAREASOLID(#2342,#2344,#2345,0.0076200000000000009);
#2347=IFCSTYLEDITEM(#2346,(#554),$);
#2348=IFCCARTESIANPOINT((0.,0.));
#2349=IFCAXIS2PLACEMENT2D(#2348,$);
#2350=IFCRECTANGLEPROFILEDEF(.AREA.,$,#2349,1.4347963613062582,0.14874239999999994);
#2351=IFCCARTESIANPOINT((-8.7314018193468712,0.6839712,0.0076200000000000009));
#2352=IFCAXIS2PLACEMENT3D(#2351,$,$);
#2353=IFCDIRECTION((0.,0.,1.));
#2354=IFCEXTRUDEDAREASOLID(#2350,#2352,#2353,0.015240000000000002);
#2355=IFCSTYLEDITEM(#2354,(#727),$);
#2356=IFCCARTESIANPOINT((0.,0.));
#2357=IFCAXIS2PLACEMENT2D(#2356,$);
#2358=IFCRECTANGLEPROFILEDEF(.AREA.,$,#2357,3.038856,0.14874239999999994);
#2359=IFCCARTESIANPOINT((-6.4854316386937434,0.6839712,0.0076200000000000009));
#2360=IFCAXIS2PLACEMENT3D(#2359,$,$);
#2361=IFCDIRECTION((0.,0.,1.));
#2362=IFCEXTRUDEDAREASOLID(#2358,#2360,#2361,0.015240000000000002);
#2363=IFCSTYLEDITEM(#2362,(#625),$);
#2364=IFCCARTESIANPOINT((0.,0.));
#2365=IFCAXIS2PLACEMENT2D(#2364,$);
#2366=IFCRECTANGLEPROFILEDEF(.AREA.,$,#2365,0.35946979869374296,0.14874239999999994);
#2367=IFCCARTESIANPOINT((-4.7771247393468714,0.6839712,0.0076200000000000009));
#2368=IFCAXIS2PLACEMENT3D(#2367,$,$);
#2369=IFCDIRECTION((0.,0.,1.));
#2370=IFCEXTRUDEDAREASOLID(#2366,#2368,#2369,0.015240000000000002);
#2371=IFCSTYLEDITEM(#2370,(#587),$);
#2372=IFCCARTESIANPOINT((0.,0.));
#2373=IFCAXIS2PLACEMENT2D(#2372,$);
#2374=IFCRECTANGLEPROFILEDEF(.AREA.,$,#2373,1.6778615654104909,0.14874240000000005);
#2375=IFCCARTESIANPOINT((-8.6098692172947544,0.83637120000000009,0.0076200000000000009));
#2376=IFCAXIS2PLACEMENT3D(#2375,$,$);
#2377=IFCDIRECTION((0.,0.,1.));
#2378=IFCEXTRUDEDAREASOLID(#2374,#2376,#2377,0.015240000000000002);
#2379=IFCSTYLEDITEM(#2378,(#587),$);
#2380=IFCCARTESIANPOINT((0.,0.));
#2381=IFCAXIS2PLACEMENT2D(#2380,$);
#2382=IFCRECTANGLEPROFILEDEF(.AREA.,$,#2381,3.038856,0.14874240000000005);
#2383=IFCCARTESIANPOINT((-6.242366434589508,0.83637120000000009,0.0076200000000000009));
#2384=IFCAXIS2PLACEMENT3D(#2383,$,$);
#2385=IFCDIRECTION((0.,0.,1.));
#2386=IFCEXTRUDEDAREASOLID(#2382,#2384,#2385,0.015240000000000002);
#2387=IFCSTYLEDITEM(#2386,(#587),$);
#2388=IFCCARTESIANPOINT((0.,0.));
#2389=IFCAXIS2PLACEMENT2D(#2388,$);
#2390=IFCRECTANGLEPROFILEDEF(.AREA.,$,#2389,0.11640459458950847,0.14874240000000005);
#2391=IFCCARTESIANPOINT((-4.6555921372947537,0.83637120000000009,0.0076200000000000009));
#2392=IFCAXIS2PLACEMENT3D(#2391,$,$);
#2393=IFCDIRECTION((0.,0.,1.));
#2394=IFCEXTRUDEDAREASOLID(#2390,#2392,#2393,0.015240000000000002);
#2395=IFCSTYLEDITEM(#2394,(#576),$);
#2396=IFCCARTESIANPOINT((0.,0.));
#2397=IFCAXIS2PLACEMENT2D(#2396,$);
#2398=IFCRECTANGLEPROFILEDEF(.AREA.,$,#2397,2.2039684840644886,0.14874239999999994);
#2399=IFCCARTESIANPOINT((-8.3468157579677555,0.98877120000000007,0.0076200000000000009));
#2400=IFCAXIS2PLACEMENT3D(#2399,$,$);
#2401=IFCDIRECTION((0.,0.,1.));
#2402=IFCEXTRUDEDAREASOLID(#2398,#2400,#2401,0.015240000000000002);
#2403=IFCSTYLEDITEM(#2402,(#676),$);
#2404=IFCCARTESIANPOINT((0.,0.));
#2405=IFCAXIS2PLACEMENT2D(#2404,$);
#2406=IFCRECTANGLEPROFILEDEF(.AREA.,$,#2405,2.6382976759355117,0.14874239999999994);
#2407=IFCCARTESIANPOINT((-5.9165386779677558,0.98877120000000007,0.0076200000000000009));
#2408=IFCAXIS2PLACEMENT3D(#2407,$,$);
#2409=IFCDIRECTION((0.,0.,1.));
#2410=IFCEXTRUDEDAREASOLID(#2406,#2408,#2409,0.015240000000000002);
#2411=IFCSTYLEDITEM(#2410,(#565),$);
#2412=IFCCARTESIANPOINT((0.,0.));
#2413=IFCAXIS2PLACEMENT2D(#2412,$);
#2414=IFCRECTANGLEPROFILEDEF(.AREA.,$,#2413,0.80034423668170973,0.14874240000000016);
#2415=IFCCARTESIANPOINT((-9.0486278816591454,1.1411712000000001,0.0076200000000000009));
#2416=IFCAXIS2PLACEMENT3D(#2415,$,$);
#2417=IFCDIRECTION((0.,0.,1.));
#2418=IFCEXTRUDEDAREASOLID(#2414,#2416,#2417,0.015240000000000002);
#2419=IFCSTYLEDITEM(#2418,(#625),$);
#2420=IFCCARTESIANPOINT((0.,0.));
#2421=IFCAXIS2PLACEMENT2D(#2420,$);
#2422=IFCRECTANGLEPROFILEDEF(.AREA.,$,#2421,3.038856,0.14874240000000016);
#2423=IFCCARTESIANPOINT((-7.1198837633182919,1.1411712000000001,0.0076200000000000009));
#2424=IFCAXIS2PLACEMENT3D(#2423,$,$);
#2425=IFCDIRECTION((0.,0.,1.));
#2426=IFCEXTRUDEDAREASOLID(#2422,#2424,#2425,0.015240000000000002);
#2427=IFCSTYLEDITEM(#2426,(#606),$);
#2428=IFCCARTESIANPOINT((0.,0.));
#2429=IFCAXIS2PLACEMENT2D(#2428,$);
#2430=IFCRECTANGLEPROFILEDEF(.AREA.,$,#2429,0.99392192331829232,0.14874240000000016);
#2431=IFCCARTESIANPOINT((-5.0943508016591466,1.1411712000000001,0.0076200000000000009));
#2432=IFCAXIS2PLACEMENT3D(#2431,$,$);
#2433=IFCDIRECTION((0.,0.,1.));
#2434=IFCEXTRUDEDAREASOLID(#2430,#2432,#2433,0.015240000000000002);
#2435=IFCSTYLEDITEM(#2434,(#676),$);
#2436=IFCCARTESIANPOINT((0.,0.));
#2437=IFCAXIS2PLACEMENT2D(#2436,$);
#2438=IFCRECTANGLEPROFILEDEF(.AREA.,$,#2437,1.2987862260545935,0.14874240000000016);
#2439=IFCCARTESIANPOINT((-8.7994068869727045,1.2935712000000001,0.0076200000000000009));
#2440=IFCAXIS2PLACEMENT3D(#2439,$,$);
#2441=IFCDIRECTION((0.,0.,1.));
#2442=IFCEXTRUDEDAREASOLID(#2438,#2440,#2441,0.015240000000000002);
#2443=IFCSTYLEDITEM(#2442,(#625),$);
#2444=IFCCARTESIANPOINT((0.,0.));
#2445=IFCAXIS2PLACEMENT2D(#2444,$);
#2446=IFCRECTANGLEPROFILEDEF(.AREA.,$,#2445,3.038856,0.14874240000000016);
#2447=IFCCARTESIANPOINT((-6.6214417739454081,1.2935712000000001,0.0076200000000000009));
#2448=IFCAXIS2PLACEMENT3D(#2447,$,$);
#2449=IFCDIRECTION((0.,0.,1.));
#2450=IFCEXTRUDEDAREASOLID(#2446,#2448,#2449,0.015240000000000002);
#2451=IFCSTYLEDITEM(#2450,(#606),$);
#2452=IFCCARTESIANPOINT((0.,0.));
#2453=IFCAXIS2PLACEMENT2D(#2452,$);
#2454=IFCRECTANGLEPROFILEDEF(.AREA.,$,#2453,0.49547993394540768,0.14874240000000016);
#2455=IFCCARTESIANPOINT((-4.8451298069727038,1.2935712000000001,0.0076200000000000009));
#2456=IFCAXIS2PLACEMENT3D(#2455,$,$);
#2457=IFCDIRECTION((0.,0.,1.));
#2458=IFCEXTRUDEDAREASOLID(#2454,#2456,#2457,0.015240000000000002);
#2459=IFCSTYLEDITEM(#2458,(#727),$);
#2460=IFCCARTESIANPOINT((0.,0.));
#2461=IFCAXIS2PLACEMENT2D(#2460,$);
#2462=IFCRECTANGLEPROFILEDEF(.AREA.,$,#2461,1.9404316301564508,0.14874239999999994);
#2463=IFCCARTESIANPOINT((-8.4785841849217753,1.4459712,0.0076200000000000009));
#2464=IFCAXIS2PLACEMENT3D(#2463,$,$);
#2465=IFCDIRECTION((0.,0.,1.));
#2466=IFCEXTRUDEDAREASOLID(#2462,#2464,#2465,0.015240000000000002);
#2467=IFCSTYLEDITEM(#2466,(#565),$);
#2468=IFCCARTESIANPOINT((0.,0.));
#2469=IFCAXIS2PLACEMENT2D(#2468,$);
#2470=IFCRECTANGLEPROFILEDEF(.AREA.,$,#2469,2.9018345298435486,0.14874239999999994);
#2471=IFCCARTESIANPOINT((-6.0483071049217738,1.4459712,0.0076200000000000009));
#2472=IFCAXIS2PLACEMENT3D(#2471,$,$);
#2473=IFCDIRECTION((0.,0.,1.));
#2474=IFCEXTRUDEDAREASOLID(#2470,#2472,#2473,0.015240000000000002);
#2475=IFCSTYLEDITEM(#2474,(#565),$);
#2476=IFCCARTESIANPOINT((0.,0.));
#2477=IFCAXIS2PLACEMENT2D(#2476,$);
#2478=IFCRECTANGLEPROFILEDEF(.AREA.,$,#2477,0.20882565215600835,0.14874240000000016);
#2479=IFCCARTESIANPOINT((-9.3443871739219961,1.5983712000000001,0.0076200000000000009));
#2480=IFCAXIS2PLACEMENT3D(#2479,$,$);
#2481=IFCDIRECTION((0.,0.,1.));
#2482=IFCEXTRUDEDAREASOLID(#2478,#2480,#2481,0.015240000000000002);
#2483=IFCSTYLEDITEM(#2482,(#606),$);
#2484=IFCCARTESIANPOINT((0.,0.));
#2485=IFCAXIS2PLACEMENT2D(#2484,$);
#2486=IFCRECTANGLEPROFILEDEF(.AREA.,$,#2485,3.038856,0.14874240000000016);
#2487=IFCCARTESIANPOINT((-7.7114023478439933,1.5983712000000001,0.0076200000000000009));
#2488=IFCAXIS2PLACEMENT3D(#2487,$,$);
#2489=IFCDIRECTION((0.,0.,1.));
#2490=IFCEXTRUDEDAREASOLID(#2486,#2488,#2489,0.015240000000000002);
#2491=IFCSTYLEDITEM(#2490,(#606),$);
#2492=IFCCARTESIANPOINT((0.,0.));
#2493=IFCAXIS2PLACEMENT2D(#2492,$);
#2494=IFCRECTANGLEPROFILEDEF(.AREA.,$,#2493,1.5854405078439928,0.14874240000000016);
#2495=IFCCARTESIANPOINT((-5.3901100939219964,1.5983712000000001,0.0076200000000000009));
#2496=IFCAXIS2PLACEMENT3D(#2495,$,$);
#2497=IFCDIRECTION((0.,0.,1.));
#2498=IFCEXTRUDEDAREASOLID(#2494,#2496,#2497,0.015240000000000002);
#2499=IFCSTYLEDITEM(#2498,(#625),$);
#2500=IFCCARTESIANPOINT((0.,0.));
#2501=IFCAXIS2PLACEMENT2D(#2500,$);
#2502=IFCRECTANGLEPROFILEDEF(.AREA.,$,#2501,2.7986418080311095,0.14874240000000016);
#2503=IFCCARTESIANPOINT((-8.0494790959844451,1.7507712000000002,0.0076200000000000009));
#2504=IFCAXIS2PLACEMENT3D(#2503,$,$);
#2505=IFCDIRECTION((0.,0.,1.));
#2506=IFCEXTRUDEDAREASOLID(#2502,#2504,#2505,0.015240000000000002);
#2507=IFCSTYLEDITEM(#2506,(#676),$);
#2508=IFCCARTESIANPOINT((0.,0.));
#2509=IFCAXIS2PLACEMENT2D(#2508,$);
#2510=IFCRECTANGLEPROFILEDEF(.AREA.,$,#2509,2.0436243519688908,0.14874240000000016);
#2511=IFCCARTESIANPOINT((-5.6192020159844454,1.7507712000000002,0.0076200000000000009));
#2512=IFCAXIS2PLACEMENT3D(#2511,$,$);
#2513=IFCDIRECTION((0.,0.,1.));
#2514=IFCEXTRUDEDAREASOLID(#2510,#2512,#2513,0.015240000000000002);
#2515=IFCSTYLEDITEM(#2514,(#576),$);
#2516=IFCCARTESIANPOINT((0.,0.));
#2517=IFCAXIS2PLACEMENT2D(#2516,$);
#2518=IFCRECTANGLEPROFILEDEF(.AREA.,$,#2517,0.84138132758553397,0.14874239999999994);
#2519=IFCCARTESIANPOINT((-9.0281093362072333,1.9031712000000003,0.0076200000000000009));
#2520=IFCAXIS2PLACEMENT3D(#2519,$,$);
#2521=IFCDIRECTION((0.,0.,1.));
#2522=IFCEXTRUDEDAREASOLID(#2518,#2520,#2521,0.015240000000000002);
#2523=IFCSTYLEDITEM(#2522,(#606),$);
#2524=IFCCARTESIANPOINT((0.,0.));
#2525=IFCAXIS2PLACEMENT2D(#2524,$);
#2526=IFCRECTANGLEPROFILEDEF(.AREA.,$,#2525,3.038856,0.14874239999999994);
#2527=IFCCARTESIANPOINT((-7.0788466724144676,1.9031712000000003,0.0076200000000000009));
#2528=IFCAXIS2PLACEMENT3D(#2527,$,$);
#2529=IFCDIRECTION((0.,0.,1.));
#2530=IFCEXTRUDEDAREASOLID(#2526,#2528,#2529,0.015240000000000002);
#2531=IFCSTYLEDITEM(#2530,(#576),$);
#2532=IFCCARTESIANPOINT((0.,0.));
#2533=IFCAXIS2PLACEMENT2D(#2532,$);
#2534=IFCRECTANGLEPROFILEDEF(.AREA.,$,#2533,0.9528848324144672,0.14874239999999994);
#2535=IFCCARTESIANPOINT((-5.0738322562072335,1.9031712000000003,0.0076200000000000009));
#2536=IFCAXIS2PLACEMENT3D(#2535,$,$);
#2537=IFCDIRECTION((0.,0.,1.));
#2538=IFCEXTRUDEDAREASOLID(#2534,#2536,#2537,0.015240000000000002);
#2539=IFCSTYLEDITEM(#2538,(#625),$);
#2540=IFCCARTESIANPOINT((0.,0.));
#2541=IFCAXIS2PLACEMENT2D(#2540,$);
#2542=IFCRECTANGLEPROFILEDEF(.AREA.,$,#2541,0.28093965524098685,0.14874239999999994);
#2543=IFCCARTESIANPOINT((-9.308330172379506,2.0555711999999997,0.0076200000000000009));
#2544=IFCAXIS2PLACEMENT3D(#2543,$,$);
#2545=IFCDIRECTION((0.,0.,1.));
#2546=IFCEXTRUDEDAREASOLID(#2542,#2544,#2545,0.015240000000000002);
#2547=IFCSTYLEDITEM(#2546,(#606),$);
#2548=IFCCARTESIANPOINT((0.,0.));
#2549=IFCAXIS2PLACEMENT2D(#2548,$);
#2550=IFCRECTANGLEPROFILEDEF(.AREA.,$,#2549,3.038856,0.14874239999999994);
#2551=IFCCARTESIANPOINT((-7.6392883447590147,2.0555711999999997,0.0076200000000000009));
#2552=IFCAXIS2PLACEMENT3D(#2551,$,$);
#2553=IFCDIRECTION((0.,0.,1.));
#2554=IFCEXTRUDEDAREASOLID(#2550,#2552,#2553,0.015240000000000002);
#2555=IFCSTYLEDITEM(#2554,(#576),$);
#2556=IFCCARTESIANPOINT((0.,0.));
#2557=IFCAXIS2PLACEMENT2D(#2556,$);
#2558=IFCRECTANGLEPROFILEDEF(.AREA.,$,#2557,1.5133265047590143,0.14874239999999994);
#2559=IFCCARTESIANPOINT((-5.3540530923795071,2.0555711999999997,0.0076200000000000009));
#2560=IFCAXIS2PLACEMENT3D(#2559,$,$);
#2561=IFCDIRECTION((0.,0.,1.));
#2562=IFCEXTRUDEDAREASOLID(#2558,#2560,#2561,0.015240000000000002);
#2563=IFCSTYLEDITEM(#2562,(#625),$);
#2564=IFCCARTESIANPOINT((0.,0.));
#2565=IFCAXIS2PLACEMENT2D(#2564,$);
#2566=IFCRECTANGLEPROFILEDEF(.AREA.,$,#2565,2.7829007886696902,0.14874240000000016);
#2567=IFCCARTESIANPOINT((-8.0573496056651557,2.2079711999999998,0.0076200000000000009));
#2568=IFCAXIS2PLACEMENT3D(#2567,$,$);
#2569=IFCDIRECTION((0.,0.,1.));
#2570=IFCEXTRUDEDAREASOLID(#2566,#2568,#2569,0.015240000000000002);
#2571=IFCSTYLEDITEM(#2570,(#727),$);
#2572=IFCCARTESIANPOINT((0.,0.));
#2573=IFCAXIS2PLACEMENT2D(#2572,$);
#2574=IFCRECTANGLEPROFILEDEF(.AREA.,$,#2573,2.0593653713303102,0.14874240000000016);
#2575=IFCCARTESIANPOINT((-5.627072525665155,2.2079711999999998,0.0076200000000000009));
#2576=IFCAXIS2PLACEMENT3D(#2575,$,$);
#2577=IFCDIRECTION((0.,0.,1.));
#2578=IFCEXTRUDEDAREASOLID(#2574,#2576,#2577,0.015240000000000002);
#2579=IFCSTYLEDITEM(#2578,(#576),$);
#2580=IFCCARTESIANPOINT((0.,0.));
#2581=IFCAXIS2PLACEMENT2D(#2580,$);
#2582=IFCRECTANGLEPROFILEDEF(.AREA.,$,#2581,1.6423124042649269,0.14874240000000016);
#2583=IFCCARTESIANPOINT((-8.6276437978675364,2.3603711999999999,0.0076200000000000009));
#2584=IFCAXIS2PLACEMENT3D(#2583,$,$);
#2585=IFCDIRECTION((0.,0.,1.));
#2586=IFCEXTRUDEDAREASOLID(#2582,#2584,#2585,0.015240000000000002);
#2587=IFCSTYLEDITEM(#2586,(#565),$);
#2588=IFCCARTESIANPOINT((0.,0.));
#2589=IFCAXIS2PLACEMENT2D(#2588,$);
#2590=IFCRECTANGLEPROFILEDEF(.AREA.,$,#2589,3.038856,0.14874240000000016);
#2591=IFCCARTESIANPOINT((-6.2779155957350739,2.3603711999999999,0.0076200000000000009));
#2592=IFCAXIS2PLACEMENT3D(#2591,$,$);
#2593=IFCDIRECTION((0.,0.,1.));
#2594=IFCEXTRUDEDAREASOLID(#2590,#2592,#2593,0.015240000000000002);
#2595=IFCSTYLEDITEM(#2594,(#676),$);
#2596=IFCCARTESIANPOINT((0.,0.));
#2597=IFCAXIS2PLACEMENT2D(#2596,$);
#2598=IFCRECTANGLEPROFILEDEF(.AREA.,$,#2597,0.1519537557350743,0.14874240000000016);
#2599=IFCCARTESIANPOINT((-4.6733667178675375,2.3603711999999999,0.0076200000000000009));
#2600=IFCAXIS2PLACEMENT3D(#2599,$,$);
#2601=IFCDIRECTION((0.,0.,1.));
#2602=IFCEXTRUDEDAREASOLID(#2598,#2600,#2601,0.015240000000000002);
#2603=IFCSTYLEDITEM(#2602,(#576),$);
#2604=IFCCARTESIANPOINT((0.,0.));
#2605=IFCAXIS2PLACEMENT2D(#2604,$);
#2606=IFCRECTANGLEPROFILEDEF(.AREA.,$,#2605,0.072782634507731814,0.14874240000000016);
#2607=IFCCARTESIANPOINT((-9.4124086827461344,2.5127712,0.0076200000000000009));
#2608=IFCAXIS2PLACEMENT3D(#2607,$,$);
#2609=IFCDIRECTION((0.,0.,1.));
#2610=IFCEXTRUDEDAREASOLID(#2606,#2608,#2609,0.015240000000000002);
#2611=IFCSTYLEDITEM(#2610,(#727),$);
#2612=IFCCARTESIANPOINT((0.,0.));
#2613=IFCAXIS2PLACEMENT2D(#2612,$);
#2614=IFCRECTANGLEPROFILEDEF(.AREA.,$,#2613,3.038856,0.14874240000000016);
#2615=IFCCARTESIANPOINT((-7.8474453654922698,2.5127712,0.0076200000000000009));
#2616=IFCAXIS2PLACEMENT3D(#2615,$,$);
#2617=IFCDIRECTION((0.,0.,1.));
#2618=IFCEXTRUDEDAREASOLID(#2614,#2616,#2617,0.015240000000000002);
#2619=IFCSTYLEDITEM(#2618,(#727),$);
#2620=IFCCARTESIANPOINT((0.,0.));
#2621=IFCAXIS2PLACEMENT2D(#2620,$);
#2622=IFCRECTANGLEPROFILEDEF(.AREA.,$,#2621,1.7214835254922694,0.14874240000000016);
#2623=IFCCARTESIANPOINT((-5.4581316027461346,2.5127712,0.0076200000000000009));
#2624=IFCAXIS2PLACEMENT3D(#2623,$,$);
#2625=IFCDIRECTION((0.,0.,1.));
#2626=IFCEXTRUDEDAREASOLID(#2622,#2624,#2625,0.015240000000000002);
#2627=IFCSTYLEDITEM(#2626,(#576),$);
#2628=IFCCARTESIANPOINT((0.,0.));
#2629=IFCAXIS2PLACEMENT2D(#2628,$);
#2630=IFCRECTANGLEPROFILEDEF(.AREA.,$,#2629,1.619084231509869,0.14874240000000016);
#2631=IFCCARTESIANPOINT((-8.6392578842450654,2.6651712000000001,0.0076200000000000009));
#2632=IFCAXIS2PLACEMENT3D(#2631,$,$);
#2633=IFCDIRECTION((0.,0.,1.));
#2634=IFCEXTRUDEDAREASOLID(#2630,#2632,#2633,0.015240000000000002);
#2635=IFCSTYLEDITEM(#2634,(#565),$);
#2636=IFCCARTESIANPOINT((0.,0.));
#2637=IFCAXIS2PLACEMENT2D(#2636,$);
#2638=IFCRECTANGLEPROFILEDEF(.AREA.,$,#2637,3.038856,0.14874240000000016);
#2639=IFCCARTESIANPOINT((-6.3011437684901317,2.6651712000000001,0.0076200000000000009));
#2640=IFCAXIS2PLACEMENT3D(#2639,$,$);
#2641=IFCDIRECTION((0.,0.,1.));
#2642=IFCEXTRUDEDAREASOLID(#2638,#2640,#2641,0.015240000000000002);
#2643=IFCSTYLEDITEM(#2642,(#587),$);
#2644=IFCCARTESIANPOINT((0.,0.));
#2645=IFCAXIS2PLACEMENT2D(#2644,$);
#2646=IFCRECTANGLEPROFILEDEF(.AREA.,$,#2645,0.17518192849013214,0.14874240000000016);
#2647=IFCCARTESIANPOINT((-4.6849808042450665,2.6651712000000001,0.0076200000000000009));
#2648=IFCAXIS2PLACEMENT3D(#2647,$,$);
#2649=IFCDIRECTION((0.,0.,1.));
#2650=IFCEXTRUDEDAREASOLID(#2646,#2648,#2649,0.015240000000000002);
#2651=IFCSTYLEDITEM(#2650,(#565),$);
#2652=IFCCARTESIANPOINT((0.,0.));
#2653=IFCAXIS2PLACEMENT2D(#2652,$);
#2654=IFCRECTANGLEPROFILEDEF(.AREA.,$,#2653,2.2591356932810571,0.14874239999999972);
#2655=IFCCARTESIANPOINT((-8.3192321533594722,2.8175711999999997,0.0076200000000000009));
#2656=IFCAXIS2PLACEMENT3D(#2655,$,$);
#2657=IFCDIRECTION((0.,0.,1.));
#2658=IFCEXTRUDEDAREASOLID(#2654,#2656,#2657,0.015240000000000002);
#2659=IFCSTYLEDITEM(#2658,(#576),$);
#2660=IFCCARTESIANPOINT((0.,0.));
#2661=IFCAXIS2PLACEMENT2D(#2660,$);
#2662=IFCRECTANGLEPROFILEDEF(.AREA.,$,#2661,2.5831304667189432,0.14874239999999972);
#2663=IFCCARTESIANPOINT((-5.8889550733594715,2.8175711999999997,0.0076200000000000009));
#2664=IFCAXIS2PLACEMENT3D(#2663,$,$);
#2665=IFCDIRECTION((0.,0.,1.));
#2666=IFCEXTRUDEDAREASOLID(#2662,#2664,#2665,0.015240000000000002);
#2667=IFCSTYLEDITEM(#2666,(#565),$);
#2668=IFCCARTESIANPOINT((0.,0.));
#2669=IFCAXIS2PLACEMENT2D(#2668,$);
#2670=IFCRECTANGLEPROFILEDEF(.AREA.,$,#2669,1.2790737100218958,0.14874240000000016);
#2671=IFCCARTESIANPOINT((-8.8092631449890533,2.9699711999999998,0.0076200000000000009));
#2672=IFCAXIS2PLACEMENT3D(#2671,$,$);
#2673=IFCDIRECTION((0.,0.,1.));
#2674=IFCEXTRUDEDAREASOLID(#2670,#2672,#2673,0.015240000000000002);
#2675=IFCSTYLEDITEM(#2674,(#625),$);
#2676=IFCCARTESIANPOINT((0.,0.));
#2677=IFCAXIS2PLACEMENT2D(#2676,$);
#2678=IFCRECTANGLEPROFILEDEF(.AREA.,$,#2677,3.038856,0.14874240000000016);
#2679=IFCCARTESIANPOINT((-6.6411542899781058,2.9699711999999998,0.0076200000000000009));
#2680=IFCAXIS2PLACEMENT3D(#2679,$,$);
#2681=IFCDIRECTION((0.,0.,1.));
#2682=IFCEXTRUDEDAREASOLID(#2678,#2680,#2681,0.015240000000000002);
#2683=IFCSTYLEDITEM(#2682,(#565),$);
#2684=IFCCARTESIANPOINT((0.,0.));
#2685=IFCAXIS2PLACEMENT2D(#2684,$);
#2686=IFCRECTANGLEPROFILEDEF(.AREA.,$,#2685,0.51519244997810532,0.14874240000000016);
#2687=IFCCARTESIANPOINT((-4.8549860649890526,2.9699711999999998,0.0076200000000000009));
#2688=IFCAXIS2PLACEMENT3D(#2687,$,$);
#2689=IFCDIRECTION((0.,0.,1.));
#2690=IFCEXTRUDEDAREASOLID(#2686,#2688,#2689,0.015240000000000002);
#2691=IFCSTYLEDITEM(#2690,(#576),$);
#2692=IFCCARTESIANPOINT((0.,0.));
#2693=IFCAXIS2PLACEMENT2D(#2692,$);
#2694=IFCRECTANGLEPROFILEDEF(.AREA.,$,#2693,2.6132860529830628,0.14874240000000016);
#2695=IFCCARTESIANPOINT((-8.1421569735084685,3.1223711999999999,0.0076200000000000009));
#2696=IFCAXIS2PLACEMENT3D(#2695,$,$);
#2697=IFCDIRECTION((0.,0.,1.));
#2698=IFCEXTRUDEDAREASOLID(#2694,#2696,#2697,0.015240000000000002);
#2699=IFCSTYLEDITEM(#2698,(#606),$);
#2700=IFCCARTESIANPOINT((0.,0.));
#2701=IFCAXIS2PLACEMENT2D(#2700,$);
#2702=IFCRECTANGLEPROFILEDEF(.AREA.,$,#2701,2.2289801070169375,0.14874240000000016);
#2703=IFCCARTESIANPOINT((-5.7118798935084687,3.1223711999999999,0.0076200000000000009));
#2704=IFCAXIS2PLACEMENT3D(#2703,$,$);
#2705=IFCDIRECTION((0.,0.,1.));
#2706=IFCEXTRUDEDAREASOLID(#2702,#2704,#2705,0.015240000000000002);
#2707=IFCSTYLEDITEM(#2706,(#576),$);
#2708=IFCCARTESIANPOINT((0.,0.));
#2709=IFCAXIS2PLACEMENT2D(#2708,$);
#2710=IFCRECTANGLEPROFILEDEF(.AREA.,$,#2709,1.9904372278519853,0.14874240000000016);
#2711=IFCCARTESIANPOINT((-8.4535813860740081,3.2747712,0.0076200000000000009));
#2712=IFCAXIS2PLACEMENT3D(#2711,$,$);
#2713=IFCDIRECTION((0.,0.,1.));
#2714=IFCEXTRUDEDAREASOLID(#2710,#2712,#2713,0.015240000000000002);
#2715=IFCSTYLEDITEM(#2714,(#606),$);
#2716=IFCCARTESIANPOINT((0.,0.));
#2717=IFCAXIS2PLACEMENT2D(#2716,$);
#2718=IFCRECTANGLEPROFILEDEF(.AREA.,$,#2717,2.851828932148015,0.14874240000000016);
#2719=IFCCARTESIANPOINT((-6.0233043060740075,3.2747712,0.0076200000000000009));
#2720=IFCAXIS2PLACEMENT3D(#2719,$,$);
#2721=IFCDIRECTION((0.,0.,1.));
#2722=IFCEXTRUDEDAREASOLID(#2718,#2720,#2721,0.015240000000000002);
#2723=IFCSTYLEDITEM(#2722,(#576),$);
#2724=IFCCARTESIANPOINT((0.,0.));
#2725=IFCAXIS2PLACEMENT2D(#2724,$);
#2726=IFCRECTANGLEPROFILEDEF(.AREA.,$,#2725,2.310007359088833,0.14874240000000016);
#2727=IFCCARTESIANPOINT((-8.2937963204555842,3.4271712000000001,0.0076200000000000009));
#2728=IFCAXIS2PLACEMENT3D(#2727,$,$);
#2729=IFCDIRECTION((0.,0.,1.));
#2730=IFCEXTRUDEDAREASOLID(#2726,#2728,#2729,0.015240000000000002);
#2731=IFCSTYLEDITEM(#2730,(#576),$);
#2732=IFCCARTESIANPOINT((0.,0.));
#2733=IFCAXIS2PLACEMENT2D(#2732,$);
#2734=IFCRECTANGLEPROFILEDEF(.AREA.,$,#2733,2.5322588009111673,0.14874240000000016);
#2735=IFCCARTESIANPOINT((-5.8635192404555836,3.4271712000000001,0.0076200000000000009));
#2736=IFCAXIS2PLACEMENT3D(#2735,$,$);
#2737=IFCDIRECTION((0.,0.,1.));
#2738=IFCEXTRUDEDAREASOLID(#2734,#2736,#2737,0.015240000000000002);
#2739=IFCSTYLEDITEM(#2738,(#606),$);
#2740=IFCCARTESIANPOINT((0.,0.));
#2741=IFCAXIS2PLACEMENT2D(#2740,$);
#2742=IFCRECTANGLEPROFILEDEF(.AREA.,$,#2741,1.5737990023494168,0.14874240000000016);
#2743=IFCCARTESIANPOINT((-8.6619004988252915,3.5795712000000002,0.0076200000000000009));
#2744=IFCAXIS2PLACEMENT3D(#2743,$,$);
#2745=IFCDIRECTION((0.,0.,1.));
#2746=IFCEXTRUDEDAREASOLID(#2742,#2744,#2745,0.015240000000000002);
#2747=IFCSTYLEDITEM(#2746,(#576),$);
#2748=IFCCARTESIANPOINT((0.,0.));
#2749=IFCAXIS2PLACEMENT2D(#2748,$);
#2750=IFCRECTANGLEPROFILEDEF(.AREA.,$,#2749,3.038856,0.14874240000000016);
#2751=IFCCARTESIANPOINT((-6.3464289976505821,3.5795712000000002,0.0076200000000000009));
#2752=IFCAXIS2PLACEMENT3D(#2751,$,$);
#2753=IFCDIRECTION((0.,0.,1.));
#2754=IFCEXTRUDEDAREASOLID(#2750,#2752,#2753,0.015240000000000002);
#2755=IFCSTYLEDITEM(#2754,(#676),$);
#2756=IFCCARTESIANPOINT((0.,0.));
#2757=IFCAXIS2PLACEMENT2D(#2756,$);
#2758=IFCRECTANGLEPROFILEDEF(.AREA.,$,#2757,0.22046715765058256,0.14874240000000016);
#2759=IFCCARTESIANPOINT((-4.7076234188252908,3.5795712000000002,0.0076200000000000009));
#2760=IFCAXIS2PLACEMENT3D(#2759,$,$);
#2761=IFCDIRECTION((0.,0.,1.));
#2762=IFCEXTRUDEDAREASOLID(#2758,#2760,#2761,0.015240000000000002);
#2763=IFCSTYLEDITEM(#2762,(#587),$);
#2764=IFCCARTESIANPOINT((0.,0.));
#2765=IFCAXIS2PLACEMENT2D(#2764,$);
#2766=IFCRECTANGLEPROFILEDEF(.AREA.,$,#2765,0.7094644429065351,0.14874239999999972);
#2767=IFCCARTESIANPOINT((-9.0940677785467336,3.7319712000000003,0.0076200000000000009));
#2768=IFCAXIS2PLACEMENT3D(#2767,$,$);
#2769=IFCDIRECTION((0.,0.,1.));
#2770=IFCEXTRUDEDAREASOLID(#2766,#2768,#2769,0.015240000000000002);
#2771=IFCSTYLEDITEM(#2770,(#606),$);
#2772=IFCCARTESIANPOINT((0.,0.));
#2773=IFCAXIS2PLACEMENT2D(#2772,$);
#2774=IFCRECTANGLEPROFILEDEF(.AREA.,$,#2773,3.038856,0.14874239999999972);
#2775=IFCCARTESIANPOINT((-7.2107635570934665,3.7319712000000003,0.0076200000000000009));
#2776=IFCAXIS2PLACEMENT3D(#2775,$,$);
#2777=IFCDIRECTION((0.,0.,1.));
#2778=IFCEXTRUDEDAREASOLID(#2774,#2776,#2777,0.015240000000000002);
#2779=IFCSTYLEDITEM(#2778,(#576),$);
#2780=IFCCARTESIANPOINT((0.,0.));
#2781=IFCAXIS2PLACEMENT2D(#2780,$);
#2782=IFCRECTANGLEPROFILEDEF(.AREA.,$,#2781,1.0848017170934652,0.14874239999999972);
#2783=IFCCARTESIANPOINT((-5.139790698546733,3.7319712000000003,0.0076200000000000009));
#2784=IFCAXIS2PLACEMENT3D(#2783,$,$);
#2785=IFCDIRECTION((0.,0.,1.));
#2786=IFCEXTRUDEDAREASOLID(#2782,#2784,#2785,0.015240000000000002);
#2787=IFCSTYLEDITEM(#2786,(#625),$);
#2788=IFCCARTESIANPOINT((0.,0.));
#2789=IFCAXIS2PLACEMENT2D(#2788,$);
#2790=IFCRECTANGLEPROFILEDEF(.AREA.,$,#2789,1.3029276413152537,0.14874240000000016);
#2791=IFCCARTESIANPOINT((-8.7973361793423734,3.8843711999999999,0.0076200000000000009));
#2792=IFCAXIS2PLACEMENT3D(#2791,$,$);
#2793=IFCDIRECTION((0.,0.,1.));
#2794=IFCEXTRUDEDAREASOLID(#2790,#2792,#2793,0.015240000000000002);
#2795=IFCSTYLEDITEM(#2794,(#587),$);
#2796=IFCCARTESIANPOINT((0.,0.));
#2797=IFCAXIS2PLACEMENT2D(#2796,$);
#2798=IFCRECTANGLEPROFILEDEF(.AREA.,$,#2797,3.038856,0.14874240000000016);
#2799=IFCCARTESIANPOINT((-6.6173003586847479,3.8843711999999999,0.0076200000000000009));
#2800=IFCAXIS2PLACEMENT3D(#2799,$,$);
#2801=IFCDIRECTION((0.,0.,1.));
#2802=IFCEXTRUDEDAREASOLID(#2798,#2800,#2801,0.015240000000000002);
#2803=IFCSTYLEDITEM(#2802,(#727),$);
#2804=IFCCARTESIANPOINT((0.,0.));
#2805=IFCAXIS2PLACEMENT2D(#2804,$);
#2806=IFCRECTANGLEPROFILEDEF(.AREA.,$,#2805,0.49133851868474832,0.14874240000000016);
#2807=IFCCARTESIANPOINT((-4.8430590993423746,3.8843711999999999,0.0076200000000000009));
#2808=IFCAXIS2PLACEMENT3D(#2807,$,$);
#2809=IFCDIRECTION((0.,0.,1.));
#2810=IFCEXTRUDEDAREASOLID(#2806,#2808,#2809,0.015240000000000002);
#2811=IFCSTYLEDITEM(#2810,(#676),$);
#2812=IFCCARTESIANPOINT((0.,0.));
#2813=IFCAXIS2PLACEMENT2D(#2812,$);
#2814=IFCRECTANGLEPROFILEDEF(.AREA.,$,#2813,1.8054034214973056,0.14874239999999928);
#2815=IFCCARTESIANPOINT((-8.5460982892513471,4.0367711999999996,0.0076200000000000009));
#2816=IFCAXIS2PLACEMENT3D(#2815,$,$);
#2817=IFCDIRECTION((0.,0.,1.));
#2818=IFCEXTRUDEDAREASOLID(#2814,#2816,#2817,0.015240000000000002);
#2819=IFCSTYLEDITEM(#2818,(#727),$);
#2820=IFCCARTESIANPOINT((0.,0.));
#2821=IFCAXIS2PLACEMENT2D(#2820,$);
#2822=IFCRECTANGLEPROFILEDEF(.AREA.,$,#2821,3.0368627385026956,0.14874239999999928);
#2823=IFCCARTESIANPOINT((-6.1158212092513473,4.0367711999999996,0.0076200000000000009));
#2824=IFCAXIS2PLACEMENT3D(#2823,$,$);
#2825=IFCDIRECTION((0.,0.,1.));
#2826=IFCEXTRUDEDAREASOLID(#2822,#2824,#2825,0.015240000000000002);
#2827=IFCSTYLEDITEM(#2826,(#576),$);
#2828=IFCCARTESIANPOINT((0.,0.));
#2829=IFCAXIS2PLACEMENT2D(#2828,$);
#2830=IFCRECTANGLEPROFILEDEF(.AREA.,$,#2829,0.29662391256620957,0.14874239999999972);
#2831=IFCCARTESIANPOINT((-9.3004880437168964,4.1891711999999997,0.0076200000000000009));
#2832=IFCAXIS2PLACEMENT3D(#2831,$,$);
#2833=IFCDIRECTION((0.,0.,1.));
#2834=IFCEXTRUDEDAREASOLID(#2830,#2832,#2833,0.015240000000000002);
#2835=IFCSTYLEDITEM(#2834,(#606),$);
#2836=IFCCARTESIANPOINT((0.,0.));
#2837=IFCAXIS2PLACEMENT2D(#2836,$);
#2838=IFCRECTANGLEPROFILEDEF(.AREA.,$,#2837,3.038856,0.14874239999999972);
#2839=IFCCARTESIANPOINT((-7.623604087433792,4.1891711999999997,0.0076200000000000009));
#2840=IFCAXIS2PLACEMENT3D(#2839,$,$);
#2841=IFCDIRECTION((0.,0.,1.));
#2842=IFCEXTRUDEDAREASOLID(#2838,#2840,#2841,0.015240000000000002);
#2843=IFCSTYLEDITEM(#2842,(#587),$);
#2844=IFCCARTESIANPOINT((0.,0.));
#2845=IFCAXIS2PLACEMENT2D(#2844,$);
#2846=IFCRECTANGLEPROFILEDEF(.AREA.,$,#2845,1.4976422474337925,0.14874239999999972);
#2847=IFCCARTESIANPOINT((-5.3462109637168957,4.1891711999999997,0.0076200000000000009));
#2848=IFCAXIS2PLACEMENT3D(#2847,$,$);
#2849=IFCDIRECTION((0.,0.,1.));
#2850=IFCEXTRUDEDAREASOLID(#2846,#2848,#2849,0.015240000000000002);
#2851=IFCSTYLEDITEM(#2850,(#587),$);
#2852=IFCCARTESIANPOINT((0.,0.));
#2853=IFCAXIS2PLACEMENT2D(#2852,$);
#2854=IFCRECTANGLEPROFILEDEF(.AREA.,$,#2853,0.78914453361129411,0.14874239999999972);
#2855=IFCCARTESIANPOINT((-9.0542277331943524,4.3415711999999997,0.0076200000000000009));
#2856=IFCAXIS2PLACEMENT3D(#2855,$,$);
#2857=IFCDIRECTION((0.,0.,1.));
#2858=IFCEXTRUDEDAREASOLID(#2854,#2856,#2857,0.015240000000000002);
#2859=IFCSTYLEDITEM(#2858,(#576),$);
#2860=IFCCARTESIANPOINT((0.,0.));
#2861=IFCAXIS2PLACEMENT2D(#2860,$);
#2862=IFCRECTANGLEPROFILEDEF(.AREA.,$,#2861,3.038856,0.14874239999999972);
#2863=IFCCARTESIANPOINT((-7.1310834663887075,4.3415711999999997,0.0076200000000000009));
#2864=IFCAXIS2PLACEMENT3D(#2863,$,$);
#2865=IFCDIRECTION((0.,0.,1.));
#2866=IFCEXTRUDEDAREASOLID(#2862,#2864,#2865,0.015240000000000002);
#2867=IFCSTYLEDITEM(#2866,(#565),$);
#2868=IFCCARTESIANPOINT((0.,0.));
#2869=IFCAXIS2PLACEMENT2D(#2868,$);
#2870=IFCRECTANGLEPROFILEDEF(.AREA.,$,#2869,1.0051216263887071,0.14874239999999972);
#2871=IFCCARTESIANPOINT((-5.0999506531943535,4.3415711999999997,0.0076200000000000009));
#2872=IFCAXIS2PLACEMENT3D(#2871,$,$);
#2873=IFCDIRECTION((0.,0.,1.));
#2874=IFCEXTRUDEDAREASOLID(#2870,#2872,#2873,0.015240000000000002);
#2875=IFCSTYLEDITEM(#2874,(#676),$);
#2876=IFCCARTESIANPOINT((0.,0.));
#2877=IFCAXIS2PLACEMENT2D(#2876,$);
#2878=IFCRECTANGLEPROFILEDEF(.AREA.,$,#2877,1.5764057803658185,0.14874239999999972);
#2879=IFCCARTESIANPOINT((-8.6605971098170915,4.4939711999999998,0.0076200000000000009));
#2880=IFCAXIS2PLACEMENT3D(#2879,$,$);
#2881=IFCDIRECTION((0.,0.,1.));
#2882=IFCEXTRUDEDAREASOLID(#2878,#2880,#2881,0.015240000000000002);
#2883=IFCSTYLEDITEM(#2882,(#676),$);
#2884=IFCCARTESIANPOINT((0.,0.));
#2885=IFCAXIS2PLACEMENT2D(#2884,$);
#2886=IFCRECTANGLEPROFILEDEF(.AREA.,$,#2885,3.038856,0.14874239999999972);
#2887=IFCCARTESIANPOINT((-6.3438222196341805,4.4939711999999998,0.0076200000000000009));
#2888=IFCAXIS2PLACEMENT3D(#2887,$,$);
#2889=IFCDIRECTION((0.,0.,1.));
#2890=IFCEXTRUDEDAREASOLID(#2886,#2888,#2889,0.015240000000000002);
#2891=IFCSTYLEDITEM(#2890,(#606),$);
#2892=IFCCARTESIANPOINT((0.,0.));
#2893=IFCAXIS2PLACEMENT2D(#2892,$);
#2894=IFCRECTANGLEPROFILEDEF(.AREA.,$,#2893,0.21786037963418092,0.14874239999999972);
#2895=IFCCARTESIANPOINT((-4.7063200298170909,4.4939711999999998,0.0076200000000000009));
#2896=IFCAXIS2PLACEMENT3D(#2895,$,$);
#2897=IFCDIRECTION((0.,0.,1.));
#2898=IFCEXTRUDEDAREASOLID(#2894,#2896,#2897,0.015240000000000002);
#2899=IFCSTYLEDITEM(#2898,(#625),$);
#2900=IFCCARTESIANPOINT((0.,0.));
#2901=IFCAXIS2PLACEMENT2D(#2900,$);
#2902=IFCRECTANGLEPROFILEDEF(.AREA.,$,#2901,0.25018589499773114,0.14874239999999972);
#2903=IFCCARTESIANPOINT((-9.3237070525011347,4.6463711999999999,0.0076200000000000009));
#2904=IFCAXIS2PLACEMENT3D(#2903,$,$);
#2905=IFCDIRECTION((0.,0.,1.));
#2906=IFCEXTRUDEDAREASOLID(#2902,#2904,#2905,0.015240000000000002);
#2907=IFCSTYLEDITEM(#2906,(#676),$);
#2908=IFCCARTESIANPOINT((0.,0.));
#2909=IFCAXIS2PLACEMENT2D(#2908,$);
#2910=IFCRECTANGLEPROFILEDEF(.AREA.,$,#2909,3.038856,0.14874239999999972);
#2911=IFCCARTESIANPOINT((-7.6700421050022705,4.6463711999999999,0.0076200000000000009));
#2912=IFCAXIS2PLACEMENT3D(#2911,$,$);
#2913=IFCDIRECTION((0.,0.,1.));
#2914=IFCEXTRUDEDAREASOLID(#2910,#2912,#2913,0.015240000000000002);
#2915=IFCSTYLEDITEM(#2914,(#727),$);
#2916=IFCCARTESIANPOINT((0.,0.));
#2917=IFCAXIS2PLACEMENT2D(#2916,$);
#2918=IFCRECTANGLEPROFILEDEF(.AREA.,$,#2917,1.54408026500227,0.14874239999999972);
#2919=IFCCARTESIANPOINT((-5.369429972501135,4.6463711999999999,0.0076200000000000009));
#2920=IFCAXIS2PLACEMENT3D(#2919,$,$);
#2921=IFCDIRECTION((0.,0.,1.));
#2922=IFCEXTRUDEDAREASOLID(#2918,#2920,#2921,0.015240000000000002);
#2923=IFCSTYLEDITEM(#2922,(#576),$);
#2924=IFCCARTESIANPOINT((0.,0.));
#2925=IFCAXIS2PLACEMENT2D(#2924,$);
#2926=IFCRECTANGLEPROFILEDEF(.AREA.,$,#2925,2.5006041365590468,0.14874239999999972);
#2927=IFCCARTESIANPOINT((-8.1984979317204765,4.7987712,0.0076200000000000009));
#2928=IFCAXIS2PLACEMENT3D(#2927,$,$);
#2929=IFCDIRECTION((0.,0.,1.));
#2930=IFCEXTRUDEDAREASOLID(#2926,#2928,#2929,0.015240000000000002);
#2931=IFCSTYLEDITEM(#2930,(#727),$);
#2932=IFCCARTESIANPOINT((0.,0.));
#2933=IFCAXIS2PLACEMENT2D(#2932,$);
#2934=IFCRECTANGLEPROFILEDEF(.AREA.,$,#2933,2.3416620234409535,0.14874239999999972);
#2935=IFCCARTESIANPOINT((-5.7682208517204767,4.7987712,0.0076200000000000009));
#2936=IFCAXIS2PLACEMENT3D(#2935,$,$);
#2937=IFCDIRECTION((0.,0.,1.));
#2938=IFCEXTRUDEDAREASOLID(#2934,#2936,#2937,0.015240000000000002);
#2939=IFCSTYLEDITEM(#2938,(#676),$);
#2940=IFCCOVERING('1iIQy1aS9C2PqQ2z5SwILV',$,'Dining Room - Hardwood Flooring',$,$,#2952,#2942,$,.FLOORING.);
#2941=IFCSHAPEREPRESENTATION(#11,'Body','SweptSolid',(#2346,#2354,#2362,#2370,#2378,#2386,#2394,#2402,#2410,#2418,#2426,#2434,#2442,#2450,#2458,#2466,#2474,#2482,#2490,#2498,#2506,#2514,#2522,#2530,#2538,#2546,#2554,#2562,#2570,#2578,#2586,#2594,#2602,#2610,#2618,#2626,#2634,#2642,#2650,#2658,#2666,#2674,#2682,#2690,#2698,#2706,#2714,#2722,#2730,#2738,#2746,#2754,#2762,#2770,#2778,#2786,#2794,#2802,#2810,#2818,#2826,#2834,#2842,#2850,#2858,#2866,#2874,#2882,#2890,#2898,#2906,#2914,#2922,#2930,#2938));
#2942=IFCPRODUCTDEFINITIONSHAPE($,$,(#2941));
#2948=IFCCARTESIANPOINT((0.,0.,0.));
#2949=IFCDIRECTION((0.,0.,1.));
#2950=IFCDIRECTION((1.,0.,0.));
#2951=IFCAXIS2PLACEMENT3D(#2948,#2949,#2950);
#2952=IFCLOCALPLACEMENT($,#2951);
#2953=IFCSLAB('1eSlUKYln3ZPldzdYf0Idr',$,'Slab - Foyer',$,$,#2972,#2962,$,.FLOOR.);
#2954=IFCCARTESIANPOINT((0.,0.));
#2955=IFCAXIS2PLACEMENT2D(#2954,$);
#2956=IFCRECTANGLEPROFILEDEF(.AREA.,$,#2955,3.40357968,6.7310203200000007);
#2957=IFCCARTESIANPOINT((0.,0.,0.));
#2958=IFCAXIS2PLACEMENT3D(#2957,$,$);
#2959=IFCDIRECTION((0.,0.,1.));
#2960=IFCEXTRUDEDAREASOLID(#2956,#2958,#2959,0.20000000000000001);
#2961=IFCSHAPEREPRESENTATION(#11,'Body','SweptSolid',(#2960));
#2962=IFCPRODUCTDEFINITIONSHAPE($,$,(#2961));
#2968=IFCCARTESIANPOINT((-2.8956,-0.26670000000000016,-0.20000000000000001));
#2969=IFCDIRECTION((0.,0.,1.));
#2970=IFCDIRECTION((1.,0.,0.));
#2971=IFCAXIS2PLACEMENT3D(#2968,#2969,#2970);
#2972=IFCLOCALPLACEMENT($,#2971);
#2973=IFCSPACE('3jOkd2MkTEo9kIO8S$8sZy',$,'Foyer',$,$,#2992,#2982,'Foyer',$,.INTERNAL.,$);
#2974=IFCCARTESIANPOINT((0.,0.));
#2975=IFCAXIS2PLACEMENT2D(#2974,$);
#2976=IFCRECTANGLEPROFILEDEF(.AREA.,$,#2975,3.26388984,6.5913304800000008);
#2977=IFCCARTESIANPOINT((0.,0.,0.));
#2978=IFCAXIS2PLACEMENT3D(#2977,$,$);
#2979=IFCDIRECTION((0.,0.,1.));
#2980=IFCEXTRUDEDAREASOLID(#2976,#2978,#2979,2.8956);
#2981=IFCSHAPEREPRESENTATION(#11,'Body','SweptSolid',(#2980));
#2982=IFCPRODUCTDEFINITIONSHAPE($,$,(#2981));
#2988=IFCCARTESIANPOINT((-2.8956,-0.26670000000000016,0.));
#2989=IFCDIRECTION((0.,0.,1.));
#2990=IFCDIRECTION((1.,0.,0.));
#2991=IFCAXIS2PLACEMENT3D(#2988,#2989,#2990);
#2992=IFCLOCALPLACEMENT($,#2991);
#2993=IFCOPENINGELEMENT('14fXQsM5L2RPbamaHrOLkp',$,'Opening - Foyer <-> Sitting (opening)',$,$,#3013,#3002,$,$);
#2994=IFCCARTESIANPOINT((0.,0.));
#2995=IFCAXIS2PLACEMENT2D(#2994,$);
#2996=IFCRECTANGLEPROFILEDEF(.AREA.,$,#2995,0.23968984000000002,2.1335999999999999);
#2997=IFCCARTESIANPOINT((0.,0.,0.));
#2998=IFCAXIS2PLACEMENT3D(#2997,$,$);
#2999=IFCDIRECTION((0.,0.,1.));
#3000=IFCEXTRUDEDAREASOLID(#2996,#2998,#2999,2.1335999999999999);
#3001=IFCSHAPEREPRESENTATION(#11,'Body','SweptSolid',(#3000));
#3002=IFCPRODUCTDEFINITIONSHAPE($,$,(#3001));
#3008=IFCRELVOIDSELEMENT('1PEdumeqLDYxE0GhwpD3Xb',$,$,$,#199,#2993);
#3009=IFCCARTESIANPOINT((-1.016000000020334E-05,1.2456261599999998,0.));
#3010=IFCDIRECTION((0.,0.,1.));
#3011=IFCDIRECTION((1.,0.,0.));
#3012=IFCAXIS2PLACEMENT3D(#3009,#3010,#3011);
#3013=IFCLOCALPLACEMENT(#218,#3012);
#3014=IFCOPENINGELEMENT('0CRxVyX8r4JenFgmHA4uB3',$,'Opening - Foyer <-> Dining (opening)',$,$,#3034,#3023,$,$);
#3015=IFCCARTESIANPOINT((0.,0.));
#3016=IFCAXIS2PLACEMENT2D(#3015,$);
#3017=IFCRECTANGLEPROFILEDEF(.AREA.,$,#3016,0.23968984000000002,2.1335999999999999);
#3018=IFCCARTESIANPOINT((0.,0.,0.));
#3019=IFCAXIS2PLACEMENT3D(#3018,$,$);
#3020=IFCDIRECTION((0.,0.,1.));
#3021=IFCEXTRUDEDAREASOLID(#3017,#3019,#3020,2.1335999999999999);
#3022=IFCSHAPEREPRESENTATION(#11,'Body','SweptSolid',(#3021));
#3023=IFCPRODUCTDEFINITIONSHAPE($,$,(#3022));
#3029=IFCRELVOIDSELEMENT('0HuNLavnXCXfzy4HY8kjv5',$,$,$,#259,#3014);
#3030=IFCCARTESIANPOINT((1.0160000000425384E-05,1.2456261599999998,0.));
#3031=IFCDIRECTION((0.,0.,1.));
#3032=IFCDIRECTION((1.,0.,0.));
#3033=IFCAXIS2PLACEMENT3D(#3030,#3031,#3032);
#3034=IFCLOCALPLACEMENT(#278,#3033);
#3035=IFCOPENINGELEMENT('2QQG4JvTf3fRJxciV0iVNI',$,'Opening - Foyer -> Vestibule',$,$,#3055,#3044,$,$);
#3036=IFCCARTESIANPOINT((0.,0.));
#3037=IFCAXIS2PLACEMENT2D(#3036,$);
#3038=IFCRECTANGLEPROFILEDEF(.AREA.,$,#3037,0.9144000000000001,0.23968984000000002);
#3039=IFCCARTESIANPOINT((0.,0.,0.));
#3040=IFCAXIS2PLACEMENT3D(#3039,$,$);
#3041=IFCDIRECTION((0.,0.,1.));
#3042=IFCEXTRUDEDAREASOLID(#3038,#3040,#3041,2.1335999999999999);
#3043=IFCSHAPEREPRESENTATION(#11,'Body','SweptSolid',(#3042));
#3044=IFCPRODUCTDEFINITIONSHAPE($,$,(#3043));
#3050=IFCRELVOIDSELEMENT('2kpnA06Lf6r9dC2ZdJD7kC',$,$,$,#99,#3035);
#3051=IFCCARTESIANPOINT((0.,1.0159999999981295E-05,0.));
#3052=IFCDIRECTION((0.,0.,1.));
#3053=IFCDIRECTION((1.,0.,0.));
#3054=IFCAXIS2PLACEMENT3D(#3051,#3052,#3053);
#3055=IFCLOCALPLACEMENT(#118,#3054);
#3056=IFCDOOR('3cAfsK8bDCWepqglkQYr6Y',$,'Foyer -> Vestibule',$,$,#3076,#3065,$,2.1335999999999999,0.9144000000000001,$,$,$);
#3057=IFCCARTESIANPOINT((0.,0.));
#3058=IFCAXIS2PLACEMENT2D(#3057,$);
#3059=IFCRECTANGLEPROFILEDEF(.AREA.,$,#3058,0.9144000000000001,0.050000000000000003);
#3060=IFCCARTESIANPOINT((0.,0.,0.));
#3061=IFCAXIS2PLACEMENT3D(#3060,$,$);
#3062=IFCDIRECTION((0.,0.,1.));
#3063=IFCEXTRUDEDAREASOLID(#3059,#3061,#3062,2.1335999999999999);
#3064=IFCSHAPEREPRESENTATION(#11,'Body','SweptSolid',(#3063));
#3065=IFCPRODUCTDEFINITIONSHAPE($,$,(#3064));
#3071=IFCRELFILLSELEMENT('23nnP4ACPD0QHBJnYC56oW',$,$,$,#3035,#3056);
#3072=IFCCARTESIANPOINT((0.,0.,0.));
#3073=IFCDIRECTION((0.,0.,1.));
#3074=IFCDIRECTION((1.,0.,0.));
#3075=IFCAXIS2PLACEMENT3D(#3072,#3073,#3074);
#3076=IFCLOCALPLACEMENT(#3055,#3075);
#3077=IFCCARTESIANPOINT((0.,0.));
#3078=IFCAXIS2PLACEMENT2D(#3077,$);
#3079=IFCRECTANGLEPROFILEDEF(.AREA.,$,#3078,3.40357968,1.4019885600000004);
#3080=IFCCARTESIANPOINT((-2.8956,-2.9312158800000003,0.));
#3081=IFCAXIS2PLACEMENT3D(#3080,$,$);
#3082=IFCDIRECTION((0.,0.,1.));
#3083=IFCEXTRUDEDAREASOLID(#3079,#3081,#3082,0.0076200000000000009);
#3084=IFCSTYLEDITEM(#3083,(#554),$);
#3085=IFCCARTESIANPOINT((0.,0.));
#3086=IFCAXIS2PLACEMENT2D(#3085,$);
#3087=IFCRECTANGLEPROFILEDEF(.AREA.,$,#3086,1.1264373970934649,0.12335256000000028);
#3088=IFCCARTESIANPOINT((-4.0341711414532675,-3.5705338800000006,0.0076200000000000009));
#3089=IFCAXIS2PLACEMENT3D(#3088,$,$);
#3090=IFCDIRECTION((0.,0.,1.));
#3091=IFCEXTRUDEDAREASOLID(#3087,#3089,#3090,0.015240000000000002);
#3092=IFCSTYLEDITEM(#3091,(#727),$);
#3093=IFCCARTESIANPOINT((0.,0.));
#3094=IFCAXIS2PLACEMENT2D(#3093,$);
#3095=IFCRECTANGLEPROFILEDEF(.AREA.,$,#3094,2.267998282906535,0.12335256000000028);
#3096=IFCCARTESIANPOINT((-2.3278093014532675,-3.5705338800000006,0.0076200000000000009));
#3097=IFCAXIS2PLACEMENT3D(#3096,$,$);
#3098=IFCDIRECTION((0.,0.,1.));
#3099=IFCEXTRUDEDAREASOLID(#3095,#3097,#3098,0.015240000000000002);
#3100=IFCSTYLEDITEM(#3099,(#565),$);
#3101=IFCCARTESIANPOINT((0.,0.));
#3102=IFCAXIS2PLACEMENT2D(#3101,$);
#3103=IFCRECTANGLEPROFILEDEF(.AREA.,$,#3102,0.26210283765058229,0.14874240000000016);
#3104=IFCCARTESIANPOINT((-4.4663384211747088,-3.4308288000000005,0.0076200000000000009));
#3105=IFCAXIS2PLACEMENT3D(#3104,$,$);
#3106=IFCDIRECTION((0.,0.,1.));
#3107=IFCEXTRUDEDAREASOLID(#3103,#3105,#3106,0.015240000000000002);
#3108=IFCSTYLEDITEM(#3107,(#606),$);
#3109=IFCCARTESIANPOINT((0.,0.));
#3110=IFCAXIS2PLACEMENT2D(#3109,$);
#3111=IFCRECTANGLEPROFILEDEF(.AREA.,$,#3110,3.038856,0.14874240000000016);
#3112=IFCCARTESIANPOINT((-2.8067150023494176,-3.4308288000000005,0.0076200000000000009));
#3113=IFCAXIS2PLACEMENT3D(#3112,$,$);
#3114=IFCDIRECTION((0.,0.,1.));
#3115=IFCEXTRUDEDAREASOLID(#3111,#3113,#3114,0.015240000000000002);
#3116=IFCSTYLEDITEM(#3115,(#727),$);
#3117=IFCCARTESIANPOINT((0.,0.));
#3118=IFCAXIS2PLACEMENT2D(#3117,$);
#3119=IFCRECTANGLEPROFILEDEF(.AREA.,$,#3118,0.084332842349417403,0.14874240000000016);
#3120=IFCCARTESIANPOINT((-1.2359765811747088,-3.4308288000000005,0.0076200000000000009));
#3121=IFCAXIS2PLACEMENT3D(#3120,$,$);
#3122=IFCDIRECTION((0.,0.,1.));
#3123=IFCEXTRUDEDAREASOLID(#3119,#3121,#3122,0.015240000000000002);
#3124=IFCSTYLEDITEM(#3123,(#565),$);
#3125=IFCCARTESIANPOINT((0.,0.));
#3126=IFCAXIS2PLACEMENT2D(#3125,$);
#3127=IFCRECTANGLEPROFILEDEF(.AREA.,$,#3126,2.573894480911167,0.14874240000000016);
#3128=IFCCARTESIANPOINT((-3.3104425995444164,-3.2784288000000004,0.0076200000000000009));
#3129=IFCAXIS2PLACEMENT3D(#3128,$,$);
#3130=IFCDIRECTION((0.,0.,1.));
#3131=IFCEXTRUDEDAREASOLID(#3127,#3129,#3130,0.015240000000000002);
#3132=IFCSTYLEDITEM(#3131,(#606),$);
#3133=IFCCARTESIANPOINT((0.,0.));
#3134=IFCAXIS2PLACEMENT2D(#3133,$);
#3135=IFCRECTANGLEPROFILEDEF(.AREA.,$,#3134,0.82054119908883227,0.14874240000000016);
#3136=IFCCARTESIANPOINT((-1.6040807595444164,-3.2784288000000004,0.0076200000000000009));
#3137=IFCAXIS2PLACEMENT3D(#3136,$,$);
#3138=IFCDIRECTION((0.,0.,1.));
#3139=IFCEXTRUDEDAREASOLID(#3135,#3137,#3138,0.015240000000000002);
#3140=IFCSTYLEDITEM(#3139,(#606),$);
#3141=IFCCARTESIANPOINT((0.,0.));
#3142=IFCAXIS2PLACEMENT2D(#3141,$);
#3143=IFCRECTANGLEPROFILEDEF(.AREA.,$,#3142,2.8934646121480148,0.14874240000000016);
#3144=IFCCARTESIANPOINT((-3.1506575339259926,-3.1260288000000003,0.0076200000000000009));
#3145=IFCAXIS2PLACEMENT3D(#3144,$,$);
#3146=IFCDIRECTION((0.,0.,1.));
#3147=IFCEXTRUDEDAREASOLID(#3143,#3145,#3146,0.015240000000000002);
#3148=IFCSTYLEDITEM(#3147,(#576),$);
#3149=IFCCARTESIANPOINT((0.,0.));
#3150=IFCAXIS2PLACEMENT2D(#3149,$);
#3151=IFCRECTANGLEPROFILEDEF(.AREA.,$,#3150,0.50097106785198497,0.14874240000000016);
#3152=IFCCARTESIANPOINT((-1.4442956939259926,-3.1260288000000003,0.0076200000000000009));
#3153=IFCAXIS2PLACEMENT3D(#3152,$,$);
#3154=IFCDIRECTION((0.,0.,1.));
#3155=IFCEXTRUDEDAREASOLID(#3151,#3153,#3154,0.015240000000000002);
#3156=IFCSTYLEDITEM(#3155,(#625),$);
#3157=IFCCARTESIANPOINT((0.,0.));
#3158=IFCAXIS2PLACEMENT2D(#3157,$);
#3159=IFCRECTANGLEPROFILEDEF(.AREA.,$,#3158,2.2706157870169372,0.14874240000000016);
#3160=IFCCARTESIANPOINT((-3.4620819464915313,-2.9736288000000002,0.0076200000000000009));
#3161=IFCAXIS2PLACEMENT3D(#3160,$,$);
#3162=IFCDIRECTION((0.,0.,1.));
#3163=IFCEXTRUDEDAREASOLID(#3159,#3161,#3162,0.015240000000000002);
#3164=IFCSTYLEDITEM(#3163,(#676),$);
#3165=IFCCARTESIANPOINT((0.,0.));
#3166=IFCAXIS2PLACEMENT2D(#3165,$);
#3167=IFCRECTANGLEPROFILEDEF(.AREA.,$,#3166,1.1238198929830621,0.14874240000000016);
#3168=IFCCARTESIANPOINT((-1.7557201064915313,-2.9736288000000002,0.0076200000000000009));
#3169=IFCAXIS2PLACEMENT3D(#3168,$,$);
#3170=IFCDIRECTION((0.,0.,1.));
#3171=IFCEXTRUDEDAREASOLID(#3167,#3169,#3170,0.015240000000000002);
#3172=IFCSTYLEDITEM(#3171,(#565),$);
#3173=IFCCARTESIANPOINT((0.,0.));
#3174=IFCAXIS2PLACEMENT2D(#3173,$);
#3175=IFCRECTANGLEPROFILEDEF(.AREA.,$,#3174,0.55682812997810505,0.14874239999999972);
#3176=IFCCARTESIANPOINT((-4.3189757750109479,-2.8212288000000001,0.0076200000000000009));
#3177=IFCAXIS2PLACEMENT3D(#3176,$,$);
#3178=IFCDIRECTION((0.,0.,1.));
#3179=IFCEXTRUDEDAREASOLID(#3175,#3177,#3178,0.015240000000000002);
#3180=IFCSTYLEDITEM(#3179,(#576),$);
#3181=IFCCARTESIANPOINT((0.,0.));
#3182=IFCAXIS2PLACEMENT2D(#3181,$);
#3183=IFCRECTANGLEPROFILEDEF(.AREA.,$,#3182,2.8376075500218949,0.14874239999999972);
#3184=IFCCARTESIANPOINT((-2.6126139350109474,-2.8212288000000001,0.0076200000000000009));
#3185=IFCAXIS2PLACEMENT3D(#3184,$,$);
#3186=IFCDIRECTION((0.,0.,1.));
#3187=IFCEXTRUDEDAREASOLID(#3183,#3185,#3186,0.015240000000000002);
#3188=IFCSTYLEDITEM(#3187,(#625),$);
#3189=IFCCARTESIANPOINT((0.,0.));
#3190=IFCAXIS2PLACEMENT2D(#3189,$);
#3191=IFCRECTANGLEPROFILEDEF(.AREA.,$,#3190,2.6247661467189429,0.14874240000000016);
#3192=IFCCARTESIANPOINT((-3.2850067666405285,-2.6688288000000004,0.0076200000000000009));
#3193=IFCAXIS2PLACEMENT3D(#3192,$,$);
#3194=IFCDIRECTION((0.,0.,1.));
#3195=IFCEXTRUDEDAREASOLID(#3191,#3193,#3194,0.015240000000000002);
#3196=IFCSTYLEDITEM(#3195,(#727),$);
#3197=IFCCARTESIANPOINT((0.,0.));
#3198=IFCAXIS2PLACEMENT2D(#3197,$);
#3199=IFCRECTANGLEPROFILEDEF(.AREA.,$,#3198,0.76966953328105658,0.14874240000000016);
#3200=IFCCARTESIANPOINT((-1.5786449266405285,-2.6688288000000004,0.0076200000000000009));
#3201=IFCAXIS2PLACEMENT3D(#3200,$,$);
#3202=IFCDIRECTION((0.,0.,1.));
#3203=IFCEXTRUDEDAREASOLID(#3199,#3201,#3202,0.015240000000000002);
#3204=IFCSTYLEDITEM(#3203,(#676),$);
#3205=IFCCARTESIANPOINT((0.,0.));
#3206=IFCAXIS2PLACEMENT2D(#3205,$);
#3207=IFCRECTANGLEPROFILEDEF(.AREA.,$,#3206,0.21681760849013187,0.14874240000000016);
#3208=IFCCARTESIANPOINT((-4.488981035754934,-2.5164288000000004,0.0076200000000000009));
#3209=IFCAXIS2PLACEMENT3D(#3208,$,$);
#3210=IFCDIRECTION((0.,0.,1.));
#3211=IFCEXTRUDEDAREASOLID(#3207,#3209,#3210,0.015240000000000002);
#3212=IFCSTYLEDITEM(#3211,(#606),$);
#3213=IFCCARTESIANPOINT((0.,0.));
#3214=IFCAXIS2PLACEMENT2D(#3213,$);
#3215=IFCRECTANGLEPROFILEDEF(.AREA.,$,#3214,3.038856,0.14874240000000016);
#3216=IFCCARTESIANPOINT((-2.852000231509868,-2.5164288000000004,0.0076200000000000009));
#3217=IFCAXIS2PLACEMENT3D(#3216,$,$);
#3218=IFCDIRECTION((0.,0.,1.));
#3219=IFCEXTRUDEDAREASOLID(#3215,#3217,#3218,0.015240000000000002);
#3220=IFCSTYLEDITEM(#3219,(#587),$);
#3221=IFCCARTESIANPOINT((0.,0.));
#3222=IFCAXIS2PLACEMENT2D(#3221,$);
#3223=IFCRECTANGLEPROFILEDEF(.AREA.,$,#3222,0.12961807150986782,0.14874240000000016);
#3224=IFCCARTESIANPOINT((-1.258619195754934,-2.5164288000000004,0.0076200000000000009));
#3225=IFCAXIS2PLACEMENT3D(#3224,$,$);
#3226=IFCDIRECTION((0.,0.,1.));
#3227=IFCEXTRUDEDAREASOLID(#3223,#3225,#3226,0.015240000000000002);
#3228=IFCSTYLEDITEM(#3227,(#565),$);
#3229=IFCCARTESIANPOINT((0.,0.));
#3230=IFCAXIS2PLACEMENT2D(#3229,$);
#3231=IFCRECTANGLEPROFILEDEF(.AREA.,$,#3230,1.7631192054922691,0.14874240000000016);
#3232=IFCCARTESIANPOINT((-3.7158302372538654,-2.3640288000000003,0.0076200000000000009));
#3233=IFCAXIS2PLACEMENT3D(#3232,$,$);
#3234=IFCDIRECTION((0.,0.,1.));
#3235=IFCEXTRUDEDAREASOLID(#3231,#3233,#3234,0.015240000000000002);
#3236=IFCSTYLEDITEM(#3235,(#606),$);
#3237=IFCCARTESIANPOINT((0.,0.));
#3238=IFCAXIS2PLACEMENT2D(#3237,$);
#3239=IFCRECTANGLEPROFILEDEF(.AREA.,$,#3238,1.6313164745077311,0.14874240000000016);
#3240=IFCCARTESIANPOINT((-2.0094683972538658,-2.3640288000000003,0.0076200000000000009));
#3241=IFCAXIS2PLACEMENT3D(#3240,$,$);
#3242=IFCDIRECTION((0.,0.,1.));
#3243=IFCEXTRUDEDAREASOLID(#3239,#3241,#3242,0.015240000000000002);
#3244=IFCSTYLEDITEM(#3243,(#727),$);
#3245=IFCCARTESIANPOINT((0.,0.));
#3246=IFCAXIS2PLACEMENT2D(#3245,$);
#3247=IFCRECTANGLEPROFILEDEF(.AREA.,$,#3246,0.19358943573507403,0.052120799999999967);
#3248=IFCCARTESIANPOINT((-4.5005951221324629,-2.2599396,0.0076200000000000009));
#3249=IFCAXIS2PLACEMENT3D(#3248,$,$);
#3250=IFCDIRECTION((0.,0.,1.));
#3251=IFCEXTRUDEDAREASOLID(#3247,#3249,#3250,0.015240000000000002);
#3252=IFCSTYLEDITEM(#3251,(#676),$);
#3253=IFCCARTESIANPOINT((0.,0.));
#3254=IFCAXIS2PLACEMENT2D(#3253,$);
#3255=IFCRECTANGLEPROFILEDEF(.AREA.,$,#3254,3.038856,0.052120799999999967);
#3256=IFCCARTESIANPOINT((-2.8752284042649259,-2.2599396,0.0076200000000000009));
#3257=IFCAXIS2PLACEMENT3D(#3256,$,$);
#3258=IFCDIRECTION((0.,0.,1.));
#3259=IFCEXTRUDEDAREASOLID(#3255,#3257,#3258,0.015240000000000002);
#3260=IFCSTYLEDITEM(#3259,(#727),$);
#3261=IFCCARTESIANPOINT((0.,0.));
#3262=IFCAXIS2PLACEMENT2D(#3261,$);
#3263=IFCRECTANGLEPROFILEDEF(.AREA.,$,#3262,0.15284624426492588,0.052120799999999967);
#3264=IFCCARTESIANPOINT((-1.2702332821324631,-2.2599396,0.0076200000000000009));
#3265=IFCAXIS2PLACEMENT3D(#3264,$,$);
#3266=IFCDIRECTION((0.,0.,1.));
#3267=IFCEXTRUDEDAREASOLID(#3263,#3265,#3266,0.015240000000000002);
#3268=IFCSTYLEDITEM(#3267,(#587),$);
#3269=IFCCOVERING('0zPicAVDX28woVBstw3d9N',$,'Foyer - Hardwood Flooring 0',$,$,#3281,#3271,$,.FLOORING.);
#3270=IFCSHAPEREPRESENTATION(#11,'Body','SweptSolid',(#3083,#3091,#3099,#3107,#3115,#3123,#3131,#3139,#3147,#3155,#3163,#3171,#3179,#3187,#3195,#3203,#3211,#3219,#3227,#3235,#3243,#3251,#3259,#3267));
#3271=IFCPRODUCTDEFINITIONSHAPE($,$,(#3270));
#3277=IFCCARTESIANPOINT((0.,0.,0.));
#3278=IFCDIRECTION((0.,0.,1.));
#3279=IFCDIRECTION((1.,0.,0.));
#3280=IFCAXIS2PLACEMENT3D(#3277,#3278,#3279);
#3281=IFCLOCALPLACEMENT($,#3280);
#3282=IFCCARTESIANPOINT((0.,0.));
#3283=IFCAXIS2PLACEMENT2D(#3282,$);
#3284=IFCRECTANGLEPROFILEDEF(.AREA.,$,#3283,3.40357968,3.2466381600000003);
#3285=IFCCARTESIANPOINT((-2.8956,1.4754910800000001,0.));
#3286=IFCAXIS2PLACEMENT3D(#3285,$,$);
#3287=IFCDIRECTION((0.,0.,1.));
#3288=IFCEXTRUDEDAREASOLID(#3284,#3286,#3287,0.0076200000000000009);
#3289=IFCSTYLEDITEM(#3288,(#554),$);
#3290=IFCCARTESIANPOINT((0.,0.));
#3291=IFCAXIS2PLACEMENT2D(#3290,$);
#3292=IFCRECTANGLEPROFILEDEF(.AREA.,$,#3291,1.7789335318410711,0.1441704);
#3293=IFCCARTESIANPOINT((-3.7079230740794644,-0.075742800000000013,0.0076200000000000009));
#3294=IFCAXIS2PLACEMENT3D(#3293,$,$);
#3295=IFCDIRECTION((0.,0.,1.));
#3296=IFCEXTRUDEDAREASOLID(#3292,#3294,#3295,0.015240000000000002);
#3297=IFCSTYLEDITEM(#3296,(#676),$);
#3298=IFCCARTESIANPOINT((0.,0.));
#3299=IFCAXIS2PLACEMENT2D(#3298,$);
#3300=IFCRECTANGLEPROFILEDEF(.AREA.,$,#3299,1.6155021481589291,0.1441704);
#3301=IFCCARTESIANPOINT((-2.0015612340794648,-0.075742800000000013,0.0076200000000000009));
#3302=IFCAXIS2PLACEMENT3D(#3301,$,$);
#3303=IFCDIRECTION((0.,0.,1.));
#3304=IFCEXTRUDEDAREASOLID(#3300,#3302,#3303,0.015240000000000002);
#3305=IFCSTYLEDITEM(#3304,(#587),$);
#3306=IFCCARTESIANPOINT((0.,0.));
#3307=IFCAXIS2PLACEMENT2D(#3306,$);
#3308=IFCRECTANGLEPROFILEDEF(.AREA.,$,#3307,1.5402458399999999,0.1487424);
#3309=IFCCARTESIANPOINT((-3.82726692,0.074371199999999998,0.0076200000000000009));
#3310=IFCAXIS2PLACEMENT3D(#3309,$,$);
#3311=IFCDIRECTION((0.,0.,1.));
#3312=IFCEXTRUDEDAREASOLID(#3308,#3310,#3311,0.015240000000000002);
#3313=IFCSTYLEDITEM(#3312,(#606),$);
#3314=IFCCARTESIANPOINT((0.,0.));
#3315=IFCAXIS2PLACEMENT2D(#3314,$);
#3316=IFCRECTANGLEPROFILEDEF(.AREA.,$,#3315,1.8541898399999999,0.1487424);
#3317=IFCCARTESIANPOINT((-2.12090508,0.074371199999999998,0.0076200000000000009));
#3318=IFCAXIS2PLACEMENT3D(#3317,$,$);
#3319=IFCDIRECTION((0.,0.,1.));
#3320=IFCEXTRUDEDAREASOLID(#3316,#3318,#3319,0.015240000000000002);
#3321=IFCSTYLEDITEM(#3320,(#576),$);
#3322=IFCCARTESIANPOINT((0.,0.));
#3323=IFCAXIS2PLACEMENT2D(#3322,$);
#3324=IFCRECTANGLEPROFILEDEF(.AREA.,$,#3323,1.3015581481589296,0.14874240000000002);
#3325=IFCCARTESIANPOINT((-3.9466107659205352,0.22677120000000003,0.0076200000000000009));
#3326=IFCAXIS2PLACEMENT3D(#3325,$,$);
#3327=IFCDIRECTION((0.,0.,1.));
#3328=IFCEXTRUDEDAREASOLID(#3324,#3326,#3327,0.015240000000000002);
#3329=IFCSTYLEDITEM(#3328,(#576),$);
#3330=IFCCARTESIANPOINT((0.,0.));
#3331=IFCAXIS2PLACEMENT2D(#3330,$);
#3332=IFCRECTANGLEPROFILEDEF(.AREA.,$,#3331,2.0928775318410704,0.14874240000000002);
#3333=IFCCARTESIANPOINT((-2.2402489259205356,0.22677120000000003,0.0076200000000000009));
#3334=IFCAXIS2PLACEMENT3D(#3333,$,$);
#3335=IFCDIRECTION((0.,0.,1.));
#3336=IFCEXTRUDEDAREASOLID(#3332,#3334,#3335,0.015240000000000002);
#3337=IFCSTYLEDITEM(#3336,(#727),$);
#3338=IFCCARTESIANPOINT((0.,0.));
#3339=IFCAXIS2PLACEMENT2D(#3338,$);
#3340=IFCRECTANGLEPROFILEDEF(.AREA.,$,#3339,1.7146468201999197,0.14874240000000005);
#3341=IFCCARTESIANPOINT((-3.7400664299000401,0.37917119999999999,0.0076200000000000009));
#3342=IFCAXIS2PLACEMENT3D(#3341,$,$);
#3343=IFCDIRECTION((0.,0.,1.));
#3344=IFCEXTRUDEDAREASOLID(#3340,#3342,#3343,0.015240000000000002);
#3345=IFCSTYLEDITEM(#3344,(#676),$);
#3346=IFCCARTESIANPOINT((0.,0.));
#3347=IFCAXIS2PLACEMENT2D(#3346,$);
#3348=IFCRECTANGLEPROFILEDEF(.AREA.,$,#3347,1.6797888598000801,0.14874240000000005);
#3349=IFCCARTESIANPOINT((-2.0337045899000401,0.37917119999999999,0.0076200000000000009));
#3350=IFCAXIS2PLACEMENT3D(#3349,$,$);
#3351=IFCDIRECTION((0.,0.,1.));
#3352=IFCEXTRUDEDAREASOLID(#3348,#3350,#3351,0.015240000000000002);
#3353=IFCSTYLEDITEM(#3352,(#606),$);
#3354=IFCCARTESIANPOINT((0.,0.));
#3355=IFCAXIS2PLACEMENT2D(#3354,$);
#3356=IFCRECTANGLEPROFILEDEF(.AREA.,$,#3355,0.19370828999481127,0.14874239999999994);
#3357=IFCCARTESIANPOINT((-4.5005356950025943,0.53157120000000013,0.0076200000000000009));
#3358=IFCAXIS2PLACEMENT3D(#3357,$,$);
#3359=IFCDIRECTION((0.,0.,1.));
#3360=IFCEXTRUDEDAREASOLID(#3356,#3358,#3359,0.015240000000000002);
#3361=IFCSTYLEDITEM(#3360,(#606),$);
#3362=IFCCARTESIANPOINT((0.,0.));
#3363=IFCAXIS2PLACEMENT2D(#3362,$);
#3364=IFCRECTANGLEPROFILEDEF(.AREA.,$,#3363,3.038856,0.14874239999999994);
#3365=IFCCARTESIANPOINT((-2.8751095500051886,0.53157120000000013,0.0076200000000000009));
#3366=IFCAXIS2PLACEMENT3D(#3365,$,$);
#3367=IFCDIRECTION((0.,0.,1.));
#3368=IFCEXTRUDEDAREASOLID(#3364,#3366,#3367,0.015240000000000002);
#3369=IFCSTYLEDITEM(#3368,(#727),$);
#3370=IFCCARTESIANPOINT((0.,0.));
#3371=IFCAXIS2PLACEMENT2D(#3370,$);
#3372=IFCRECTANGLEPROFILEDEF(.AREA.,$,#3371,0.15272739000518842,0.14874239999999994);
#3373=IFCCARTESIANPOINT((-1.2701738550025943,0.53157120000000013,0.0076200000000000009));
#3374=IFCAXIS2PLACEMENT3D(#3373,$,$);
#3375=IFCDIRECTION((0.,0.,1.));
#3376=IFCEXTRUDEDAREASOLID(#3372,#3374,#3375,0.015240000000000002);
#3377=IFCSTYLEDITEM(#3376,(#727),$);
#3378=IFCCARTESIANPOINT((0.,0.));
#3379=IFCAXIS2PLACEMENT2D(#3378,$);
#3380=IFCRECTANGLEPROFILEDEF(.AREA.,$,#3379,2.679386201306257,0.14874239999999994);
#3381=IFCCARTESIANPOINT((-3.2576967393468714,0.6839712,0.0076200000000000009));
#3382=IFCAXIS2PLACEMENT3D(#3381,$,$);
#3383=IFCDIRECTION((0.,0.,1.));
#3384=IFCEXTRUDEDAREASOLID(#3380,#3382,#3383,0.015240000000000002);
#3385=IFCSTYLEDITEM(#3384,(#587),$);
#3386=IFCCARTESIANPOINT((0.,0.));
#3387=IFCAXIS2PLACEMENT2D(#3386,$);
#3388=IFCRECTANGLEPROFILEDEF(.AREA.,$,#3387,0.71504947869374225,0.14874239999999994);
#3389=IFCCARTESIANPOINT((-1.5513348993468714,0.6839712,0.0076200000000000009));
#3390=IFCAXIS2PLACEMENT3D(#3389,$,$);
#3391=IFCDIRECTION((0.,0.,1.));
#3392=IFCEXTRUDEDAREASOLID(#3388,#3390,#3391,0.015240000000000002);
#3393=IFCSTYLEDITEM(#3392,(#606),$);
#3394=IFCCARTESIANPOINT((0.,0.));
#3395=IFCAXIS2PLACEMENT2D(#3394,$);
#3396=IFCRECTANGLEPROFILEDEF(.AREA.,$,#3395,2.9224514054104915,0.14874240000000005);
#3397=IFCCARTESIANPOINT((-3.1361641372947542,0.83637120000000009,0.0076200000000000009));
#3398=IFCAXIS2PLACEMENT3D(#3397,$,$);
#3399=IFCDIRECTION((0.,0.,1.));
#3400=IFCEXTRUDEDAREASOLID(#3396,#3398,#3399,0.015240000000000002);
#3401=IFCSTYLEDITEM(#3400,(#576),$);
#3402=IFCCARTESIANPOINT((0.,0.));
#3403=IFCAXIS2PLACEMENT2D(#3402,$);
#3404=IFCRECTANGLEPROFILEDEF(.AREA.,$,#3403,0.4719842745895082,0.14874240000000005);
#3405=IFCCARTESIANPOINT((-1.4298022972947542,0.83637120000000009,0.0076200000000000009));
#3406=IFCAXIS2PLACEMENT3D(#3405,$,$);
#3407=IFCDIRECTION((0.,0.,1.));
#3408=IFCEXTRUDEDAREASOLID(#3404,#3406,#3407,0.015240000000000002);
#3409=IFCSTYLEDITEM(#3408,(#565),$);
#3410=IFCCARTESIANPOINT((0.,0.));
#3411=IFCAXIS2PLACEMENT2D(#3410,$);
#3412=IFCRECTANGLEPROFILEDEF(.AREA.,$,#3411,0.40055832406448832,0.14874239999999994);
#3413=IFCCARTESIANPOINT((-4.3971106779677562,0.98877120000000007,0.0076200000000000009));
#3414=IFCAXIS2PLACEMENT3D(#3413,$,$);
#3415=IFCDIRECTION((0.,0.,1.));
#3416=IFCEXTRUDEDAREASOLID(#3412,#3414,#3415,0.015240000000000002);
#3417=IFCSTYLEDITEM(#3416,(#565),$);
#3418=IFCCARTESIANPOINT((0.,0.));
#3419=IFCAXIS2PLACEMENT2D(#3418,$);
#3420=IFCRECTANGLEPROFILEDEF(.AREA.,$,#3419,2.9938773559355116,0.14874239999999994);
#3421=IFCCARTESIANPOINT((-2.6907488379677558,0.98877120000000007,0.0076200000000000009));
#3422=IFCAXIS2PLACEMENT3D(#3421,$,$);
#3423=IFCDIRECTION((0.,0.,1.));
#3424=IFCEXTRUDEDAREASOLID(#3420,#3422,#3423,0.015240000000000002);
#3425=IFCSTYLEDITEM(#3424,(#625),$);
#3426=IFCCARTESIANPOINT((0.,0.));
#3427=IFCAXIS2PLACEMENT2D(#3426,$);
#3428=IFCRECTANGLEPROFILEDEF(.AREA.,$,#3427,2.0449340766817077,0.14874240000000016);
#3429=IFCCARTESIANPOINT((-3.5749228016591461,1.1411712000000001,0.0076200000000000009));
#3430=IFCAXIS2PLACEMENT3D(#3429,$,$);
#3431=IFCDIRECTION((0.,0.,1.));
#3432=IFCEXTRUDEDAREASOLID(#3428,#3430,#3431,0.015240000000000002);
#3433=IFCSTYLEDITEM(#3432,(#676),$);
#3434=IFCCARTESIANPOINT((0.,0.));
#3435=IFCAXIS2PLACEMENT2D(#3434,$);
#3436=IFCRECTANGLEPROFILEDEF(.AREA.,$,#3435,1.3495016033182921,0.14874240000000016);
#3437=IFCCARTESIANPOINT((-1.8685609616591461,1.1411712000000001,0.0076200000000000009));
#3438=IFCAXIS2PLACEMENT3D(#3437,$,$);
#3439=IFCDIRECTION((0.,0.,1.));
#3440=IFCEXTRUDEDAREASOLID(#3436,#3438,#3439,0.015240000000000002);
#3441=IFCSTYLEDITEM(#3440,(#587),$);
#3442=IFCCARTESIANPOINT((0.,0.));
#3443=IFCAXIS2PLACEMENT2D(#3442,$);
#3444=IFCRECTANGLEPROFILEDEF(.AREA.,$,#3443,2.5433760660545923,0.14874240000000016);
#3445=IFCCARTESIANPOINT((-3.3257018069727038,1.2935712000000001,0.0076200000000000009));
#3446=IFCAXIS2PLACEMENT3D(#3445,$,$);
#3447=IFCDIRECTION((0.,0.,1.));
#3448=IFCEXTRUDEDAREASOLID(#3444,#3446,#3447,0.015240000000000002);
#3449=IFCSTYLEDITEM(#3448,(#727),$);
#3450=IFCCARTESIANPOINT((0.,0.));
#3451=IFCAXIS2PLACEMENT2D(#3450,$);
#3452=IFCRECTANGLEPROFILEDEF(.AREA.,$,#3451,0.85105961394540741,0.14874240000000016);
#3453=IFCCARTESIANPOINT((-1.6193399669727038,1.2935712000000001,0.0076200000000000009));
#3454=IFCAXIS2PLACEMENT3D(#3453,$,$);
#3455=IFCDIRECTION((0.,0.,1.));
#3456=IFCEXTRUDEDAREASOLID(#3452,#3454,#3455,0.015240000000000002);
#3457=IFCSTYLEDITEM(#3456,(#727),$);
#3458=IFCCARTESIANPOINT((0.,0.));
#3459=IFCAXIS2PLACEMENT2D(#3458,$);
#3460=IFCRECTANGLEPROFILEDEF(.AREA.,$,#3459,0.13702147015645139,0.14874239999999994);
#3461=IFCCARTESIANPOINT((-4.5288791049217743,1.4459712,0.0076200000000000009));
#3462=IFCAXIS2PLACEMENT3D(#3461,$,$);
#3463=IFCDIRECTION((0.,0.,1.));
#3464=IFCEXTRUDEDAREASOLID(#3460,#3462,#3463,0.015240000000000002);
#3465=IFCSTYLEDITEM(#3464,(#565),$);
#3466=IFCCARTESIANPOINT((0.,0.));
#3467=IFCAXIS2PLACEMENT2D(#3466,$);
#3468=IFCRECTANGLEPROFILEDEF(.AREA.,$,#3467,3.038856,0.14874239999999994);
#3469=IFCCARTESIANPOINT((-2.9317963698435485,1.4459712,0.0076200000000000009));
#3470=IFCAXIS2PLACEMENT3D(#3469,$,$);
#3471=IFCDIRECTION((0.,0.,1.));
#3472=IFCEXTRUDEDAREASOLID(#3468,#3470,#3471,0.015240000000000002);
#3473=IFCSTYLEDITEM(#3472,(#625),$);
#3474=IFCCARTESIANPOINT((0.,0.));
#3475=IFCAXIS2PLACEMENT2D(#3474,$);
#3476=IFCRECTANGLEPROFILEDEF(.AREA.,$,#3475,0.20941420984354853,0.14874239999999994);
#3477=IFCCARTESIANPOINT((-1.2985172649217744,1.4459712,0.0076200000000000009));
#3478=IFCAXIS2PLACEMENT3D(#3477,$,$);
#3479=IFCDIRECTION((0.,0.,1.));
#3480=IFCEXTRUDEDAREASOLID(#3476,#3478,#3479,0.015240000000000002);
#3481=IFCSTYLEDITEM(#3480,(#587),$);
#3482=IFCCARTESIANPOINT((0.,0.));
#3483=IFCAXIS2PLACEMENT2D(#3482,$);
#3484=IFCRECTANGLEPROFILEDEF(.AREA.,$,#3483,1.4534154921560072,0.14874240000000016);
#3485=IFCCARTESIANPOINT((-3.8706820939219964,1.5983712000000001,0.0076200000000000009));
#3486=IFCAXIS2PLACEMENT3D(#3485,$,$);
#3487=IFCDIRECTION((0.,0.,1.));
#3488=IFCEXTRUDEDAREASOLID(#3484,#3486,#3487,0.015240000000000002);
#3489=IFCSTYLEDITEM(#3488,(#625),$);
#3490=IFCCARTESIANPOINT((0.,0.));
#3491=IFCAXIS2PLACEMENT2D(#3490,$);
#3492=IFCRECTANGLEPROFILEDEF(.AREA.,$,#3491,1.9410201878439921,0.14874240000000016);
#3493=IFCCARTESIANPOINT((-2.1643202539219963,1.5983712000000001,0.0076200000000000009));
#3494=IFCAXIS2PLACEMENT3D(#3493,$,$);
#3495=IFCDIRECTION((0.,0.,1.));
#3496=IFCEXTRUDEDAREASOLID(#3492,#3494,#3495,0.015240000000000002);
#3497=IFCSTYLEDITEM(#3496,(#565),$);
#3498=IFCCARTESIANPOINT((0.,0.));
#3499=IFCAXIS2PLACEMENT2D(#3498,$);
#3500=IFCRECTANGLEPROFILEDEF(.AREA.,$,#3499,0.9952316480311092,0.14874240000000016);
#3501=IFCCARTESIANPOINT((-4.0997740159844458,1.7507712000000002,0.0076200000000000009));
#3502=IFCAXIS2PLACEMENT3D(#3501,$,$);
#3503=IFCDIRECTION((0.,0.,1.));
#3504=IFCEXTRUDEDAREASOLID(#3500,#3502,#3503,0.015240000000000002);
#3505=IFCSTYLEDITEM(#3504,(#576),$);
#3506=IFCCARTESIANPOINT((0.,0.));
#3507=IFCAXIS2PLACEMENT2D(#3506,$);
#3508=IFCRECTANGLEPROFILEDEF(.AREA.,$,#3507,2.3992040319688899,0.14874240000000016);
#3509=IFCCARTESIANPOINT((-2.3934121759844453,1.7507712000000002,0.0076200000000000009));
#3510=IFCAXIS2PLACEMENT3D(#3509,$,$);
#3511=IFCDIRECTION((0.,0.,1.));
#3512=IFCEXTRUDEDAREASOLID(#3508,#3510,#3511,0.015240000000000002);
#3513=IFCSTYLEDITEM(#3512,(#587),$);
#3514=IFCCARTESIANPOINT((0.,0.));
#3515=IFCAXIS2PLACEMENT2D(#3514,$);
#3516=IFCRECTANGLEPROFILEDEF(.AREA.,$,#3515,2.0859711675855328,0.14874239999999994);
#3517=IFCCARTESIANPOINT((-3.5544042562072335,1.9031712000000003,0.0076200000000000009));
#3518=IFCAXIS2PLACEMENT3D(#3517,$,$);
#3519=IFCDIRECTION((0.,0.,1.));
#3520=IFCEXTRUDEDAREASOLID(#3516,#3518,#3519,0.015240000000000002);
#3521=IFCSTYLEDITEM(#3520,(#625),$);
#3522=IFCCARTESIANPOINT((0.,0.));
#3523=IFCAXIS2PLACEMENT2D(#3522,$);
#3524=IFCRECTANGLEPROFILEDEF(.AREA.,$,#3523,1.3084645124144669,0.14874239999999994);
#3525=IFCCARTESIANPOINT((-1.8480424162072335,1.9031712000000003,0.0076200000000000009));
#3526=IFCAXIS2PLACEMENT3D(#3525,$,$);
#3527=IFCDIRECTION((0.,0.,1.));
#3528=IFCEXTRUDEDAREASOLID(#3524,#3526,#3527,0.015240000000000002);
#3529=IFCSTYLEDITEM(#3528,(#625),$);
#3530=IFCCARTESIANPOINT((0.,0.));
#3531=IFCAXIS2PLACEMENT2D(#3530,$);
#3532=IFCRECTANGLEPROFILEDEF(.AREA.,$,#3531,1.5255294952409857,0.14874239999999994);
#3533=IFCCARTESIANPOINT((-3.8346250923795071,2.0555711999999997,0.0076200000000000009));
#3534=IFCAXIS2PLACEMENT3D(#3533,$,$);
#3535=IFCDIRECTION((0.,0.,1.));
#3536=IFCEXTRUDEDAREASOLID(#3532,#3534,#3535,0.015240000000000002);
#3537=IFCSTYLEDITEM(#3536,(#625),$);
#3538=IFCCARTESIANPOINT((0.,0.));
#3539=IFCAXIS2PLACEMENT2D(#3538,$);
#3540=IFCRECTANGLEPROFILEDEF(.AREA.,$,#3539,1.8689061847590136,0.14874239999999994);
#3541=IFCCARTESIANPOINT((-2.1282632523795071,2.0555711999999997,0.0076200000000000009));
#3542=IFCAXIS2PLACEMENT3D(#3541,$,$);
#3543=IFCDIRECTION((0.,0.,1.));
#3544=IFCEXTRUDEDAREASOLID(#3540,#3542,#3543,0.015240000000000002);
#3545=IFCSTYLEDITEM(#3544,(#576),$);
#3546=IFCCARTESIANPOINT((0.,0.));
#3547=IFCAXIS2PLACEMENT2D(#3546,$);
#3548=IFCRECTANGLEPROFILEDEF(.AREA.,$,#3547,0.97949062866968983,0.14874240000000016);
#3549=IFCCARTESIANPOINT((-4.1076445256651546,2.2079711999999998,0.0076200000000000009));
#3550=IFCAXIS2PLACEMENT3D(#3549,$,$);
#3551=IFCDIRECTION((0.,0.,1.));
#3552=IFCEXTRUDEDAREASOLID(#3548,#3550,#3551,0.015240000000000002);
#3553=IFCSTYLEDITEM(#3552,(#576),$);
#3554=IFCCARTESIANPOINT((0.,0.));
#3555=IFCAXIS2PLACEMENT2D(#3554,$);
#3556=IFCRECTANGLEPROFILEDEF(.AREA.,$,#3555,2.4149450513303101,0.14874240000000016);
#3557=IFCCARTESIANPOINT((-2.401282685665155,2.2079711999999998,0.0076200000000000009));
#3558=IFCAXIS2PLACEMENT3D(#3557,$,$);
#3559=IFCDIRECTION((0.,0.,1.));
#3560=IFCEXTRUDEDAREASOLID(#3556,#3558,#3559,0.015240000000000002);
#3561=IFCSTYLEDITEM(#3560,(#587),$);
#3562=IFCCARTESIANPOINT((0.,0.));
#3563=IFCAXIS2PLACEMENT2D(#3562,$);
#3564=IFCRECTANGLEPROFILEDEF(.AREA.,$,#3563,2.8869022442649257,0.14874240000000016);
#3565=IFCCARTESIANPOINT((-3.1539387178675371,2.3603711999999999,0.0076200000000000009));
#3566=IFCAXIS2PLACEMENT3D(#3565,$,$);
#3567=IFCDIRECTION((0.,0.,1.));
#3568=IFCEXTRUDEDAREASOLID(#3564,#3566,#3567,0.015240000000000002);
#3569=IFCSTYLEDITEM(#3568,(#576),$);
#3570=IFCCARTESIANPOINT((0.,0.));
#3571=IFCAXIS2PLACEMENT2D(#3570,$);
#3572=IFCRECTANGLEPROFILEDEF(.AREA.,$,#3571,0.50753343573507381,0.14874240000000016);
#3573=IFCCARTESIANPOINT((-1.4475768778675371,2.3603711999999999,0.0076200000000000009));
#3574=IFCAXIS2PLACEMENT3D(#3573,$,$);
#3575=IFCDIRECTION((0.,0.,1.));
#3576=IFCEXTRUDEDAREASOLID(#3572,#3574,#3575,0.015240000000000002);
#3577=IFCSTYLEDITEM(#3576,(#727),$);
#3578=IFCCARTESIANPOINT((0.,0.));
#3579=IFCAXIS2PLACEMENT2D(#3578,$);
#3580=IFCRECTANGLEPROFILEDEF(.AREA.,$,#3579,1.3173724745077307,0.14874240000000016);
#3581=IFCCARTESIANPOINT((-3.9387036027461346,2.5127712,0.0076200000000000009));
#3582=IFCAXIS2PLACEMENT3D(#3581,$,$);
#3583=IFCDIRECTION((0.,0.,1.));
#3584=IFCEXTRUDEDAREASOLID(#3580,#3582,#3583,0.015240000000000002);
#3585=IFCSTYLEDITEM(#3584,(#576),$);
#3586=IFCCARTESIANPOINT((0.,0.));
#3587=IFCAXIS2PLACEMENT2D(#3586,$);
#3588=IFCRECTANGLEPROFILEDEF(.AREA.,$,#3587,2.0770632054922684,0.14874240000000016);
#3589=IFCCARTESIANPOINT((-2.2323417627461346,2.5127712,0.0076200000000000009));
#3590=IFCAXIS2PLACEMENT3D(#3589,$,$);
#3591=IFCDIRECTION((0.,0.,1.));
#3592=IFCEXTRUDEDAREASOLID(#3588,#3590,#3591,0.015240000000000002);
#3593=IFCSTYLEDITEM(#3592,(#625),$);
#3594=IFCCARTESIANPOINT((0.,0.));
#3595=IFCAXIS2PLACEMENT2D(#3594,$);
#3596=IFCRECTANGLEPROFILEDEF(.AREA.,$,#3595,2.8636740715098679,0.14874240000000016);
#3597=IFCCARTESIANPOINT((-3.165552804245066,2.6651712000000001,0.0076200000000000009));
#3598=IFCAXIS2PLACEMENT3D(#3597,$,$);
#3599=IFCDIRECTION((0.,0.,1.));
#3600=IFCEXTRUDEDAREASOLID(#3596,#3598,#3599,0.015240000000000002);
#3601=IFCSTYLEDITEM(#3600,(#565),$);
#3602=IFCCARTESIANPOINT((0.,0.));
#3603=IFCAXIS2PLACEMENT2D(#3602,$);
#3604=IFCRECTANGLEPROFILEDEF(.AREA.,$,#3603,0.53076160849013188,0.14874240000000016);
#3605=IFCCARTESIANPOINT((-1.459190964245066,2.6651712000000001,0.0076200000000000009));
#3606=IFCAXIS2PLACEMENT3D(#3605,$,$);
#3607=IFCDIRECTION((0.,0.,1.));
#3608=IFCEXTRUDEDAREASOLID(#3604,#3606,#3607,0.015240000000000002);
#3609=IFCSTYLEDITEM(#3608,(#676),$);
#3610=IFCCARTESIANPOINT((0.,0.));
#3611=IFCAXIS2PLACEMENT2D(#3610,$);
#3612=IFCRECTANGLEPROFILEDEF(.AREA.,$,#3611,0.4557255332810568,0.14874239999999972);
#3613=IFCCARTESIANPOINT((-4.3695270733594711,2.8175711999999997,0.0076200000000000009));
#3614=IFCAXIS2PLACEMENT3D(#3613,$,$);
#3615=IFCDIRECTION((0.,0.,1.));
#3616=IFCEXTRUDEDAREASOLID(#3612,#3614,#3615,0.015240000000000002);
#3617=IFCSTYLEDITEM(#3616,(#565),$);
#3618=IFCCARTESIANPOINT((0.,0.));
#3619=IFCAXIS2PLACEMENT2D(#3618,$);
#3620=IFCRECTANGLEPROFILEDEF(.AREA.,$,#3619,2.9387101467189432,0.14874239999999972);
#3621=IFCCARTESIANPOINT((-2.6631652333594715,2.8175711999999997,0.0076200000000000009));
#3622=IFCAXIS2PLACEMENT3D(#3621,$,$);
#3623=IFCDIRECTION((0.,0.,1.));
#3624=IFCEXTRUDEDAREASOLID(#3620,#3622,#3623,0.015240000000000002);
#3625=IFCSTYLEDITEM(#3624,(#727),$);
#3626=IFCCARTESIANPOINT((0.,0.));
#3627=IFCAXIS2PLACEMENT2D(#3626,$);
#3628=IFCRECTANGLEPROFILEDEF(.AREA.,$,#3627,2.5236635500218947,0.14874240000000016);
#3629=IFCCARTESIANPOINT((-3.3355580649890526,2.9699711999999998,0.0076200000000000009));
#3630=IFCAXIS2PLACEMENT3D(#3629,$,$);
#3631=IFCDIRECTION((0.,0.,1.));
#3632=IFCEXTRUDEDAREASOLID(#3628,#3630,#3631,0.015240000000000002);
#3633=IFCSTYLEDITEM(#3632,(#576),$);
#3634=IFCCARTESIANPOINT((0.,0.));
#3635=IFCAXIS2PLACEMENT2D(#3634,$);
#3636=IFCRECTANGLEPROFILEDEF(.AREA.,$,#3635,0.87077212997810505,0.14874240000000016);
#3637=IFCCARTESIANPOINT((-1.6291962249890526,2.9699711999999998,0.0076200000000000009));
#3638=IFCAXIS2PLACEMENT3D(#3637,$,$);
#3639=IFCDIRECTION((0.,0.,1.));
#3640=IFCEXTRUDEDAREASOLID(#3636,#3638,#3639,0.015240000000000002);
#3641=IFCSTYLEDITEM(#3640,(#565),$);
#3642=IFCCARTESIANPOINT((0.,0.));
#3643=IFCAXIS2PLACEMENT2D(#3642,$);
#3644=IFCRECTANGLEPROFILEDEF(.AREA.,$,#3643,0.80987589298306251,0.047152560000000232);
#3645=IFCCARTESIANPOINT((-4.1924518935084691,3.0715762799999999,0.0076200000000000009));
#3646=IFCAXIS2PLACEMENT3D(#3645,$,$);
#3647=IFCDIRECTION((0.,0.,1.));
#3648=IFCEXTRUDEDAREASOLID(#3644,#3646,#3647,0.015240000000000002);
#3649=IFCSTYLEDITEM(#3648,(#576),$);
#3650=IFCCARTESIANPOINT((0.,0.));
#3651=IFCAXIS2PLACEMENT2D(#3650,$);
#3652=IFCRECTANGLEPROFILEDEF(.AREA.,$,#3651,2.5845597870169374,0.047152560000000232);
#3653=IFCCARTESIANPOINT((-2.4860900535084691,3.0715762799999999,0.0076200000000000009));
#3654=IFCAXIS2PLACEMENT3D(#3653,$,$);
#3655=IFCDIRECTION((0.,0.,1.));
#3656=IFCEXTRUDEDAREASOLID(#3652,#3654,#3655,0.015240000000000002);
#3657=IFCSTYLEDITEM(#3656,(#676),$);
#3658=IFCCOVERING('2JvHlllgf4ohwCJi8O$zSv',$,'Foyer - Hardwood Flooring 1',$,$,#3670,#3660,$,.FLOORING.);
#3659=IFCSHAPEREPRESENTATION(#11,'Body','SweptSolid',(#3288,#3296,#3304,#3312,#3320,#3328,#3336,#3344,#3352,#3360,#3368,#3376,#3384,#3392,#3400,#3408,#3416,#3424,#3432,#3440,#3448,#3456,#3464,#3472,#3480,#3488,#3496,#3504,#3512,#3520,#3528,#3536,#3544,#3552,#3560,#3568,#3576,#3584,#3592,#3600,#3608,#3616,#3624,#3632,#3640,#3648,#3656));
#3660=IFCPRODUCTDEFINITIONSHAPE($,$,(#3659));
#3666=IFCCARTESIANPOINT((0.,0.,0.));
#3667=IFCDIRECTION((0.,0.,1.));
#3668=IFCDIRECTION((1.,0.,0.));
#3669=IFCAXIS2PLACEMENT3D(#3666,#3667,#3668);
#3670=IFCLOCALPLACEMENT($,#3669);
#3671=IFCCARTESIANPOINT((0.,0.));
#3672=IFCAXIS2PLACEMENT2D(#3671,$);
#3673=IFCRECTANGLEPROFILEDEF(.AREA.,$,#3672,2.3322076799999998,2.0823936000000001);
#3674=IFCCARTESIANPOINT((-2.3599140000000003,-1.1890248000000001,0.));
#3675=IFCAXIS2PLACEMENT3D(#3674,$,$);
#3676=IFCDIRECTION((0.,0.,1.));
#3677=IFCEXTRUDEDAREASOLID(#3673,#3675,#3676,0.0076200000000000009);
#3678=IFCSTYLEDITEM(#3677,(#554),$);
#3679=IFCCARTESIANPOINT((0.,0.));
#3680=IFCAXIS2PLACEMENT2D(#3679,$);
#3681=IFCRECTANGLEPROFILEDEF(.AREA.,$,#3680,2.1702174357350743,0.092964000000000269);
#3682=IFCCARTESIANPOINT((-2.4409091221324628,-2.1837396,0.0076200000000000009));
#3683=IFCAXIS2PLACEMENT3D(#3682,$,$);
#3684=IFCDIRECTION((0.,0.,1.));
#3685=IFCEXTRUDEDAREASOLID(#3681,#3683,#3684,0.015240000000000002);
#3686=IFCSTYLEDITEM(#3685,(#727),$);
#3687=IFCCARTESIANPOINT((0.,0.));
#3688=IFCAXIS2PLACEMENT2D(#3687,$);
#3689=IFCRECTANGLEPROFILEDEF(.AREA.,$,#3688,0.15284624426492588,0.092964000000000269);
#3690=IFCCARTESIANPOINT((-1.2702332821324631,-2.1837396,0.0076200000000000009));
#3691=IFCAXIS2PLACEMENT3D(#3690,$,$);
#3692=IFCDIRECTION((0.,0.,1.));
#3693=IFCEXTRUDEDAREASOLID(#3689,#3691,#3692,0.015240000000000002);
#3694=IFCSTYLEDITEM(#3693,(#587),$);
#3695=IFCCARTESIANPOINT((0.,0.));
#3696=IFCAXIS2PLACEMENT2D(#3695,$);
#3697=IFCRECTANGLEPROFILEDEF(.AREA.,$,#3696,1.0296290513303101,0.14874239999999994);
#3698=IFCCARTESIANPOINT((-3.0112033143348453,-2.0592288000000001,0.0076200000000000009));
#3699=IFCAXIS2PLACEMENT3D(#3698,$,$);
#3700=IFCDIRECTION((0.,0.,1.));
#3701=IFCEXTRUDEDAREASOLID(#3697,#3699,#3700,0.015240000000000002);
#3702=IFCSTYLEDITEM(#3701,(#727),$);
#3703=IFCCARTESIANPOINT((0.,0.));
#3704=IFCAXIS2PLACEMENT2D(#3703,$);
#3705=IFCRECTANGLEPROFILEDEF(.AREA.,$,#3704,1.2934346286696898,0.14874239999999994);
#3706=IFCCARTESIANPOINT((-1.840527474334845,-2.0592288000000001,0.0076200000000000009));
#3707=IFCAXIS2PLACEMENT3D(#3706,$,$);
#3708=IFCDIRECTION((0.,0.,1.));
#3709=IFCEXTRUDEDAREASOLID(#3705,#3707,#3708,0.015240000000000002);
#3710=IFCSTYLEDITEM(#3709,(#576),$);
#3711=IFCCARTESIANPOINT((0.,0.));
#3712=IFCAXIS2PLACEMENT2D(#3711,$);
#3713=IFCRECTANGLEPROFILEDEF(.AREA.,$,#3712,0.48359018475901427,0.14874239999999994);
#3714=IFCCARTESIANPOINT((-3.2842227476204933,-1.9068288000000002,0.0076200000000000009));
#3715=IFCAXIS2PLACEMENT3D(#3714,$,$);
#3716=IFCDIRECTION((0.,0.,1.));
#3717=IFCEXTRUDEDAREASOLID(#3713,#3715,#3716,0.015240000000000002);
#3718=IFCSTYLEDITEM(#3717,(#565),$);
#3719=IFCCARTESIANPOINT((0.,0.));
#3720=IFCAXIS2PLACEMENT2D(#3719,$);
#3721=IFCRECTANGLEPROFILEDEF(.AREA.,$,#3720,1.8394734952409861,0.14874239999999994);
#3722=IFCCARTESIANPOINT((-2.1135469076204934,-1.9068288000000002,0.0076200000000000009));
#3723=IFCAXIS2PLACEMENT3D(#3722,$,$);
#3724=IFCDIRECTION((0.,0.,1.));
#3725=IFCEXTRUDEDAREASOLID(#3721,#3723,#3724,0.015240000000000002);
#3726=IFCSTYLEDITEM(#3725,(#565),$);
#3727=IFCCARTESIANPOINT((0.,0.));
#3728=IFCAXIS2PLACEMENT2D(#3727,$);
#3729=IFCRECTANGLEPROFILEDEF(.AREA.,$,#3728,2.3322076799999998,0.14874240000000016);
#3730=IFCCARTESIANPOINT((-2.3599140000000003,-1.7544288000000001,0.0076200000000000009));
#3731=IFCAXIS2PLACEMENT3D(#3730,$,$);
#3732=IFCDIRECTION((0.,0.,1.));
#3733=IFCEXTRUDEDAREASOLID(#3729,#3731,#3732,0.015240000000000002);
#3734=IFCSTYLEDITEM(#3733,(#565),$);
#3735=IFCCARTESIANPOINT((0.,0.));
#3736=IFCAXIS2PLACEMENT2D(#3735,$);
#3737=IFCRECTANGLEPROFILEDEF(.AREA.,$,#3736,1.0138880319688908,0.14874240000000016);
#3738=IFCCARTESIANPOINT((-3.019073824015555,-1.6020288,0.0076200000000000009));
#3739=IFCAXIS2PLACEMENT3D(#3738,$,$);
#3740=IFCDIRECTION((0.,0.,1.));
#3741=IFCEXTRUDEDAREASOLID(#3737,#3739,#3740,0.015240000000000002);
#3742=IFCSTYLEDITEM(#3741,(#606),$);
#3743=IFCCARTESIANPOINT((0.,0.));
#3744=IFCAXIS2PLACEMENT2D(#3743,$);
#3745=IFCRECTANGLEPROFILEDEF(.AREA.,$,#3744,1.3091756480311096,0.14874240000000016);
#3746=IFCCARTESIANPOINT((-1.8483979840155551,-1.6020288,0.0076200000000000009));
#3747=IFCAXIS2PLACEMENT3D(#3746,$,$);
#3748=IFCDIRECTION((0.,0.,1.));
#3749=IFCEXTRUDEDAREASOLID(#3745,#3747,#3748,0.015240000000000002);
#3750=IFCSTYLEDITEM(#3749,(#587),$);
#3751=IFCCARTESIANPOINT((0.,0.));
#3752=IFCAXIS2PLACEMENT2D(#3751,$);
#3753=IFCRECTANGLEPROFILEDEF(.AREA.,$,#3752,0.55570418784399189,0.14874239999999994);
#3754=IFCCARTESIANPOINT((-3.248165746078004,-1.4496287999999999,0.0076200000000000009));
#3755=IFCAXIS2PLACEMENT3D(#3754,$,$);
#3756=IFCDIRECTION((0.,0.,1.));
#3757=IFCEXTRUDEDAREASOLID(#3753,#3755,#3756,0.015240000000000002);
#3758=IFCSTYLEDITEM(#3757,(#676),$);
#3759=IFCCARTESIANPOINT((0.,0.));
#3760=IFCAXIS2PLACEMENT2D(#3759,$);
#3761=IFCRECTANGLEPROFILEDEF(.AREA.,$,#3760,1.7673594921560076,0.14874239999999994);
#3762=IFCCARTESIANPOINT((-2.0774899060780041,-1.4496287999999999,0.0076200000000000009));
#3763=IFCAXIS2PLACEMENT3D(#3762,$,$);
#3764=IFCDIRECTION((0.,0.,1.));
#3765=IFCEXTRUDEDAREASOLID(#3761,#3763,#3764,0.015240000000000002);
#3766=IFCSTYLEDITEM(#3765,(#587),$);
#3767=IFCCARTESIANPOINT((0.,0.));
#3768=IFCAXIS2PLACEMENT2D(#3767,$);
#3769=IFCRECTANGLEPROFILEDEF(.AREA.,$,#3768,1.8720982098435486,0.14874240000000016);
#3770=IFCCARTESIANPOINT((-2.5899687350782257,-1.2972288000000001,0.0076200000000000009));
#3771=IFCAXIS2PLACEMENT3D(#3770,$,$);
#3772=IFCDIRECTION((0.,0.,1.));
#3773=IFCEXTRUDEDAREASOLID(#3769,#3771,#3772,0.015240000000000002);
#3774=IFCSTYLEDITEM(#3773,(#587),$);
#3775=IFCCARTESIANPOINT((0.,0.));
#3776=IFCAXIS2PLACEMENT2D(#3775,$);
#3777=IFCRECTANGLEPROFILEDEF(.AREA.,$,#3776,0.45096547015645116,0.14874240000000016);
#3778=IFCCARTESIANPOINT((-1.4192928950782258,-1.2972288000000001,0.0076200000000000009));
#3779=IFCAXIS2PLACEMENT3D(#3778,$,$);
#3780=IFCDIRECTION((0.,0.,1.));
#3781=IFCEXTRUDEDAREASOLID(#3777,#3779,#3780,0.015240000000000002);
#3782=IFCSTYLEDITEM(#3781,(#676),$);
#3783=IFCCARTESIANPOINT((0.,0.));
#3784=IFCAXIS2PLACEMENT2D(#3783,$);
#3785=IFCRECTANGLEPROFILEDEF(.AREA.,$,#3784,2.3322076799999998,0.14874240000000016);
#3786=IFCCARTESIANPOINT((-2.3599140000000003,-1.1448288,0.0076200000000000009));
#3787=IFCAXIS2PLACEMENT3D(#3786,$,$);
#3788=IFCDIRECTION((0.,0.,1.));
#3789=IFCEXTRUDEDAREASOLID(#3785,#3787,#3788,0.015240000000000002);
#3790=IFCSTYLEDITEM(#3789,(#587),$);
#3791=IFCCARTESIANPOINT((0.,0.));
#3792=IFCAXIS2PLACEMENT2D(#3791,$);
#3793=IFCRECTANGLEPROFILEDEF(.AREA.,$,#3792,2.3322076799999998,0.14874239999999983);
#3794=IFCCARTESIANPOINT((-2.3599140000000003,-0.9924288,0.0076200000000000009));
#3795=IFCAXIS2PLACEMENT3D(#3794,$,$);
#3796=IFCDIRECTION((0.,0.,1.));
#3797=IFCEXTRUDEDAREASOLID(#3793,#3795,#3796,0.015240000000000002);
#3798=IFCSTYLEDITEM(#3797,(#565),$);
#3799=IFCCARTESIANPOINT((0.,0.));
#3800=IFCAXIS2PLACEMENT2D(#3799,$);
#3801=IFCRECTANGLEPROFILEDEF(.AREA.,$,#3800,1.6085613559355116,0.14874240000000005);
#3802=IFCCARTESIANPOINT((-2.7217371620322446,-0.84002880000000002,0.0076200000000000009));
#3803=IFCAXIS2PLACEMENT3D(#3802,$,$);
#3804=IFCDIRECTION((0.,0.,1.));
#3805=IFCEXTRUDEDAREASOLID(#3801,#3803,#3804,0.015240000000000002);
#3806=IFCSTYLEDITEM(#3805,(#727),$);
#3807=IFCCARTESIANPOINT((0.,0.));
#3808=IFCAXIS2PLACEMENT2D(#3807,$);
#3809=IFCRECTANGLEPROFILEDEF(.AREA.,$,#3808,0.71450232406448855,0.14874240000000005);
#3810=IFCCARTESIANPOINT((-1.5510613220322444,-0.84002880000000002,0.0076200000000000009));
#3811=IFCAXIS2PLACEMENT3D(#3810,$,$);
#3812=IFCDIRECTION((0.,0.,1.));
#3813=IFCEXTRUDEDAREASOLID(#3809,#3811,#3812,0.015240000000000002);
#3814=IFCSTYLEDITEM(#3813,(#625),$);
#3815=IFCCARTESIANPOINT((0.,0.));
#3816=IFCAXIS2PLACEMENT2D(#3815,$);
#3817=IFCRECTANGLEPROFILEDEF(.AREA.,$,#3816,2.1346682745895085,0.14874239999999994);
#3818=IFCCARTESIANPOINT((-2.4586837027052457,-0.68762879999999993,0.0076200000000000009));
#3819=IFCAXIS2PLACEMENT3D(#3818,$,$);
#3820=IFCDIRECTION((0.,0.,1.));
#3821=IFCEXTRUDEDAREASOLID(#3817,#3819,#3820,0.015240000000000002);
#3822=IFCSTYLEDITEM(#3821,(#676),$);
#3823=IFCCARTESIANPOINT((0.,0.));
#3824=IFCAXIS2PLACEMENT2D(#3823,$);
#3825=IFCRECTANGLEPROFILEDEF(.AREA.,$,#3824,0.18839540541049149,0.14874239999999994);
#3826=IFCCARTESIANPOINT((-1.2880078627052458,-0.68762879999999993,0.0076200000000000009));
#3827=IFCAXIS2PLACEMENT3D(#3826,$,$);
#3828=IFCDIRECTION((0.,0.,1.));
#3829=IFCEXTRUDEDAREASOLID(#3825,#3827,#3828,0.015240000000000002);
#3830=IFCSTYLEDITEM(#3829,(#587),$);
#3831=IFCCARTESIANPOINT((0.,0.));
#3832=IFCAXIS2PLACEMENT2D(#3831,$);
#3833=IFCRECTANGLEPROFILEDEF(.AREA.,$,#3832,2.3322076799999998,0.1487424);
#3834=IFCCARTESIANPOINT((-2.3599140000000003,-0.53522880000000006,0.0076200000000000009));
#3835=IFCAXIS2PLACEMENT3D(#3834,$,$);
#3836=IFCDIRECTION((0.,0.,1.));
#3837=IFCEXTRUDEDAREASOLID(#3833,#3835,#3836,0.015240000000000002);
#3838=IFCSTYLEDITEM(#3837,(#676),$);
#3839=IFCCARTESIANPOINT((0.,0.));
#3840=IFCAXIS2PLACEMENT2D(#3839,$);
#3841=IFCRECTANGLEPROFILEDEF(.AREA.,$,#3840,1.8154113900051887,0.14874240000000005);
#3842=IFCCARTESIANPOINT((-2.6183121449974056,-0.38282880000000002,0.0076200000000000009));
#3843=IFCAXIS2PLACEMENT3D(#3842,$,$);
#3844=IFCDIRECTION((0.,0.,1.));
#3845=IFCEXTRUDEDAREASOLID(#3841,#3843,#3844,0.015240000000000002);
#3846=IFCSTYLEDITEM(#3845,(#727),$);
#3847=IFCCARTESIANPOINT((0.,0.));
#3848=IFCAXIS2PLACEMENT2D(#3847,$);
#3849=IFCRECTANGLEPROFILEDEF(.AREA.,$,#3848,0.50765228999481127,0.14874240000000005);
#3850=IFCCARTESIANPOINT((-1.4476363049974057,-0.38282880000000002,0.0076200000000000009));
#3851=IFCAXIS2PLACEMENT3D(#3850,$,$);
#3852=IFCDIRECTION((0.,0.,1.));
#3853=IFCEXTRUDEDAREASOLID(#3849,#3851,#3852,0.015240000000000002);
#3854=IFCSTYLEDITEM(#3853,(#587),$);
#3855=IFCCARTESIANPOINT((0.,0.));
#3856=IFCAXIS2PLACEMENT2D(#3855,$);
#3857=IFCRECTANGLEPROFILEDEF(.AREA.,$,#3856,0.29447285980008031,0.1487424);
#3858=IFCCARTESIANPOINT((-3.3787814100999602,-0.23042880000000002,0.0076200000000000009));
#3859=IFCAXIS2PLACEMENT3D(#3858,$,$);
#3860=IFCDIRECTION((0.,0.,1.));
#3861=IFCEXTRUDEDAREASOLID(#3857,#3859,#3860,0.015240000000000002);
#3862=IFCSTYLEDITEM(#3861,(#625),$);
#3863=IFCCARTESIANPOINT((0.,0.));
#3864=IFCAXIS2PLACEMENT2D(#3863,$);
#3865=IFCRECTANGLEPROFILEDEF(.AREA.,$,#3864,2.0285908201999199,0.1487424);
#3866=IFCCARTESIANPOINT((-2.2081055700999603,-0.23042880000000002,0.0076200000000000009));
#3867=IFCAXIS2PLACEMENT3D(#3866,$,$);
#3868=IFCDIRECTION((0.,0.,1.));
#3869=IFCEXTRUDEDAREASOLID(#3865,#3867,#3868,0.015240000000000002);
#3870=IFCSTYLEDITEM(#3869,(#606),$);
#3871=IFCCOVERING('0PGoC1onv4ggsQ57YL$$hd',$,'Foyer - Hardwood Flooring 3',$,$,#3883,#3873,$,.FLOORING.);
#3872=IFCSHAPEREPRESENTATION(#11,'Body','SweptSolid',(#3677,#3685,#3693,#3701,#3709,#3717,#3725,#3733,#3741,#3749,#3757,#3765,#3773,#3781,#3789,#3797,#3805,#3813,#3821,#3829,#3837,#3845,#3853,#3861,#3869));
#3873=IFCPRODUCTDEFINITIONSHAPE($,$,(#3872));
#3879=IFCCARTESIANPOINT((0.,0.,0.));
#3880=IFCDIRECTION((0.,0.,1.));
#3881=IFCDIRECTION((1.,0.,0.));
#3882=IFCAXIS2PLACEMENT3D(#3879,#3880,#3881);
#3883=IFCLOCALPLACEMENT($,#3882);
#3884=IFCSLAB('25nSWINQ1409DAGj7zl05g',$,'Slab - Vestibule',$,$,#3903,#3893,$,.FLOOR.);
#3885=IFCCARTESIANPOINT((0.,0.));
#3886=IFCAXIS2PLACEMENT2D(#3885,$);
#3887=IFCRECTANGLEPROFILEDEF(.AREA.,$,#3886,3.40357968,1.8033796800000008);
#3888=IFCCARTESIANPOINT((0.,0.,0.));
#3889=IFCAXIS2PLACEMENT3D(#3888,$,$);
#3890=IFCDIRECTION((0.,0.,1.));
#3891=IFCEXTRUDEDAREASOLID(#3887,#3889,#3890,0.20000000000000001);
#3892=IFCSHAPEREPRESENTATION(#11,'Body','SweptSolid',(#3891));
#3893=IFCPRODUCTDEFINITIONSHAPE($,$,(#3892));
#3899=IFCCARTESIANPOINT((-2.8956,4.0005000000000006,-0.20000000000000001));
#3900=IFCDIRECTION((0.,0.,1.));
#3901=IFCDIRECTION((1.,0.,0.));
#3902=IFCAXIS2PLACEMENT3D(#3899,#3900,#3901);
#3903=IFCLOCALPLACEMENT($,#3902);
#3904=IFCSPACE('0oRcvktdL4yQ0INeN6iZ4M',$,'Vestibule',$,$,#3923,#3913,'Vestibule',$,.INTERNAL.,$);
#3905=IFCCARTESIANPOINT((0.,0.));
#3906=IFCAXIS2PLACEMENT2D(#3905,$);
#3907=IFCRECTANGLEPROFILEDEF(.AREA.,$,#3906,3.26388984,1.6636898400000009);
#3908=IFCCARTESIANPOINT((0.,0.,0.));
#3909=IFCAXIS2PLACEMENT3D(#3908,$,$);
#3910=IFCDIRECTION((0.,0.,1.));
#3911=IFCEXTRUDEDAREASOLID(#3907,#3909,#3910,2.8956);
#3912=IFCSHAPEREPRESENTATION(#11,'Body','SweptSolid',(#3911));
#3913=IFCPRODUCTDEFINITIONSHAPE($,$,(#3912));
#3919=IFCCARTESIANPOINT((-2.8956,4.0005000000000006,0.));
#3920=IFCDIRECTION((0.,0.,1.));
#3921=IFCDIRECTION((1.,0.,0.));
#3922=IFCAXIS2PLACEMENT3D(#3919,#3920,#3921);
#3923=IFCLOCALPLACEMENT($,#3922);
#3924=IFCOPENINGELEMENT('0ifyDjfCPDhBsuIoiFSzaK',$,'Opening - Front Door',$,$,#3944,#3933,$,$);
#3925=IFCCARTESIANPOINT((0.,0.));
#3926=IFCAXIS2PLACEMENT2D(#3925,$);
#3927=IFCRECTANGLEPROFILEDEF(.AREA.,$,#3926,0.9144000000000001,0.23968984000000002);
#3928=IFCCARTESIANPOINT((0.,0.,0.));
#3929=IFCAXIS2PLACEMENT3D(#3928,$,$);
#3930=IFCDIRECTION((0.,0.,1.));
#3931=IFCEXTRUDEDAREASOLID(#3927,#3929,#3930,2.1335999999999999);
#3932=IFCSHAPEREPRESENTATION(#11,'Body','SweptSolid',(#3931));
#3933=IFCPRODUCTDEFINITIONSHAPE($,$,(#3932));
#3939=IFCRELVOIDSELEMENT('17bDGA_C1Elgv0ogs9X_E2',$,$,$,#79,#3924);
#3940=IFCCARTESIANPOINT((0.,-1.0159999998649027E-05,0.));
#3941=IFCDIRECTION((0.,0.,1.));
#3942=IFCDIRECTION((1.,0.,0.));
#3943=IFCAXIS2PLACEMENT3D(#3940,#3941,#3942);
#3944=IFCLOCALPLACEMENT(#98,#3943);
#3945=IFCDOOR('22HszWD19DFxeb_1D3V$jz',$,'Front Door',$,$,#3965,#3954,$,2.1335999999999999,0.9144000000000001,$,$,$);
#3946=IFCCARTESIANPOINT((0.,0.));
#3947=IFCAXIS2PLACEMENT2D(#3946,$);
#3948=IFCRECTANGLEPROFILEDEF(.AREA.,$,#3947,0.9144000000000001,0.050000000000000003);
#3949=IFCCARTESIANPOINT((0.,0.,0.));
#3950=IFCAXIS2PLACEMENT3D(#3949,$,$);
#3951=IFCDIRECTION((0.,0.,1.));
#3952=IFCEXTRUDEDAREASOLID(#3948,#3950,#3951,2.1335999999999999);
#3953=IFCSHAPEREPRESENTATION(#11,'Body','SweptSolid',(#3952));
#3954=IFCPRODUCTDEFINITIONSHAPE($,$,(#3953));
#3960=IFCRELFILLSELEMENT('0m3jNYnILA0uvEJXV9Of9a',$,$,$,#3924,#3945);
#3961=IFCCARTESIANPOINT((0.,0.,0.));
#3962=IFCDIRECTION((0.,0.,1.));
#3963=IFCDIRECTION((1.,0.,0.));
#3964=IFCAXIS2PLACEMENT3D(#3961,#3962,#3963);
#3965=IFCLOCALPLACEMENT(#3944,#3964);
#3966=IFCOPENINGELEMENT('0nMVE08GfElx6GkCCQYTlA',$,'Opening - Transom - Front Door',$,$,#3986,#3975,$,$);
#3967=IFCCARTESIANPOINT((0.,0.));
#3968=IFCAXIS2PLACEMENT2D(#3967,$);
#3969=IFCRECTANGLEPROFILEDEF(.AREA.,$,#3968,0.9144000000000001,0.23968984000000002);
#3970=IFCCARTESIANPOINT((0.,0.,0.));
#3971=IFCAXIS2PLACEMENT3D(#3970,$,$);
#3972=IFCDIRECTION((0.,0.,1.));
#3973=IFCEXTRUDEDAREASOLID(#3969,#3971,#3972,0.40843200000000035);
#3974=IFCSHAPEREPRESENTATION(#11,'Body','SweptSolid',(#3973));
#3975=IFCPRODUCTDEFINITIONSHAPE($,$,(#3974));
#3981=IFCRELVOIDSELEMENT('19g4wTG99E8e87SNjo9tiy',$,$,$,#79,#3966);
#3982=IFCCARTESIANPOINT((0.,-1.0159999998649027E-05,2.2341839999999999));
#3983=IFCDIRECTION((0.,0.,1.));
#3984=IFCDIRECTION((1.,0.,0.));
#3985=IFCAXIS2PLACEMENT3D(#3982,#3983,#3984);
#3986=IFCLOCALPLACEMENT(#98,#3985);
#3987=IFCWINDOW('3zra5U$if2EPntm58qj$VQ',$,'Transom - Front Door',$,$,#4008,#3997,$,0.40843200000000035,0.9144000000000001,$,$,$);
#3988=IFCCARTESIANPOINT((0.,0.));
#3989=IFCAXIS2PLACEMENT2D(#3988,$);
#3990=IFCRECTANGLEPROFILEDEF(.AREA.,$,#3989,0.9144000000000001,0.050000000000000003);
#3991=IFCCARTESIANPOINT((0.,0.,0.));
#3992=IFCAXIS2PLACEMENT3D(#3991,$,$);
#3993=IFCDIRECTION((0.,0.,1.));
#3994=IFCEXTRUDEDAREASOLID(#3990,#3992,#3993,0.40843200000000035);
#3995=IFCSHAPEREPRESENTATION(#11,'Body','SweptSolid',(#3994));
#3996=IFCSTYLEDITEM(#3994,(#1218),$);
#3997=IFCPRODUCTDEFINITIONSHAPE($,$,(#3995));
#4003=IFCRELFILLSELEMENT('3eJlXtdob0SxJju21nDMPv',$,$,$,#3966,#3987);
#4004=IFCCARTESIANPOINT((0.,0.,0.));
#4005=IFCDIRECTION((0.,0.,1.));
#4006=IFCDIRECTION((1.,0.,0.));
#4007=IFCAXIS2PLACEMENT3D(#4004,#4005,#4006);
#4008=IFCLOCALPLACEMENT(#3986,#4007);
#4009=IFCBUILDINGELEMENTPROXY('3O5bKUZHX9DhWNesYpSWb0',$,'Transom - Front Door bar',$,$,#4032,#4022,$,$);
#4010=IFCCARTESIANPOINT((0.,0.));
#4011=IFCAXIS2PLACEMENT2D(#4010,$);
#4012=IFCRECTANGLEPROFILEDEF(.AREA.,$,#4011,1.1155680000000001,0.045110400000000002);
#4013=IFCCARTESIANPOINT((0.,0.,0.));
#4014=IFCAXIS2PLACEMENT3D(#4013,$,$);
#4015=IFCDIRECTION((0.,0.,1.));
#4016=IFCEXTRUDEDAREASOLID(#4012,#4014,#4015,0.10058400000000002);
#4017=IFCSHAPEREPRESENTATION(#11,'Body','SweptSolid',(#4016));
#4018=IFCSURFACESTYLE($,.BOTH.,(#4019));
#4019=IFCSURFACESTYLESHADING(#4020,0.);
#4020=IFCCOLOURRGB($,0.93000000000000005,0.92000000000000004,0.88);
#4021=IFCSTYLEDITEM(#4016,(#4018),$);
#4022=IFCPRODUCTDEFINITIONSHAPE($,$,(#4017));
#4028=IFCCARTESIANPOINT((-2.8956,4.8097897200000004,2.1335999999999999));
#4029=IFCDIRECTION((0.,0.,1.));
#4030=IFCDIRECTION((1.,0.,0.));
#4031=IFCAXIS2PLACEMENT3D(#4028,#4029,#4030);
#4032=IFCLOCALPLACEMENT($,#4031);
#4033=IFCBUILDINGELEMENTPROXY('0x2UMwlPb8l8j4x6gMN09p',$,'Transom - Front Door rail',$,$,#4053,#4043,$,$);
#4034=IFCCARTESIANPOINT((0.,0.));
#4035=IFCAXIS2PLACEMENT2D(#4034,$);
#4036=IFCRECTANGLEPROFILEDEF(.AREA.,$,#4035,1.1155680000000001,0.045110400000000002);
#4037=IFCCARTESIANPOINT((0.,0.,0.));
#4038=IFCAXIS2PLACEMENT3D(#4037,$,$);
#4039=IFCDIRECTION((0.,0.,1.));
#4040=IFCEXTRUDEDAREASOLID(#4036,#4038,#4039,0.10058400000000002);
#4041=IFCSHAPEREPRESENTATION(#11,'Body','SweptSolid',(#4040));
#4042=IFCSTYLEDITEM(#4040,(#4018),$);
#4043=IFCPRODUCTDEFINITIONSHAPE($,$,(#4041));
#4049=IFCCARTESIANPOINT((-2.8956,4.8097897200000004,2.6426160000000003));
#4050=IFCDIRECTION((0.,0.,1.));
#4051=IFCDIRECTION((1.,0.,0.));
#4052=IFCAXIS2PLACEMENT3D(#4049,#4050,#4051);
#4053=IFCLOCALPLACEMENT($,#4052);
#4054=IFCBUILDINGELEMENTPROXY('09$bwYsaD2QfLHYOEoD0Ov',$,'Transom - Front Door stile E',$,$,#4074,#4064,$,$);
#4055=IFCCARTESIANPOINT((0.,0.));
#4056=IFCAXIS2PLACEMENT2D(#4055,$);
#4057=IFCRECTANGLEPROFILEDEF(.AREA.,$,#4056,0.10058400000000001,0.045110400000000002);
#4058=IFCCARTESIANPOINT((0.,0.,0.));
#4059=IFCAXIS2PLACEMENT3D(#4058,$,$);
#4060=IFCDIRECTION((0.,0.,1.));
#4061=IFCEXTRUDEDAREASOLID(#4057,#4059,#4060,0.40843199999999996);
#4062=IFCSHAPEREPRESENTATION(#11,'Body','SweptSolid',(#4061));
#4063=IFCSTYLEDITEM(#4061,(#4018),$);
#4064=IFCPRODUCTDEFINITIONSHAPE($,$,(#4062));
#4070=IFCCARTESIANPOINT((-2.4384000000000001,4.8097897200000004,2.2341839999999999));
#4071=IFCDIRECTION((0.,0.,1.));
#4072=IFCDIRECTION((1.,0.,0.));
#4073=IFCAXIS2PLACEMENT3D(#4070,#4071,#4072);
#4074=IFCLOCALPLACEMENT($,#4073);
#4075=IFCBUILDINGELEMENTPROXY('0MXfesaTf0VBURVpUCUShg',$,'Transom - Front Door stile W',$,$,#4095,#4085,$,$);
#4076=IFCCARTESIANPOINT((0.,0.));
#4077=IFCAXIS2PLACEMENT2D(#4076,$);
#4078=IFCRECTANGLEPROFILEDEF(.AREA.,$,#4077,0.10058400000000001,0.045110400000000002);
#4079=IFCCARTESIANPOINT((0.,0.,0.));
#4080=IFCAXIS2PLACEMENT3D(#4079,$,$);
#4081=IFCDIRECTION((0.,0.,1.));
#4082=IFCEXTRUDEDAREASOLID(#4078,#4080,#4081,0.40843199999999996);
#4083=IFCSHAPEREPRESENTATION(#11,'Body','SweptSolid',(#4082));
#4084=IFCSTYLEDITEM(#4082,(#4018),$);
#4085=IFCPRODUCTDEFINITIONSHAPE($,$,(#4083));
#4091=IFCCARTESIANPOINT((-3.3528000000000002,4.8097897200000004,2.2341839999999999));
#4092=IFCDIRECTION((0.,0.,1.));
#4093=IFCDIRECTION((1.,0.,0.));
#4094=IFCAXIS2PLACEMENT3D(#4091,#4092,#4093);
#4095=IFCLOCALPLACEMENT($,#4094);
#4096=IFCOPENINGELEMENT('18Hm_LGhT3T8BtmdX9bEfI',$,'Opening - Sidelight - Foyer E',$,$,#4116,#4105,$,$);
#4097=IFCCARTESIANPOINT((0.,0.));
#4098=IFCAXIS2PLACEMENT2D(#4097,$);
#4099=IFCRECTANGLEPROFILEDEF(.AREA.,$,#4098,1.0040112000000001,0.23968984000000002);
#4100=IFCCARTESIANPOINT((0.,0.,0.));
#4101=IFCAXIS2PLACEMENT3D(#4100,$,$);
#4102=IFCDIRECTION((0.,0.,1.));
#4103=IFCEXTRUDEDAREASOLID(#4099,#4101,#4102,2.1335999999999999);
#4104=IFCSHAPEREPRESENTATION(#11,'Body','SweptSolid',(#4103));
#4105=IFCPRODUCTDEFINITIONSHAPE($,$,(#4104));
#4111=IFCRELVOIDSELEMENT('09MTHsPZf2$RaPDjLXS65B',$,$,$,#99,#4096);
#4112=IFCCARTESIANPOINT((0.97749359999999985,1.0159999999981295E-05,0.));
#4113=IFCDIRECTION((0.,0.,1.));
#4114=IFCDIRECTION((1.,0.,0.));
#4115=IFCAXIS2PLACEMENT3D(#4112,#4113,#4114);
#4116=IFCLOCALPLACEMENT(#118,#4115);
#4117=IFCWINDOW('39X$A76abF_gGboM0tIuBJ',$,'Sidelight - Foyer E',$,$,#4138,#4127,$,2.1335999999999999,1.0040112000000001,$,$,$);
#4118=IFCCARTESIANPOINT((0.,0.));
#4119=IFCAXIS2PLACEMENT2D(#4118,$);
#4120=IFCRECTANGLEPROFILEDEF(.AREA.,$,#4119,1.0040112000000001,0.050000000000000003);
#4121=IFCCARTESIANPOINT((0.,0.,0.));
#4122=IFCAXIS2PLACEMENT3D(#4121,$,$);
#4123=IFCDIRECTION((0.,0.,1.));
#4124=IFCEXTRUDEDAREASOLID(#4120,#4122,#4123,2.1335999999999999);
#4125=IFCSHAPEREPRESENTATION(#11,'Body','SweptSolid',(#4124));
#4126=IFCSTYLEDITEM(#4124,(#1218),$);
#4127=IFCPRODUCTDEFINITIONSHAPE($,$,(#4125));
#4133=IFCRELFILLSELEMENT('1NAe29fij4jhdGydjIFNtZ',$,$,$,#4096,#4117);
#4134=IFCCARTESIANPOINT((0.,0.,0.));
#4135=IFCDIRECTION((0.,0.,1.));
#4136=IFCDIRECTION((1.,0.,0.));
#4137=IFCAXIS2PLACEMENT3D(#4134,#4135,#4136);
#4138=IFCLOCALPLACEMENT(#4116,#4137);
#4139=IFCBUILDINGELEMENTPROXY('3VzBX0A4bF8vTXhS3M16vI',$,'Sidelight - Foyer E sill',$,$,#4162,#4152,$,$);
#4140=IFCCARTESIANPOINT((0.,0.));
#4141=IFCAXIS2PLACEMENT2D(#4140,$);
#4142=IFCRECTANGLEPROFILEDEF(.AREA.,$,#4141,1.0222992000000002,0.030480000000000004);
#4143=IFCCARTESIANPOINT((0.,0.,0.));
#4144=IFCAXIS2PLACEMENT3D(#4143,$,$);
#4145=IFCDIRECTION((0.,0.,1.));
#4146=IFCEXTRUDEDAREASOLID(#4142,#4144,#4145,0.018287999999999999);
#4147=IFCSHAPEREPRESENTATION(#11,'Body','SweptSolid',(#4146));
#4148=IFCSURFACESTYLE($,.BOTH.,(#4149));
#4149=IFCSURFACESTYLESHADING(#4150,0.);
#4150=IFCCOLOURRGB($,0.17000000000000001,0.17999999999999999,0.19);
#4151=IFCSTYLEDITEM(#4146,(#4148),$);
#4152=IFCPRODUCTDEFINITIONSHAPE($,$,(#4147));
#4158=IFCCARTESIANPOINT((-1.9089624000000001,3.1838950800000005,0.));
#4159=IFCDIRECTION((0.,0.,1.));
#4160=IFCDIRECTION((1.,0.,0.));
#4161=IFCAXIS2PLACEMENT3D(#4158,#4159,#4160);
#4162=IFCLOCALPLACEMENT($,#4161);
#4163=IFCBUILDINGELEMENTPROXY('1r17OBjqbC396U0U0YEoNu',$,'Sidelight - Foyer E stile E',$,$,#4183,#4173,$,$);
#4164=IFCCARTESIANPOINT((0.,0.));
#4165=IFCAXIS2PLACEMENT2D(#4164,$);
#4166=IFCRECTANGLEPROFILEDEF(.AREA.,$,#4165,0.018287999999999999,0.030480000000000004);
#4167=IFCCARTESIANPOINT((0.,0.,0.));
#4168=IFCAXIS2PLACEMENT3D(#4167,$,$);
#4169=IFCDIRECTION((0.,0.,1.));
#4170=IFCEXTRUDEDAREASOLID(#4166,#4168,#4169,2.1335999999999999);
#4171=IFCSHAPEREPRESENTATION(#11,'Body','SweptSolid',(#4170));
#4172=IFCSTYLEDITEM(#4170,(#4148),$);
#4173=IFCPRODUCTDEFINITIONSHAPE($,$,(#4171));
#4179=IFCCARTESIANPOINT((-1.4161007999999999,3.1838950800000005,0.));
#4180=IFCDIRECTION((0.,0.,1.));
#4181=IFCDIRECTION((1.,0.,0.));
#4182=IFCAXIS2PLACEMENT3D(#4179,#4180,#4181);
#4183=IFCLOCALPLACEMENT($,#4182);
#4184=IFCBUILDINGELEMENTPROXY('1Alcg$jbr77BD9NjXsRemp',$,'Sidelight - Foyer E stile W',$,$,#4204,#4194,$,$);
#4185=IFCCARTESIANPOINT((0.,0.));
#4186=IFCAXIS2PLACEMENT2D(#4185,$);
#4187=IFCRECTANGLEPROFILEDEF(.AREA.,$,#4186,0.018287999999999999,0.030480000000000004);
#4188=IFCCARTESIANPOINT((0.,0.,0.));
#4189=IFCAXIS2PLACEMENT3D(#4188,$,$);
#4190=IFCDIRECTION((0.,0.,1.));
#4191=IFCEXTRUDEDAREASOLID(#4187,#4189,#4190,2.1335999999999999);
#4192=IFCSHAPEREPRESENTATION(#11,'Body','SweptSolid',(#4191));
#4193=IFCSTYLEDITEM(#4191,(#4148),$);
#4194=IFCPRODUCTDEFINITIONSHAPE($,$,(#4192));
#4200=IFCCARTESIANPOINT((-2.420112,3.1838950800000005,0.));
#4201=IFCDIRECTION((0.,0.,1.));
#4202=IFCDIRECTION((1.,0.,0.));
#4203=IFCAXIS2PLACEMENT3D(#4200,#4201,#4202);
#4204=IFCLOCALPLACEMENT($,#4203);
#4205=IFCBUILDINGELEMENTPROXY('1kkqBdTV95$vOBPbzXl_LT',$,'Sidelight - Foyer E muntin V1',$,$,#4225,#4215,$,$);
#4206=IFCCARTESIANPOINT((0.,0.));
#4207=IFCAXIS2PLACEMENT2D(#4206,$);
#4208=IFCRECTANGLEPROFILEDEF(.AREA.,$,#4207,0.018287999999999999,0.030480000000000004);
#4209=IFCCARTESIANPOINT((0.,0.,0.));
#4210=IFCAXIS2PLACEMENT3D(#4209,$,$);
#4211=IFCDIRECTION((0.,0.,1.));
#4212=IFCEXTRUDEDAREASOLID(#4208,#4210,#4211,2.1335999999999999);
#4213=IFCSHAPEREPRESENTATION(#11,'Body','SweptSolid',(#4212));
#4214=IFCSTYLEDITEM(#4212,(#4148),$);
#4215=IFCPRODUCTDEFINITIONSHAPE($,$,(#4213));
#4221=IFCCARTESIANPOINT((-1.9181064000000001,3.1838950800000005,0.));
#4222=IFCDIRECTION((0.,0.,1.));
#4223=IFCDIRECTION((1.,0.,0.));
#4224=IFCAXIS2PLACEMENT3D(#4221,#4222,#4223);
#4225=IFCLOCALPLACEMENT($,#4224);
#4226=IFCBUILDINGELEMENTPROXY('3aNmkO8E5F8uNKY2LoLNii',$,'Sidelight - Foyer E muntin H1',$,$,#4246,#4236,$,$);
#4227=IFCCARTESIANPOINT((0.,0.));
#4228=IFCAXIS2PLACEMENT2D(#4227,$);
#4229=IFCRECTANGLEPROFILEDEF(.AREA.,$,#4228,1.0040112000000001,0.030480000000000004);
#4230=IFCCARTESIANPOINT((0.,0.,0.));
#4231=IFCAXIS2PLACEMENT3D(#4230,$,$);
#4232=IFCDIRECTION((0.,0.,1.));
#4233=IFCEXTRUDEDAREASOLID(#4229,#4231,#4232,0.018287999999999881);
#4234=IFCSHAPEREPRESENTATION(#11,'Body','SweptSolid',(#4233));
#4235=IFCSTYLEDITEM(#4233,(#4148),$);
#4236=IFCPRODUCTDEFINITIONSHAPE($,$,(#4234));
#4242=IFCCARTESIANPOINT((-1.9181064000000001,3.1838950800000005,0.70205600000000012));
#4243=IFCDIRECTION((0.,0.,1.));
#4244=IFCDIRECTION((1.,0.,0.));
#4245=IFCAXIS2PLACEMENT3D(#4242,#4243,#4244);
#4246=IFCLOCALPLACEMENT($,#4245);
#4247=IFCBUILDINGELEMENTPROXY('18MhibMDzCTuUBxJPnwf0J',$,'Sidelight - Foyer E muntin H2',$,$,#4267,#4257,$,$);
#4248=IFCCARTESIANPOINT((0.,0.));
#4249=IFCAXIS2PLACEMENT2D(#4248,$);
#4250=IFCRECTANGLEPROFILEDEF(.AREA.,$,#4249,1.0040112000000001,0.030480000000000004);
#4251=IFCCARTESIANPOINT((0.,0.,0.));
#4252=IFCAXIS2PLACEMENT3D(#4251,$,$);
#4253=IFCDIRECTION((0.,0.,1.));
#4254=IFCEXTRUDEDAREASOLID(#4250,#4252,#4253,0.018288000000000151);
#4255=IFCSHAPEREPRESENTATION(#11,'Body','SweptSolid',(#4254));
#4256=IFCSTYLEDITEM(#4254,(#4148),$);
#4257=IFCPRODUCTDEFINITIONSHAPE($,$,(#4255));
#4263=IFCCARTESIANPOINT((-1.9181064000000001,3.1838950800000005,1.4132560000000001));
#4264=IFCDIRECTION((0.,0.,1.));
#4265=IFCDIRECTION((1.,0.,0.));
#4266=IFCAXIS2PLACEMENT3D(#4263,#4264,#4265);
#4267=IFCLOCALPLACEMENT($,#4266);
#4268=IFCOPENINGELEMENT('0wwfHEL0b4w9bMfsqbMg0S',$,'Opening - Sidelight - Foyer W',$,$,#4288,#4277,$,$);
#4269=IFCCARTESIANPOINT((0.,0.));
#4270=IFCAXIS2PLACEMENT2D(#4269,$);
#4271=IFCRECTANGLEPROFILEDEF(.AREA.,$,#4270,1.0040112000000001,0.23968984000000002);
#4272=IFCCARTESIANPOINT((0.,0.,0.));
#4273=IFCAXIS2PLACEMENT3D(#4272,$,$);
#4274=IFCDIRECTION((0.,0.,1.));
#4275=IFCEXTRUDEDAREASOLID(#4271,#4273,#4274,2.1335999999999999);
#4276=IFCSHAPEREPRESENTATION(#11,'Body','SweptSolid',(#4275));
#4277=IFCPRODUCTDEFINITIONSHAPE($,$,(#4276));
#4283=IFCRELVOIDSELEMENT('2zqnFDrl92UQX$Pe2sHhJu',$,$,$,#99,#4268);
#4284=IFCCARTESIANPOINT((-0.9774936000000003,1.0159999999981295E-05,0.));
#4285=IFCDIRECTION((0.,0.,1.));
#4286=IFCDIRECTION((1.,0.,0.));
#4287=IFCAXIS2PLACEMENT3D(#4284,#4285,#4286);
#4288=IFCLOCALPLACEMENT(#118,#4287);
#4289=IFCWINDOW('2hson8HALFXORkRSszslwO',$,'Sidelight - Foyer W',$,$,#4310,#4299,$,2.1335999999999999,1.0040112000000001,$,$,$);
#4290=IFCCARTESIANPOINT((0.,0.));
#4291=IFCAXIS2PLACEMENT2D(#4290,$);
#4292=IFCRECTANGLEPROFILEDEF(.AREA.,$,#4291,1.0040112000000001,0.050000000000000003);
#4293=IFCCARTESIANPOINT((0.,0.,0.));
#4294=IFCAXIS2PLACEMENT3D(#4293,$,$);
#4295=IFCDIRECTION((0.,0.,1.));
#4296=IFCEXTRUDEDAREASOLID(#4292,#4294,#4295,2.1335999999999999);
#4297=IFCSHAPEREPRESENTATION(#11,'Body','SweptSolid',(#4296));
#4298=IFCSTYLEDITEM(#4296,(#1218),$);
#4299=IFCPRODUCTDEFINITIONSHAPE($,$,(#4297));
#4305=IFCRELFILLSELEMENT('0YrPoBzur1N9XLITIQA1wX',$,$,$,#4268,#4289);
#4306=IFCCARTESIANPOINT((0.,0.,0.));
#4307=IFCDIRECTION((0.,0.,1.));
#4308=IFCDIRECTION((1.,0.,0.));
#4309=IFCAXIS2PLACEMENT3D(#4306,#4307,#4308);
#4310=IFCLOCALPLACEMENT(#4288,#4309);
#4311=IFCBUILDINGELEMENTPROXY('1JApqla2LBqBxpCx1Uz5v0',$,'Sidelight - Foyer W sill',$,$,#4331,#4321,$,$);
#4312=IFCCARTESIANPOINT((0.,0.));
#4313=IFCAXIS2PLACEMENT2D(#4312,$);
#4314=IFCRECTANGLEPROFILEDEF(.AREA.,$,#4313,1.0222992000000004,0.030480000000000004);
#4315=IFCCARTESIANPOINT((0.,0.,0.));
#4316=IFCAXIS2PLACEMENT3D(#4315,$,$);
#4317=IFCDIRECTION((0.,0.,1.));
#4318=IFCEXTRUDEDAREASOLID(#4314,#4316,#4317,0.018287999999999999);
#4319=IFCSHAPEREPRESENTATION(#11,'Body','SweptSolid',(#4318));
#4320=IFCSTYLEDITEM(#4318,(#4148),$);
#4321=IFCPRODUCTDEFINITIONSHAPE($,$,(#4319));
#4327=IFCCARTESIANPOINT((-3.8822376000000007,3.1838950800000005,0.));
#4328=IFCDIRECTION((0.,0.,1.));
#4329=IFCDIRECTION((1.,0.,0.));
#4330=IFCAXIS2PLACEMENT3D(#4327,#4328,#4329);
#4331=IFCLOCALPLACEMENT($,#4330);
#4332=IFCBUILDINGELEMENTPROXY('0qMDm7d0X49f2zuiT9apko',$,'Sidelight - Foyer W stile E',$,$,#4352,#4342,$,$);
#4333=IFCCARTESIANPOINT((0.,0.));
#4334=IFCAXIS2PLACEMENT2D(#4333,$);
#4335=IFCRECTANGLEPROFILEDEF(.AREA.,$,#4334,0.018287999999999999,0.030480000000000004);
#4336=IFCCARTESIANPOINT((0.,0.,0.));
#4337=IFCAXIS2PLACEMENT3D(#4336,$,$);
#4338=IFCDIRECTION((0.,0.,1.));
#4339=IFCEXTRUDEDAREASOLID(#4335,#4337,#4338,2.1335999999999999);
#4340=IFCSHAPEREPRESENTATION(#11,'Body','SweptSolid',(#4339));
#4341=IFCSTYLEDITEM(#4339,(#4148),$);
#4342=IFCPRODUCTDEFINITIONSHAPE($,$,(#4340));
#4348=IFCCARTESIANPOINT((-3.3710880000000003,3.1838950800000005,0.));
#4349=IFCDIRECTION((0.,0.,1.));
#4350=IFCDIRECTION((1.,0.,0.));
#4351=IFCAXIS2PLACEMENT3D(#4348,#4349,#4350);
#4352=IFCLOCALPLACEMENT($,#4351);
#4353=IFCBUILDINGELEMENTPROXY('0qGZlOqJTF8O1BA5x0Shrb',$,'Sidelight - Foyer W stile W',$,$,#4373,#4363,$,$);
#4354=IFCCARTESIANPOINT((0.,0.));
#4355=IFCAXIS2PLACEMENT2D(#4354,$);
#4356=IFCRECTANGLEPROFILEDEF(.AREA.,$,#4355,0.018287999999999999,0.030480000000000004);
#4357=IFCCARTESIANPOINT((0.,0.,0.));
#4358=IFCAXIS2PLACEMENT3D(#4357,$,$);
#4359=IFCDIRECTION((0.,0.,1.));
#4360=IFCEXTRUDEDAREASOLID(#4356,#4358,#4359,2.1335999999999999);
#4361=IFCSHAPEREPRESENTATION(#11,'Body','SweptSolid',(#4360));
#4362=IFCSTYLEDITEM(#4360,(#4148),$);
#4363=IFCPRODUCTDEFINITIONSHAPE($,$,(#4361));
#4369=IFCCARTESIANPOINT((-4.3750992000000002,3.1838950800000005,0.));
#4370=IFCDIRECTION((0.,0.,1.));
#4371=IFCDIRECTION((1.,0.,0.));
#4372=IFCAXIS2PLACEMENT3D(#4369,#4370,#4371);
#4373=IFCLOCALPLACEMENT($,#4372);
#4374=IFCBUILDINGELEMENTPROXY('2KMGZnluX8bQSbMS$MOJLb',$,'Sidelight - Foyer W muntin V1',$,$,#4394,#4384,$,$);
#4375=IFCCARTESIANPOINT((0.,0.));
#4376=IFCAXIS2PLACEMENT2D(#4375,$);
#4377=IFCRECTANGLEPROFILEDEF(.AREA.,$,#4376,0.018287999999999999,0.030480000000000004);
#4378=IFCCARTESIANPOINT((0.,0.,0.));
#4379=IFCAXIS2PLACEMENT3D(#4378,$,$);
#4380=IFCDIRECTION((0.,0.,1.));
#4381=IFCEXTRUDEDAREASOLID(#4377,#4379,#4380,2.1335999999999999);
#4382=IFCSHAPEREPRESENTATION(#11,'Body','SweptSolid',(#4381));
#4383=IFCSTYLEDITEM(#4381,(#4148),$);
#4384=IFCPRODUCTDEFINITIONSHAPE($,$,(#4382));
#4390=IFCCARTESIANPOINT((-3.8730936000000002,3.1838950800000005,0.));
#4391=IFCDIRECTION((0.,0.,1.));
#4392=IFCDIRECTION((1.,0.,0.));
#4393=IFCAXIS2PLACEMENT3D(#4390,#4391,#4392);
#4394=IFCLOCALPLACEMENT($,#4393);
#4395=IFCBUILDINGELEMENTPROXY('2tC6U4XWH9OPkNpg8Ly9Af',$,'Sidelight - Foyer W muntin H1',$,$,#4415,#4405,$,$);
#4396=IFCCARTESIANPOINT((0.,0.));
#4397=IFCAXIS2PLACEMENT2D(#4396,$);
#4398=IFCRECTANGLEPROFILEDEF(.AREA.,$,#4397,1.0040112000000001,0.030480000000000004);
#4399=IFCCARTESIANPOINT((0.,0.,0.));
#4400=IFCAXIS2PLACEMENT3D(#4399,$,$);
#4401=IFCDIRECTION((0.,0.,1.));
#4402=IFCEXTRUDEDAREASOLID(#4398,#4400,#4401,0.018287999999999881);
#4403=IFCSHAPEREPRESENTATION(#11,'Body','SweptSolid',(#4402));
#4404=IFCSTYLEDITEM(#4402,(#4148),$);
#4405=IFCPRODUCTDEFINITIONSHAPE($,$,(#4403));
#4411=IFCCARTESIANPOINT((-3.8730936000000002,3.1838950800000005,0.70205600000000012));
#4412=IFCDIRECTION((0.,0.,1.));
#4413=IFCDIRECTION((1.,0.,0.));
#4414=IFCAXIS2PLACEMENT3D(#4411,#4412,#4413);
#4415=IFCLOCALPLACEMENT($,#4414);
#4416=IFCBUILDINGELEMENTPROXY('3zEAVSG9145O0KHwxTdIed',$,'Sidelight - Foyer W muntin H2',$,$,#4436,#4426,$,$);
#4417=IFCCARTESIANPOINT((0.,0.));
#4418=IFCAXIS2PLACEMENT2D(#4417,$);
#4419=IFCRECTANGLEPROFILEDEF(.AREA.,$,#4418,1.0040112000000001,0.030480000000000004);
#4420=IFCCARTESIANPOINT((0.,0.,0.));
#4421=IFCAXIS2PLACEMENT3D(#4420,$,$);
#4422=IFCDIRECTION((0.,0.,1.));
#4423=IFCEXTRUDEDAREASOLID(#4419,#4421,#4422,0.018288000000000151);
#4424=IFCSHAPEREPRESENTATION(#11,'Body','SweptSolid',(#4423));
#4425=IFCSTYLEDITEM(#4423,(#4148),$);
#4426=IFCPRODUCTDEFINITIONSHAPE($,$,(#4424));
#4432=IFCCARTESIANPOINT((-3.8730936000000002,3.1838950800000005,1.4132560000000001));
#4433=IFCDIRECTION((0.,0.,1.));
#4434=IFCDIRECTION((1.,0.,0.));
#4435=IFCAXIS2PLACEMENT3D(#4432,#4433,#4434);
#4436=IFCLOCALPLACEMENT($,#4435);
#4437=IFCCOVERING('0y9Zcp$gT2uB0gST3yAOOc',$,'Vestibule - Tile Flooring',$,$,#4457,#4447,$,.FLOORING.);
#4438=IFCCARTESIANPOINT((0.,0.));
#4439=IFCAXIS2PLACEMENT2D(#4438,$);
#4440=IFCRECTANGLEPROFILEDEF(.AREA.,$,#4439,3.40357968,1.8033796800000008);
#4441=IFCCARTESIANPOINT((0.,0.,0.));
#4442=IFCAXIS2PLACEMENT3D(#4441,$,$);
#4443=IFCDIRECTION((0.,0.,1.));
#4444=IFCEXTRUDEDAREASOLID(#4440,#4442,#4443,0.015240000000000002);
#4445=IFCSHAPEREPRESENTATION(#11,'Body','SweptSolid',(#4444));
#4446=IFCSTYLEDITEM(#4444,(#1286),$);
#4447=IFCPRODUCTDEFINITIONSHAPE($,$,(#4445));
#4453=IFCCARTESIANPOINT((-2.8956,4.0005000000000006,0.));
#4454=IFCDIRECTION((0.,0.,1.));
#4455=IFCDIRECTION((1.,0.,0.));
#4456=IFCAXIS2PLACEMENT3D(#4453,#4454,#4455);
#4457=IFCLOCALPLACEMENT($,#4456);
#4458=IFCSLAB('1edJqzMW1EvPIkv6ZCI5f_',$,'Slab - Ext Bath',$,$,#4477,#4467,$,.FLOOR.);
#4459=IFCCARTESIANPOINT((0.,0.));
#4460=IFCAXIS2PLACEMENT2D(#4459,$);
#4461=IFCRECTANGLEPROFILEDEF(.AREA.,$,#4460,1.6637203199999995,3.7947600000000001);
#4462=IFCCARTESIANPOINT((0.,0.,0.));
#4463=IFCAXIS2PLACEMENT3D(#4462,$,$);
#4464=IFCDIRECTION((0.,0.,1.));
#4465=IFCEXTRUDEDAREASOLID(#4461,#4463,#4464,0.20000000000000001);
#4466=IFCSHAPEREPRESENTATION(#11,'Body','SweptSolid',(#4465));
#4467=IFCPRODUCTDEFINITIONSHAPE($,$,(#4466));
#4473=IFCCARTESIANPOINT((6.1531500000000001,-0.67817999999999989,-0.20000000000000001));
#4474=IFCDIRECTION((0.,0.,1.));
#4475=IFCDIRECTION((1.,0.,0.));
#4476=IFCAXIS2PLACEMENT3D(#4473,#4474,#4475);
#4477=IFCLOCALPLACEMENT($,#4476);
#4478=IFCSPACE('3lX95AeY5AovGMfsUqosdD',$,'Ext Bath',$,$,#4497,#4487,'Bathroom',$,.INTERNAL.,$);
#4479=IFCCARTESIANPOINT((0.,0.));
#4480=IFCAXIS2PLACEMENT2D(#4479,$);
#4481=IFCRECTANGLEPROFILEDEF(.AREA.,$,#4480,1.5240304799999995,3.6550701600000002);
#4482=IFCCARTESIANPOINT((0.,0.,0.));
#4483=IFCAXIS2PLACEMENT3D(#4482,$,$);
#4484=IFCDIRECTION((0.,0.,1.));
#4485=IFCEXTRUDEDAREASOLID(#4481,#4483,#4484,2.8956);
#4486=IFCSHAPEREPRESENTATION(#11,'Body','SweptSolid',(#4485));
#4487=IFCPRODUCTDEFINITIONSHAPE($,$,(#4486));
#4493=IFCCARTESIANPOINT((6.1531500000000001,-0.67817999999999989,0.));
#4494=IFCDIRECTION((0.,0.,1.));
#4495=IFCDIRECTION((1.,0.,0.));
#4496=IFCAXIS2PLACEMENT3D(#4493,#4494,#4495);
#4497=IFCLOCALPLACEMENT($,#4496);
#4498=IFCOPENINGELEMENT('0BDBmUkE19_gDFfDLhCHfc',$,'Opening - Window - Bath',$,$,#4518,#4507,$,$);
#4499=IFCCARTESIANPOINT((0.,0.));
#4500=IFCAXIS2PLACEMENT2D(#4499,$);
#4501=IFCRECTANGLEPROFILEDEF(.AREA.,$,#4500,0.23968984000000002,0.9144000000000001);
#4502=IFCCARTESIANPOINT((0.,0.,0.));
#4503=IFCAXIS2PLACEMENT3D(#4502,$,$);
#4504=IFCDIRECTION((0.,0.,1.));
#4505=IFCEXTRUDEDAREASOLID(#4501,#4503,#4504,1.2191999999999998);
#4506=IFCSHAPEREPRESENTATION(#11,'Body','SweptSolid',(#4505));
#4507=IFCPRODUCTDEFINITIONSHAPE($,$,(#4506));
#4513=IFCRELVOIDSELEMENT('0jVgGlXFjDNgUjh88t1nU1',$,$,$,#299,#4498);
#4514=IFCCARTESIANPOINT((1.0159999999537206E-05,-0.45770291999999979,0.9144000000000001));
#4515=IFCDIRECTION((0.,0.,1.));
#4516=IFCDIRECTION((1.,0.,0.));
#4517=IFCAXIS2PLACEMENT3D(#4514,#4515,#4516);
#4518=IFCLOCALPLACEMENT(#318,#4517);
#4519=IFCWINDOW('1_YvOZHYH7Q9SQHo$sU$0Q',$,'Window - Bath',$,$,#4540,#4529,$,1.2191999999999998,0.9144000000000001,$,$,$);
#4520=IFCCARTESIANPOINT((0.,0.));
#4521=IFCAXIS2PLACEMENT2D(#4520,$);
#4522=IFCRECTANGLEPROFILEDEF(.AREA.,$,#4521,0.050000000000000003,0.9144000000000001);
#4523=IFCCARTESIANPOINT((0.,0.,0.));
#4524=IFCAXIS2PLACEMENT3D(#4523,$,$);
#4525=IFCDIRECTION((0.,0.,1.));
#4526=IFCEXTRUDEDAREASOLID(#4522,#4524,#4525,1.2191999999999998);
#4527=IFCSHAPEREPRESENTATION(#11,'Body','SweptSolid',(#4526));
#4528=IFCSTYLEDITEM(#4526,(#1218),$);
#4529=IFCPRODUCTDEFINITIONSHAPE($,$,(#4527));
#4535=IFCRELFILLSELEMENT('1bLT_LrD51nP$LDbHhThJS',$,$,$,#4498,#4519);
#4536=IFCCARTESIANPOINT((0.,0.,0.));
#4537=IFCDIRECTION((0.,0.,1.));
#4538=IFCDIRECTION((1.,0.,0.));
#4539=IFCAXIS2PLACEMENT3D(#4536,#4537,#4538);
#4540=IFCLOCALPLACEMENT(#4518,#4539);
#4541=IFCCOVERING('1zlb$tA4DDzRxaRlF2Qw27',$,'Ext Bath - Tile Flooring',$,$,#4561,#4551,$,.FLOORING.);
#4542=IFCCARTESIANPOINT((0.,0.));
#4543=IFCAXIS2PLACEMENT2D(#4542,$);
#4544=IFCRECTANGLEPROFILEDEF(.AREA.,$,#4543,1.6637203199999995,3.7947600000000001);
#4545=IFCCARTESIANPOINT((0.,0.,0.));
#4546=IFCAXIS2PLACEMENT3D(#4545,$,$);
#4547=IFCDIRECTION((0.,0.,1.));
#4548=IFCEXTRUDEDAREASOLID(#4544,#4546,#4547,0.015240000000000002);
#4549=IFCSHAPEREPRESENTATION(#11,'Body','SweptSolid',(#4548));
#4550=IFCSTYLEDITEM(#4548,(#1286),$);
#4551=IFCPRODUCTDEFINITIONSHAPE($,$,(#4549));
#4557=IFCCARTESIANPOINT((6.1531500000000001,-0.67817999999999989,0.));
#4558=IFCDIRECTION((0.,0.,1.));
#4559=IFCDIRECTION((1.,0.,0.));
#4560=IFCAXIS2PLACEMENT3D(#4557,#4558,#4559);
#4561=IFCLOCALPLACEMENT($,#4560);
#4562=IFCSLAB('3uDCWTgk59KwV1yL1hV8fg',$,'Slab - WC',$,$,#4581,#4571,$,.FLOOR.);
#4563=IFCCARTESIANPOINT((0.,0.));
#4564=IFCAXIS2PLACEMENT2D(#4563,$);
#4565=IFCRECTANGLEPROFILEDEF(.AREA.,$,#4564,1.6637203199999995,1.0566501600000007);
#4566=IFCCARTESIANPOINT((0.,0.,0.));
#4567=IFCAXIS2PLACEMENT3D(#4566,$,$);
#4568=IFCDIRECTION((0.,0.,1.));
#4569=IFCEXTRUDEDAREASOLID(#4565,#4567,#4568,0.20000000000000001);
#4570=IFCSHAPEREPRESENTATION(#11,'Body','SweptSolid',(#4569));
#4571=IFCPRODUCTDEFINITIONSHAPE($,$,(#4570));
#4577=IFCCARTESIANPOINT((6.1531500000000001,-3.1038850800000004,-0.20000000000000001));
#4578=IFCDIRECTION((0.,0.,1.));
#4579=IFCDIRECTION((1.,0.,0.));
#4580=IFCAXIS2PLACEMENT3D(#4577,#4578,#4579);
#4581=IFCLOCALPLACEMENT($,#4580);
#4582=IFCSPACE('1VZ5TY7vnDSOFNpiW6M3u_',$,'WC',$,$,#4601,#4591,'Water Closet',$,.INTERNAL.,$);
#4583=IFCCARTESIANPOINT((0.,0.));
#4584=IFCAXIS2PLACEMENT2D(#4583,$);
#4585=IFCRECTANGLEPROFILEDEF(.AREA.,$,#4584,1.5240304799999995,0.91696032000000072);
#4586=IFCCARTESIANPOINT((0.,0.,0.));
#4587=IFCAXIS2PLACEMENT3D(#4586,$,$);
#4588=IFCDIRECTION((0.,0.,1.));
#4589=IFCEXTRUDEDAREASOLID(#4585,#4587,#4588,2.8956);
#4590=IFCSHAPEREPRESENTATION(#11,'Body','SweptSolid',(#4589));
#4591=IFCPRODUCTDEFINITIONSHAPE($,$,(#4590));
#4597=IFCCARTESIANPOINT((6.1531500000000001,-3.1038850800000004,0.));
#4598=IFCDIRECTION((0.,0.,1.));
#4599=IFCDIRECTION((1.,0.,0.));
#4600=IFCAXIS2PLACEMENT3D(#4597,#4598,#4599);
#4601=IFCLOCALPLACEMENT($,#4600);
#4602=IFCOPENINGELEMENT('3eQvQUoDD8eRQBe84JLwHi',$,'Opening - Bath -> WC',$,$,#4622,#4611,$,$);
#4603=IFCCARTESIANPOINT((0.,0.));
#4604=IFCAXIS2PLACEMENT2D(#4603,$);
#4605=IFCRECTANGLEPROFILEDEF(.AREA.,$,#4604,0.71018400000000004,0.23968984000000002);
#4606=IFCCARTESIANPOINT((0.,0.,0.));
#4607=IFCAXIS2PLACEMENT3D(#4606,$,$);
#4608=IFCDIRECTION((0.,0.,1.));
#4609=IFCEXTRUDEDAREASOLID(#4605,#4607,#4608,2.1335999999999999);
#4610=IFCSHAPEREPRESENTATION(#11,'Body','SweptSolid',(#4609));
#4611=IFCPRODUCTDEFINITIONSHAPE($,$,(#4610));
#4617=IFCRELVOIDSELEMENT('1mO4_yDKP4jxOdwSdhcmgy',$,$,$,#119,#4602);
#4618=IFCCARTESIANPOINT((0.25466039999999968,4.0000000000262048E-05,0.));
#4619=IFCDIRECTION((0.,0.,1.));
#4620=IFCDIRECTION((1.,0.,0.));
#4621=IFCAXIS2PLACEMENT3D(#4618,#4619,#4620);
#4622=IFCLOCALPLACEMENT(#138,#4621);
#4623=IFCDOOR('1TPj7Xajv9WwM_g7YVkeob',$,'Bath -> WC',$,$,#4643,#4632,$,2.1335999999999999,0.71018400000000004,$,$,$);
#4624=IFCCARTESIANPOINT((0.,0.));
#4625=IFCAXIS2PLACEMENT2D(#4624,$);
#4626=IFCRECTANGLEPROFILEDEF(.AREA.,$,#4625,0.71018400000000004,0.050000000000000003);
#4627=IFCCARTESIANPOINT((0.,0.,0.));
#4628=IFCAXIS2PLACEMENT3D(#4627,$,$);
#4629=IFCDIRECTION((0.,0.,1.));
#4630=IFCEXTRUDEDAREASOLID(#4626,#4628,#4629,2.1335999999999999);
#4631=IFCSHAPEREPRESENTATION(#11,'Body','SweptSolid',(#4630));
#4632=IFCPRODUCTDEFINITIONSHAPE($,$,(#4631));
#4638=IFCRELFILLSELEMENT('2iWfvfh2v8Jx0GjL8MzFqk',$,$,$,#4602,#4623);
#4639=IFCCARTESIANPOINT((0.,0.,0.));
#4640=IFCDIRECTION((0.,0.,1.));
#4641=IFCDIRECTION((1.,0.,0.));
#4642=IFCAXIS2PLACEMENT3D(#4639,#4640,#4641);
#4643=IFCLOCALPLACEMENT(#4622,#4642);
#4644=IFCCOVERING('3woX6Dzm54l9x4lcE2hpzn',$,'WC - Tile Flooring',$,$,#4664,#4654,$,.FLOORING.);
#4645=IFCCARTESIANPOINT((0.,0.));
#4646=IFCAXIS2PLACEMENT2D(#4645,$);
#4647=IFCRECTANGLEPROFILEDEF(.AREA.,$,#4646,1.6637203199999995,1.0566501600000007);
#4648=IFCCARTESIANPOINT((0.,0.,0.));
#4649=IFCAXIS2PLACEMENT3D(#4648,$,$);
#4650=IFCDIRECTION((0.,0.,1.));
#4651=IFCEXTRUDEDAREASOLID(#4647,#4649,#4650,0.015240000000000002);
#4652=IFCSHAPEREPRESENTATION(#11,'Body','SweptSolid',(#4651));
#4653=IFCSTYLEDITEM(#4651,(#1286),$);
#4654=IFCPRODUCTDEFINITIONSHAPE($,$,(#4652));
#4660=IFCCARTESIANPOINT((6.1531500000000001,-3.1038850800000004,0.));
#4661=IFCDIRECTION((0.,0.,1.));
#4662=IFCDIRECTION((1.,0.,0.));
#4663=IFCAXIS2PLACEMENT3D(#4660,#4661,#4662);
#4664=IFCLOCALPLACEMENT($,#4663);
#4665=IFCSLAB('2dr$$WzV13vwZ0zE99pGUN',$,'Slab - Ext Vestibule',$,$,#4684,#4674,$,.FLOOR.);
#4666=IFCCARTESIANPOINT((0.,0.));
#4667=IFCAXIS2PLACEMENT2D(#4666,$);
#4668=IFCRECTANGLEPROFILEDEF(.AREA.,$,#4667,1.66368984,2.5603199999999999);
#4669=IFCCARTESIANPOINT((0.,0.,0.));
#4670=IFCAXIS2PLACEMENT3D(#4669,$,$);
#4671=IFCDIRECTION((0.,0.,1.));
#4672=IFCEXTRUDEDAREASOLID(#4668,#4670,#4671,0.20000000000000001);
#4673=IFCSHAPEREPRESENTATION(#11,'Body','SweptSolid',(#4672));
#4674=IFCPRODUCTDEFINITIONSHAPE($,$,(#4673));
#4680=IFCCARTESIANPOINT((4.4894449200000004,-0.060960000000000014,-0.20000000000000001));
#4681=IFCDIRECTION((0.,0.,1.));
#4682=IFCDIRECTION((1.,0.,0.));
#4683=IFCAXIS2PLACEMENT3D(#4680,#4681,#4682);
#4684=IFCLOCALPLACEMENT($,#4683);
#4685=IFCSPACE('0wvHO$5nXACwtiKNEMD8Sp',$,'Ext Vestibule',$,$,#4704,#4694,'Vestibule',$,.INTERNAL.,$);
#4686=IFCCARTESIANPOINT((0.,0.));
#4687=IFCAXIS2PLACEMENT2D(#4686,$);
#4688=IFCRECTANGLEPROFILEDEF(.AREA.,$,#4687,1.524,2.42063016);
#4689=IFCCARTESIANPOINT((0.,0.,0.));
#4690=IFCAXIS2PLACEMENT3D(#4689,$,$);
#4691=IFCDIRECTION((0.,0.,1.));
#4692=IFCEXTRUDEDAREASOLID(#4688,#4690,#4691,2.8956);
#4693=IFCSHAPEREPRESENTATION(#11,'Body','SweptSolid',(#4692));
#4694=IFCPRODUCTDEFINITIONSHAPE($,$,(#4693));
#4700=IFCCARTESIANPOINT((4.4894449200000004,-0.060960000000000014,0.));
#4701=IFCDIRECTION((0.,0.,1.));
#4702=IFCDIRECTION((1.,0.,0.));
#4703=IFCAXIS2PLACEMENT3D(#4700,#4701,#4702);
#4704=IFCLOCALPLACEMENT($,#4703);
#4705=IFCOPENINGELEMENT('0QO4eyG1v559rwYOcHbl0W',$,'Opening - Family -> Ext Vestibule',$,$,#4725,#4714,$,$);
#4706=IFCCARTESIANPOINT((0.,0.));
#4707=IFCAXIS2PLACEMENT2D(#4706,$);
#4708=IFCRECTANGLEPROFILEDEF(.AREA.,$,#4707,0.23968984000000002,0.9144000000000001);
#4709=IFCCARTESIANPOINT((0.,0.,0.));
#4710=IFCAXIS2PLACEMENT3D(#4709,$,$);
#4711=IFCDIRECTION((0.,0.,1.));
#4712=IFCEXTRUDEDAREASOLID(#4708,#4710,#4711,2.1335999999999999);
#4713=IFCSHAPEREPRESENTATION(#11,'Body','SweptSolid',(#4712));
#4714=IFCPRODUCTDEFINITIONSHAPE($,$,(#4713));
#4720=IFCRELVOIDSELEMENT('1UAhLNJez4rQOPLPR0KVo0',$,$,$,#219,#4705);
#4721=IFCCARTESIANPOINT((4.4408920985006262E-16,-1.3573658400000004,0.));
#4722=IFCDIRECTION((0.,0.,1.));
#4723=IFCDIRECTION((1.,0.,0.));
#4724=IFCAXIS2PLACEMENT3D(#4721,#4722,#4723);
#4725=IFCLOCALPLACEMENT(#238,#4724);
#4726=IFCDOOR('1P3EV9YLP78xp6rQHpLvmR',$,'Family -> Ext Vestibule',$,$,#4746,#4735,$,2.1335999999999999,0.9144000000000001,$,$,$);
#4727=IFCCARTESIANPOINT((0.,0.));
#4728=IFCAXIS2PLACEMENT2D(#4727,$);
#4729=IFCRECTANGLEPROFILEDEF(.AREA.,$,#4728,0.050000000000000003,0.9144000000000001);
#4730=IFCCARTESIANPOINT((0.,0.,0.));
#4731=IFCAXIS2PLACEMENT3D(#4730,$,$);
#4732=IFCDIRECTION((0.,0.,1.));
#4733=IFCEXTRUDEDAREASOLID(#4729,#4731,#4732,2.1335999999999999);
#4734=IFCSHAPEREPRESENTATION(#11,'Body','SweptSolid',(#4733));
#4735=IFCPRODUCTDEFINITIONSHAPE($,$,(#4734));
#4741=IFCRELFILLSELEMENT('00BXQgz4b2khBeJNq45h11',$,$,$,#4705,#4726);
#4742=IFCCARTESIANPOINT((0.,1.1102230246251565E-16,0.));
#4743=IFCDIRECTION((0.,0.,1.));
#4744=IFCDIRECTION((1.,0.,0.));
#4745=IFCAXIS2PLACEMENT3D(#4742,#4743,#4744);
#4746=IFCLOCALPLACEMENT(#4725,#4745);
#4747=IFCOPENINGELEMENT('1TvafTTpz17uX2_q_DVkvx',$,'Opening - Ext Vestibule -> Outside',$,$,#4767,#4756,$,$);
#4748=IFCCARTESIANPOINT((0.,0.));
#4749=IFCAXIS2PLACEMENT2D(#4748,$);
#4750=IFCRECTANGLEPROFILEDEF(.AREA.,$,#4749,0.9144000000000001,0.23968984000000002);
#4751=IFCCARTESIANPOINT((0.,0.,0.));
#4752=IFCAXIS2PLACEMENT3D(#4751,$,$);
#4753=IFCDIRECTION((0.,0.,1.));
#4754=IFCEXTRUDEDAREASOLID(#4750,#4752,#4753,2.1335999999999999);
#4755=IFCSHAPEREPRESENTATION(#11,'Body','SweptSolid',(#4754));
#4756=IFCPRODUCTDEFINITIONSHAPE($,$,(#4755));
#4762=IFCRELVOIDSELEMENT('0ADEGDGUL0YfZ59BDdljhl',$,$,$,#139,#4747);
#4763=IFCCARTESIANPOINT((-0.83160107999999955,0.,0.));
#4764=IFCDIRECTION((0.,0.,1.));
#4765=IFCDIRECTION((1.,0.,0.));
#4766=IFCAXIS2PLACEMENT3D(#4763,#4764,#4765);
#4767=IFCLOCALPLACEMENT(#158,#4766);
#4768=IFCDOOR('19$0I23pDAKf8HZky0epzz',$,'Ext Vestibule -> Outside',$,$,#4788,#4777,$,2.1335999999999999,0.9144000000000001,$,$,$);
#4769=IFCCARTESIANPOINT((0.,0.));
#4770=IFCAXIS2PLACEMENT2D(#4769,$);
#4771=IFCRECTANGLEPROFILEDEF(.AREA.,$,#4770,0.9144000000000001,0.050000000000000003);
#4772=IFCCARTESIANPOINT((0.,0.,0.));
#4773=IFCAXIS2PLACEMENT3D(#4772,$,$);
#4774=IFCDIRECTION((0.,0.,1.));
#4775=IFCEXTRUDEDAREASOLID(#4771,#4773,#4774,2.1335999999999999);
#4776=IFCSHAPEREPRESENTATION(#11,'Body','SweptSolid',(#4775));
#4777=IFCPRODUCTDEFINITIONSHAPE($,$,(#4776));
#4783=IFCRELFILLSELEMENT('1ERUBhv6bAH9LIEia90s3D',$,$,$,#4747,#4768);
#4784=IFCCARTESIANPOINT((0.,0.,0.));
#4785=IFCDIRECTION((0.,0.,1.));
#4786=IFCDIRECTION((1.,0.,0.));
#4787=IFCAXIS2PLACEMENT3D(#4784,#4785,#4786);
#4788=IFCLOCALPLACEMENT(#4767,#4787);
#4789=IFCCOVERING('0kNPeBbtXEbQUG6vAXIYN_',$,'Ext Vestibule - Tile Flooring',$,$,#4809,#4799,$,.FLOORING.);
#4790=IFCCARTESIANPOINT((0.,0.));
#4791=IFCAXIS2PLACEMENT2D(#4790,$);
#4792=IFCRECTANGLEPROFILEDEF(.AREA.,$,#4791,1.66368984,2.5603199999999999);
#4793=IFCCARTESIANPOINT((0.,0.,0.));
#4794=IFCAXIS2PLACEMENT3D(#4793,$,$);
#4795=IFCDIRECTION((0.,0.,1.));
#4796=IFCEXTRUDEDAREASOLID(#4792,#4794,#4795,0.015240000000000002);
#4797=IFCSHAPEREPRESENTATION(#11,'Body','SweptSolid',(#4796));
#4798=IFCSTYLEDITEM(#4796,(#1286),$);
#4799=IFCPRODUCTDEFINITIONSHAPE($,$,(#4797));
#4805=IFCCARTESIANPOINT((4.4894449200000004,-0.060960000000000014,0.));
#4806=IFCDIRECTION((0.,0.,1.));
#4807=IFCDIRECTION((1.,0.,0.));
#4808=IFCAXIS2PLACEMENT3D(#4805,#4806,#4807);
#4809=IFCLOCALPLACEMENT($,#4808);
#4810=IFCSLAB('3Cu$jrkt19duOOmuQOFzAR',$,'Slab - Ext Laundry',$,$,#4829,#4819,$,.FLOOR.);
#4811=IFCCARTESIANPOINT((0.,0.));
#4812=IFCAXIS2PLACEMENT2D(#4811,$);
#4813=IFCRECTANGLEPROFILEDEF(.AREA.,$,#4812,1.66368984,2.2910901600000004);
#4814=IFCCARTESIANPOINT((0.,0.,0.));
#4815=IFCAXIS2PLACEMENT3D(#4814,$,$);
#4816=IFCDIRECTION((0.,0.,1.));
#4817=IFCEXTRUDEDAREASOLID(#4813,#4815,#4816,0.20000000000000001);
#4818=IFCSHAPEREPRESENTATION(#11,'Body','SweptSolid',(#4817));
#4819=IFCPRODUCTDEFINITIONSHAPE($,$,(#4818));
#4825=IFCCARTESIANPOINT((4.4894449200000004,-2.4866650800000003,-0.20000000000000001));
#4826=IFCDIRECTION((0.,0.,1.));
#4827=IFCDIRECTION((1.,0.,0.));
#4828=IFCAXIS2PLACEMENT3D(#4825,#4826,#4827);
#4829=IFCLOCALPLACEMENT($,#4828);
#4830=IFCSPACE('03du9DhqLFleyfivOxWyXq',$,'Ext Laundry',$,$,#4849,#4839,'Laundry',$,.INTERNAL.,$);
#4831=IFCCARTESIANPOINT((0.,0.));
#4832=IFCAXIS2PLACEMENT2D(#4831,$);
#4833=IFCRECTANGLEPROFILEDEF(.AREA.,$,#4832,1.524,2.1514003200000005);
#4834=IFCCARTESIANPOINT((0.,0.,0.));
#4835=IFCAXIS2PLACEMENT3D(#4834,$,$);
#4836=IFCDIRECTION((0.,0.,1.));
#4837=IFCEXTRUDEDAREASOLID(#4833,#4835,#4836,2.8956);
#4838=IFCSHAPEREPRESENTATION(#11,'Body','SweptSolid',(#4837));
#4839=IFCPRODUCTDEFINITIONSHAPE($,$,(#4838));
#4845=IFCCARTESIANPOINT((4.4894449200000004,-2.4866650800000003,0.));
#4846=IFCDIRECTION((0.,0.,1.));
#4847=IFCDIRECTION((1.,0.,0.));
#4848=IFCAXIS2PLACEMENT3D(#4845,#4846,#4847);
#4849=IFCLOCALPLACEMENT($,#4848);
#4850=IFCOPENINGELEMENT('3dSK5yw017UgBCMU01eiaB',$,'Opening - Laundry -> Bath',$,$,#4870,#4859,$,$);
#4851=IFCCARTESIANPOINT((0.,0.));
#4852=IFCAXIS2PLACEMENT2D(#4851,$);
#4853=IFCRECTANGLEPROFILEDEF(.AREA.,$,#4852,0.23968984000000002,0.9144000000000001);
#4854=IFCCARTESIANPOINT((0.,0.,0.));
#4855=IFCAXIS2PLACEMENT3D(#4854,$,$);
#4856=IFCDIRECTION((0.,0.,1.));
#4857=IFCEXTRUDEDAREASOLID(#4853,#4855,#4856,2.1335999999999999);
#4858=IFCSHAPEREPRESENTATION(#11,'Body','SweptSolid',(#4857));
#4859=IFCPRODUCTDEFINITIONSHAPE($,$,(#4858));
#4865=IFCRELVOIDSELEMENT('2b4zPzlV59e8Z4_XVebXNb',$,$,$,#279,#4850);
#4866=IFCCARTESIANPOINT((-1.0159999999537206E-05,-0.75183491999999963,0.));
#4867=IFCDIRECTION((0.,0.,1.));
#4868=IFCDIRECTION((1.,0.,0.));
#4869=IFCAXIS2PLACEMENT3D(#4866,#4867,#4868);
#4870=IFCLOCALPLACEMENT(#298,#4869);
#4871=IFCDOOR('2oCWrjB0H3yQZrep3HdgiG',$,'Laundry -> Bath',$,$,#4891,#4880,$,2.1335999999999999,0.9144000000000001,$,$,$);
#4872=IFCCARTESIANPOINT((0.,0.));
#4873=IFCAXIS2PLACEMENT2D(#4872,$);
#4874=IFCRECTANGLEPROFILEDEF(.AREA.,$,#4873,0.050000000000000003,0.9144000000000001);
#4875=IFCCARTESIANPOINT((0.,0.,0.));
#4876=IFCAXIS2PLACEMENT3D(#4875,$,$);
#4877=IFCDIRECTION((0.,0.,1.));
#4878=IFCEXTRUDEDAREASOLID(#4874,#4876,#4877,2.1335999999999999);
#4879=IFCSHAPEREPRESENTATION(#11,'Body','SweptSolid',(#4878));
#4880=IFCPRODUCTDEFINITIONSHAPE($,$,(#4879));
#4886=IFCRELFILLSELEMENT('13mklgXpDFV8ENK3dCqMrm',$,$,$,#4850,#4871);
#4887=IFCCARTESIANPOINT((0.,0.,0.));
#4888=IFCDIRECTION((0.,0.,1.));
#4889=IFCDIRECTION((1.,0.,0.));
#4890=IFCAXIS2PLACEMENT3D(#4887,#4888,#4889);
#4891=IFCLOCALPLACEMENT(#4870,#4890);
#4892=IFCCOVERING('3tOC6kpzTETwE4NnB_542u',$,'Ext Laundry - Tile Flooring',$,$,#4912,#4902,$,.FLOORING.);
#4893=IFCCARTESIANPOINT((0.,0.));
#4894=IFCAXIS2PLACEMENT2D(#4893,$);
#4895=IFCRECTANGLEPROFILEDEF(.AREA.,$,#4894,1.66368984,2.2910901600000004);
#4896=IFCCARTESIANPOINT((0.,0.,0.));
#4897=IFCAXIS2PLACEMENT3D(#4896,$,$);
#4898=IFCDIRECTION((0.,0.,1.));
#4899=IFCEXTRUDEDAREASOLID(#4895,#4897,#4898,0.015240000000000002);
#4900=IFCSHAPEREPRESENTATION(#11,'Body','SweptSolid',(#4899));
#4901=IFCSTYLEDITEM(#4899,(#1286),$);
#4902=IFCPRODUCTDEFINITIONSHAPE($,$,(#4900));
#4908=IFCCARTESIANPOINT((4.4894449200000004,-2.4866650800000003,0.));
#4909=IFCDIRECTION((0.,0.,1.));
#4910=IFCDIRECTION((1.,0.,0.));
#4911=IFCAXIS2PLACEMENT3D(#4908,#4909,#4910);
#4912=IFCLOCALPLACEMENT($,#4911);
#4913=IFCSLAB('0q0Mm9_ir8jf82dKx3$V3p',$,'Slab - Scullery',$,$,#4932,#4922,$,.FLOOR.);
#4914=IFCCARTESIANPOINT((0.,0.));
#4915=IFCAXIS2PLACEMENT2D(#4914,$);
#4916=IFCRECTANGLEPROFILEDEF(.AREA.,$,#4915,8.5851796800000013,2.1208898399999994);
#4917=IFCCARTESIANPOINT((0.,0.,0.));
#4918=IFCAXIS2PLACEMENT3D(#4917,$,$);
#4919=IFCDIRECTION((0.,0.,1.));
#4920=IFCEXTRUDEDAREASOLID(#4916,#4918,#4919,0.20000000000000001);
#4921=IFCSHAPEREPRESENTATION(#11,'Body','SweptSolid',(#4920));
#4922=IFCPRODUCTDEFINITIONSHAPE($,$,(#4921));
#4928=IFCCARTESIANPOINT((-4.2671999999999999,-4.6926550799999998,-0.20000000000000001));
#4929=IFCDIRECTION((0.,0.,1.));
#4930=IFCDIRECTION((1.,0.,0.));
#4931=IFCAXIS2PLACEMENT3D(#4928,#4929,#4930);
#4932=IFCLOCALPLACEMENT($,#4931);
#4933=IFCSPACE('3amWCLBfLFwQJKSmDoQUwc',$,'Scullery',$,$,#4952,#4942,'Scullery',$,.INTERNAL.,$);
#4934=IFCCARTESIANPOINT((0.,0.));
#4935=IFCAXIS2PLACEMENT2D(#4934,$);
#4936=IFCRECTANGLEPROFILEDEF(.AREA.,$,#4935,8.4454898400000005,1.9811999999999994);
#4937=IFCCARTESIANPOINT((0.,0.,0.));
#4938=IFCAXIS2PLACEMENT3D(#4937,$,$);
#4939=IFCDIRECTION((0.,0.,1.));
#4940=IFCEXTRUDEDAREASOLID(#4936,#4938,#4939,2.8956);
#4941=IFCSHAPEREPRESENTATION(#11,'Body','SweptSolid',(#4940));
#4942=IFCPRODUCTDEFINITIONSHAPE($,$,(#4941));
#4948=IFCCARTESIANPOINT((-4.2671999999999999,-4.6926550799999998,0.));
#4949=IFCDIRECTION((0.,0.,1.));
#4950=IFCDIRECTION((1.,0.,0.));
#4951=IFCAXIS2PLACEMENT3D(#4948,#4949,#4950);
#4952=IFCLOCALPLACEMENT($,#4951);
#4953=IFCOPENINGELEMENT('3bqm6oPYH4VhMEiCLG$qLv',$,'Opening - Back Door',$,$,#4973,#4962,$,$);
#4954=IFCCARTESIANPOINT((0.,0.));
#4955=IFCAXIS2PLACEMENT2D(#4954,$);
#4956=IFCRECTANGLEPROFILEDEF(.AREA.,$,#4955,0.9144000000000001,0.23968984000000002);
#4957=IFCCARTESIANPOINT((0.,0.,0.));
#4958=IFCAXIS2PLACEMENT3D(#4957,$,$);
#4959=IFCDIRECTION((0.,0.,1.));
#4960=IFCEXTRUDEDAREASOLID(#4956,#4958,#4959,2.1335999999999999);
#4961=IFCSHAPEREPRESENTATION(#11,'Body','SweptSolid',(#4960));
#4962=IFCPRODUCTDEFINITIONSHAPE($,$,(#4961));
#4968=IFCRELVOIDSELEMENT('1Nqeypbqf33AZitZ7pg7T9',$,$,$,#179,#4953);
#4969=IFCCARTESIANPOINT((-1.1186160000000012,0.,0.));
#4970=IFCDIRECTION((0.,0.,1.));
#4971=IFCDIRECTION((1.,0.,0.));
#4972=IFCAXIS2PLACEMENT3D(#4969,#4970,#4971);
#4973=IFCLOCALPLACEMENT(#198,#4972);
#4974=IFCDOOR('2rYcmlmxLBAxJO6wcEhiTf',$,'Back Door',$,$,#4994,#4983,$,2.1335999999999999,0.9144000000000001,$,$,$);
#4975=IFCCARTESIANPOINT((0.,0.));
#4976=IFCAXIS2PLACEMENT2D(#4975,$);
#4977=IFCRECTANGLEPROFILEDEF(.AREA.,$,#4976,0.9144000000000001,0.050000000000000003);
#4978=IFCCARTESIANPOINT((0.,0.,0.));
#4979=IFCAXIS2PLACEMENT3D(#4978,$,$);
#4980=IFCDIRECTION((0.,0.,1.));
#4981=IFCEXTRUDEDAREASOLID(#4977,#4979,#4980,2.1335999999999999);
#4982=IFCSHAPEREPRESENTATION(#11,'Body','SweptSolid',(#4981));
#4983=IFCPRODUCTDEFINITIONSHAPE($,$,(#4982));
#4989=IFCRELFILLSELEMENT('0jcsoFmYj0mfR7zN$PNLYI',$,$,$,#4953,#4974);
#4990=IFCCARTESIANPOINT((0.,0.,0.));
#4991=IFCDIRECTION((0.,0.,1.));
#4992=IFCDIRECTION((1.,0.,0.));
#4993=IFCAXIS2PLACEMENT3D(#4990,#4991,#4992);
#4994=IFCLOCALPLACEMENT(#4973,#4993);
#4995=IFCOPENINGELEMENT('0KVn1vH3HCifJ36pCV1vAu',$,'Opening - Window - Scullery S1',$,$,#5015,#5004,$,$);
#4996=IFCCARTESIANPOINT((0.,0.));
#4997=IFCAXIS2PLACEMENT2D(#4996,$);
#4998=IFCRECTANGLEPROFILEDEF(.AREA.,$,#4997,0.60960000000000003,0.23968984000000002);
#4999=IFCCARTESIANPOINT((0.,0.,0.));
#5000=IFCAXIS2PLACEMENT3D(#4999,$,$);
#5001=IFCDIRECTION((0.,0.,1.));
#5002=IFCEXTRUDEDAREASOLID(#4998,#5000,#5001,0.91439999999999988);
#5003=IFCSHAPEREPRESENTATION(#11,'Body','SweptSolid',(#5002));
#5004=IFCPRODUCTDEFINITIONSHAPE($,$,(#5003));
#5010=IFCRELVOIDSELEMENT('2E5AiP2kDBNfAqNqa9LdKu',$,$,$,#179,#4995);
#5011=IFCCARTESIANPOINT((2.6426159999999999,0.,1.2192000000000001));
#5012=IFCDIRECTION((0.,0.,1.));
#5013=IFCDIRECTION((1.,0.,0.));
#5014=IFCAXIS2PLACEMENT3D(#5011,#5012,#5013);
#5015=IFCLOCALPLACEMENT(#198,#5014);
#5016=IFCWINDOW('16JTzZB2rDRfUlaYQgWgG6',$,'Window - Scullery S1',$,$,#5037,#5026,$,0.91439999999999988,0.60960000000000003,$,$,$);
#5017=IFCCARTESIANPOINT((0.,0.));
#5018=IFCAXIS2PLACEMENT2D(#5017,$);
#5019=IFCRECTANGLEPROFILEDEF(.AREA.,$,#5018,0.60960000000000003,0.050000000000000003);
#5020=IFCCARTESIANPOINT((0.,0.,0.));
#5021=IFCAXIS2PLACEMENT3D(#5020,$,$);
#5022=IFCDIRECTION((0.,0.,1.));
#5023=IFCEXTRUDEDAREASOLID(#5019,#5021,#5022,0.91439999999999988);
#5024=IFCSHAPEREPRESENTATION(#11,'Body','SweptSolid',(#5023));
#5025=IFCSTYLEDITEM(#5023,(#1218),$);
#5026=IFCPRODUCTDEFINITIONSHAPE($,$,(#5024));
#5032=IFCRELFILLSELEMENT('3e691xGbX7wQz7J1hmLaBR',$,$,$,#4995,#5016);
#5033=IFCCARTESIANPOINT((0.,0.,0.));
#5034=IFCDIRECTION((0.,0.,1.));
#5035=IFCDIRECTION((1.,0.,0.));
#5036=IFCAXIS2PLACEMENT3D(#5033,#5034,#5035);
#5037=IFCLOCALPLACEMENT(#5015,#5036);
#5038=IFCOPENINGELEMENT('3K5n514z5EFQR1WSjiFDer',$,'Opening - Window - Scullery S2',$,$,#5058,#5047,$,$);
#5039=IFCCARTESIANPOINT((0.,0.));
#5040=IFCAXIS2PLACEMENT2D(#5039,$);
#5041=IFCRECTANGLEPROFILEDEF(.AREA.,$,#5040,0.60960000000000003,0.23968984000000002);
#5042=IFCCARTESIANPOINT((0.,0.,0.));
#5043=IFCAXIS2PLACEMENT3D(#5042,$,$);
#5044=IFCDIRECTION((0.,0.,1.));
#5045=IFCEXTRUDEDAREASOLID(#5041,#5043,#5044,0.91439999999999988);
#5046=IFCSHAPEREPRESENTATION(#11,'Body','SweptSolid',(#5045));
#5047=IFCPRODUCTDEFINITIONSHAPE($,$,(#5046));
#5053=IFCRELVOIDSELEMENT('214yFAYVv19A0mxsY6hlqH',$,$,$,#179,#5038);
#5054=IFCCARTESIANPOINT((0.,0.,1.2192000000000001));
#5055=IFCDIRECTION((0.,0.,1.));
#5056=IFCDIRECTION((1.,0.,0.));
#5057=IFCAXIS2PLACEMENT3D(#5054,#5055,#5056);
#5058=IFCLOCALPLACEMENT(#198,#5057);
#5059=IFCWINDOW('3sw1JlnRj1BO5ryaUvAKKG',$,'Window - Scullery S2',$,$,#5080,#5069,$,0.91439999999999988,0.60960000000000003,$,$,$);
#5060=IFCCARTESIANPOINT((0.,0.));
#5061=IFCAXIS2PLACEMENT2D(#5060,$);
#5062=IFCRECTANGLEPROFILEDEF(.AREA.,$,#5061,0.60960000000000003,0.050000000000000003);
#5063=IFCCARTESIANPOINT((0.,0.,0.));
#5064=IFCAXIS2PLACEMENT3D(#5063,$,$);
#5065=IFCDIRECTION((0.,0.,1.));
#5066=IFCEXTRUDEDAREASOLID(#5062,#5064,#5065,0.91439999999999988);
#5067=IFCSHAPEREPRESENTATION(#11,'Body','SweptSolid',(#5066));
#5068=IFCSTYLEDITEM(#5066,(#1218),$);
#5069=IFCPRODUCTDEFINITIONSHAPE($,$,(#5067));
#5075=IFCRELFILLSELEMENT('3Li5TyCl53Ufu$pc2z_Ffr',$,$,$,#5038,#5059);
#5076=IFCCARTESIANPOINT((0.,0.,0.));
#5077=IFCDIRECTION((0.,0.,1.));
#5078=IFCDIRECTION((1.,0.,0.));
#5079=IFCAXIS2PLACEMENT3D(#5076,#5077,#5078);
#5080=IFCLOCALPLACEMENT(#5058,#5079);
#5081=IFCOPENINGELEMENT('2cIGk_0BH26vEMUTv1lU8y',$,'Opening - Window - Scullery S3',$,$,#5101,#5090,$,$);
#5082=IFCCARTESIANPOINT((0.,0.));
#5083=IFCAXIS2PLACEMENT2D(#5082,$);
#5084=IFCRECTANGLEPROFILEDEF(.AREA.,$,#5083,0.60960000000000003,0.23968984000000002);
#5085=IFCCARTESIANPOINT((0.,0.,0.));
#5086=IFCAXIS2PLACEMENT3D(#5085,$,$);
#5087=IFCDIRECTION((0.,0.,1.));
#5088=IFCEXTRUDEDAREASOLID(#5084,#5086,#5087,0.91439999999999988);
#5089=IFCSHAPEREPRESENTATION(#11,'Body','SweptSolid',(#5088));
#5090=IFCPRODUCTDEFINITIONSHAPE($,$,(#5089));
#5096=IFCRELVOIDSELEMENT('2IumfvUTv3yh8Q1AVPZHXW',$,$,$,#179,#5081);
#5097=IFCCARTESIANPOINT((-2.1589898400000012,0.,1.2192000000000001));
#5098=IFCDIRECTION((0.,0.,1.));
#5099=IFCDIRECTION((1.,0.,0.));
#5100=IFCAXIS2PLACEMENT3D(#5097,#5098,#5099);
#5101=IFCLOCALPLACEMENT(#198,#5100);
#5102=IFCWINDOW('0kYkJ0Hs5F0umFxZAcGENK',$,'Window - Scullery S3',$,$,#5123,#5112,$,0.91439999999999988,0.60960000000000003,$,$,$);
#5103=IFCCARTESIANPOINT((0.,0.));
#5104=IFCAXIS2PLACEMENT2D(#5103,$);
#5105=IFCRECTANGLEPROFILEDEF(.AREA.,$,#5104,0.60960000000000003,0.050000000000000003);
#5106=IFCCARTESIANPOINT((0.,0.,0.));
#5107=IFCAXIS2PLACEMENT3D(#5106,$,$);
#5108=IFCDIRECTION((0.,0.,1.));
#5109=IFCEXTRUDEDAREASOLID(#5105,#5107,#5108,0.91439999999999988);
#5110=IFCSHAPEREPRESENTATION(#11,'Body','SweptSolid',(#5109));
#5111=IFCSTYLEDITEM(#5109,(#1218),$);
#5112=IFCPRODUCTDEFINITIONSHAPE($,$,(#5110));
#5118=IFCRELFILLSELEMENT('0AsPvVKovBgR_NGC1Jj4k9',$,$,$,#5081,#5102);
#5119=IFCCARTESIANPOINT((0.,0.,0.));
#5120=IFCDIRECTION((0.,0.,1.));
#5121=IFCDIRECTION((1.,0.,0.));
#5122=IFCAXIS2PLACEMENT3D(#5119,#5120,#5121);
#5123=IFCLOCALPLACEMENT(#5101,#5122);
#5124=IFCOPENINGELEMENT('1Y3kaaBcj0DBT0nNkycD4C',$,'Opening - Window - Scullery E',$,$,#5144,#5133,$,$);
#5125=IFCCARTESIANPOINT((0.,0.));
#5126=IFCAXIS2PLACEMENT2D(#5125,$);
#5127=IFCRECTANGLEPROFILEDEF(.AREA.,$,#5126,0.23968984000000002,0.76200000000000001);
#5128=IFCCARTESIANPOINT((0.,0.,0.));
#5129=IFCAXIS2PLACEMENT3D(#5128,$,$);
#5130=IFCDIRECTION((0.,0.,1.));
#5131=IFCEXTRUDEDAREASOLID(#5127,#5129,#5130,1.0668);
#5132=IFCSHAPEREPRESENTATION(#11,'Body','SweptSolid',(#5131));
#5133=IFCPRODUCTDEFINITIONSHAPE($,$,(#5132));
#5139=IFCRELVOIDSELEMENT('3_ty1qzzP19QV9unrElKXQ',$,$,$,#319,#5124);
#5140=IFCCARTESIANPOINT((1.0159999998649027E-05,0.068839079999999164,1.0668));
#5141=IFCDIRECTION((0.,0.,1.));
#5142=IFCDIRECTION((1.,0.,0.));
#5143=IFCAXIS2PLACEMENT3D(#5140,#5141,#5142);
#5144=IFCLOCALPLACEMENT(#338,#5143);
#5145=IFCWINDOW('1IHWkwx_LCJvFWYcS9$o_t',$,'Window - Scullery E',$,$,#5166,#5155,$,1.0668,0.76200000000000001,$,$,$);
#5146=IFCCARTESIANPOINT((0.,0.));
#5147=IFCAXIS2PLACEMENT2D(#5146,$);
#5148=IFCRECTANGLEPROFILEDEF(.AREA.,$,#5147,0.050000000000000003,0.76200000000000001);
#5149=IFCCARTESIANPOINT((0.,0.,0.));
#5150=IFCAXIS2PLACEMENT3D(#5149,$,$);
#5151=IFCDIRECTION((0.,0.,1.));
#5152=IFCEXTRUDEDAREASOLID(#5148,#5150,#5151,1.0668);
#5153=IFCSHAPEREPRESENTATION(#11,'Body','SweptSolid',(#5152));
#5154=IFCSTYLEDITEM(#5152,(#1218),$);
#5155=IFCPRODUCTDEFINITIONSHAPE($,$,(#5153));
#5161=IFCRELFILLSELEMENT('3rCQABks9C5e8RtWoIOASe',$,$,$,#5124,#5145);
#5162=IFCCARTESIANPOINT((0.,0.,0.));
#5163=IFCDIRECTION((0.,0.,1.));
#5164=IFCDIRECTION((1.,0.,0.));
#5165=IFCAXIS2PLACEMENT3D(#5162,#5163,#5164);
#5166=IFCLOCALPLACEMENT(#5144,#5165);
#5167=IFCOPENINGELEMENT('1CfrbZeEP4MhE5lPnPiagA',$,'Opening - Window - Scullery E2',$,$,#5187,#5176,$,$);
#5168=IFCCARTESIANPOINT((0.,0.));
#5169=IFCAXIS2PLACEMENT2D(#5168,$);
#5170=IFCRECTANGLEPROFILEDEF(.AREA.,$,#5169,0.23968984000000002,0.76200000000000001);
#5171=IFCCARTESIANPOINT((0.,0.,0.));
#5172=IFCAXIS2PLACEMENT3D(#5171,$,$);
#5173=IFCDIRECTION((0.,0.,1.));
#5174=IFCEXTRUDEDAREASOLID(#5170,#5172,#5173,1.0668);
#5175=IFCSHAPEREPRESENTATION(#11,'Body','SweptSolid',(#5174));
#5176=IFCPRODUCTDEFINITIONSHAPE($,$,(#5175));
#5182=IFCRELVOIDSELEMENT('0Wr2drVgP40QwX9DvqUXCT',$,$,$,#339,#5167);
#5183=IFCCARTESIANPOINT((-1.0159999999998642E-05,0.30353507999999962,1.0668));
#5184=IFCDIRECTION((0.,0.,1.));
#5185=IFCDIRECTION((1.,0.,0.));
#5186=IFCAXIS2PLACEMENT3D(#5183,#5184,#5185);
#5187=IFCLOCALPLACEMENT(#358,#5186);
#5188=IFCWINDOW('0_vuqlflT5wRxhuslF$Usc',$,'Window - Scullery E2',$,$,#5209,#5198,$,1.0668,0.76200000000000001,$,$,$);
#5189=IFCCARTESIANPOINT((0.,0.));
#5190=IFCAXIS2PLACEMENT2D(#5189,$);
#5191=IFCRECTANGLEPROFILEDEF(.AREA.,$,#5190,0.050000000000000003,0.76200000000000001);
#5192=IFCCARTESIANPOINT((0.,0.,0.));
#5193=IFCAXIS2PLACEMENT3D(#5192,$,$);
#5194=IFCDIRECTION((0.,0.,1.));
#5195=IFCEXTRUDEDAREASOLID(#5191,#5193,#5194,1.0668);
#5196=IFCSHAPEREPRESENTATION(#11,'Body','SweptSolid',(#5195));
#5197=IFCSTYLEDITEM(#5195,(#1218),$);
#5198=IFCPRODUCTDEFINITIONSHAPE($,$,(#5196));
#5204=IFCRELFILLSELEMENT('0Ymv0egiD3RhAlt1EtRFCA',$,$,$,#5167,#5188);
#5205=IFCCARTESIANPOINT((0.,0.,0.));
#5206=IFCDIRECTION((0.,0.,1.));
#5207=IFCDIRECTION((1.,0.,0.));
#5208=IFCAXIS2PLACEMENT3D(#5205,#5206,#5207);
#5209=IFCLOCALPLACEMENT(#5187,#5208);
#5210=IFCCARTESIANPOINT((0.,0.));
#5211=IFCAXIS2PLACEMENT2D(#5210,$);
#5212=IFCRECTANGLEPROFILEDEF(.AREA.,$,#5211,8.5851796800000013,2.1208898399999994);
#5213=IFCCARTESIANPOINT((-4.2671999999999999,-4.6926550799999998,0.));
#5214=IFCAXIS2PLACEMENT3D(#5213,$,$);
#5215=IFCDIRECTION((0.,0.,1.));
#5216=IFCEXTRUDEDAREASOLID(#5212,#5214,#5215,0.0076200000000000009);
#5217=IFCSTYLEDITEM(#5216,(#554),$);
#5218=IFCCARTESIANPOINT((0.,0.));
#5219=IFCAXIS2PLACEMENT2D(#5218,$);
#5220=IFCRECTANGLEPROFILEDEF(.AREA.,$,#5219,1.0212426770667404,0.11064239999999881);
#5221=IFCCARTESIANPOINT((-8.0491685014666299,-5.6977788,0.0076200000000000009));
#5222=IFCAXIS2PLACEMENT3D(#5221,$,$);
#5223=IFCDIRECTION((0.,0.,1.));
#5224=IFCEXTRUDEDAREASOLID(#5220,#5222,#5223,0.015240000000000002);
#5225=IFCSTYLEDITEM(#5224,(#587),$);
#5226=IFCCARTESIANPOINT((0.,0.));
#5227=IFCAXIS2PLACEMENT2D(#5226,$);
#5228=IFCRECTANGLEPROFILEDEF(.AREA.,$,#5227,3.038856,0.11064239999999881);
#5229=IFCCARTESIANPOINT((-6.0099751629332605,-5.6977788,0.0076200000000000009));
#5230=IFCAXIS2PLACEMENT3D(#5229,$,$);
#5231=IFCDIRECTION((0.,0.,1.));
#5232=IFCEXTRUDEDAREASOLID(#5228,#5230,#5231,0.015240000000000002);
#5233=IFCSTYLEDITEM(#5232,(#625),$);
#5234=IFCCARTESIANPOINT((0.,0.));
#5235=IFCAXIS2PLACEMENT2D(#5234,$);
#5236=IFCRECTANGLEPROFILEDEF(.AREA.,$,#5235,3.038856,0.11064239999999881);
#5237=IFCCARTESIANPOINT((-2.96197516293326,-5.6977788,0.0076200000000000009));
#5238=IFCAXIS2PLACEMENT3D(#5237,$,$);
#5239=IFCDIRECTION((0.,0.,1.));
#5240=IFCEXTRUDEDAREASOLID(#5236,#5238,#5239,0.015240000000000002);
#5241=IFCSTYLEDITEM(#5240,(#606),$);
#5242=IFCCARTESIANPOINT((0.,0.));
#5243=IFCAXIS2PLACEMENT2D(#5242,$);
#5244=IFCRECTANGLEPROFILEDEF(.AREA.,$,#5243,1.4587930029332603,0.11064239999999881);
#5245=IFCCARTESIANPOINT((-0.70400666146663027,-5.6977788,0.0076200000000000009));
#5246=IFCAXIS2PLACEMENT3D(#5245,$,$);
#5247=IFCDIRECTION((0.,0.,1.));
#5248=IFCEXTRUDEDAREASOLID(#5244,#5246,#5247,0.015240000000000002);
#5249=IFCSTYLEDITEM(#5248,(#676),$);
#5250=IFCCARTESIANPOINT((0.,0.));
#5251=IFCAXIS2PLACEMENT2D(#5250,$);
#5252=IFCRECTANGLEPROFILEDEF(.AREA.,$,#5251,2.6967528370858682,0.14874239999999972);
#5253=IFCCARTESIANPOINT((-7.2114134214570669,-5.5644288000000008,0.0076200000000000009));
#5254=IFCAXIS2PLACEMENT3D(#5253,$,$);
#5255=IFCDIRECTION((0.,0.,1.));
#5256=IFCEXTRUDEDAREASOLID(#5252,#5254,#5255,0.015240000000000002);
#5257=IFCSTYLEDITEM(#5256,(#565),$);
#5258=IFCCARTESIANPOINT((0.,0.));
#5259=IFCAXIS2PLACEMENT2D(#5258,$);
#5260=IFCRECTANGLEPROFILEDEF(.AREA.,$,#5259,3.038856,0.14874239999999972);
#5261=IFCCARTESIANPOINT((-4.3344650029141327,-5.5644288000000008,0.0076200000000000009));
#5262=IFCAXIS2PLACEMENT3D(#5261,$,$);
#5263=IFCDIRECTION((0.,0.,1.));
#5264=IFCEXTRUDEDAREASOLID(#5260,#5262,#5263,0.015240000000000002);
#5265=IFCSTYLEDITEM(#5264,(#676),$);
#5266=IFCCARTESIANPOINT((0.,0.));
#5267=IFCAXIS2PLACEMENT2D(#5266,$);
#5268=IFCRECTANGLEPROFILEDEF(.AREA.,$,#5267,2.8312828429141321,0.14874239999999972);
#5269=IFCCARTESIANPOINT((-1.3902515814570662,-5.5644288000000008,0.0076200000000000009));
#5270=IFCAXIS2PLACEMENT3D(#5269,$,$);
#5271=IFCDIRECTION((0.,0.,1.));
#5272=IFCEXTRUDEDAREASOLID(#5268,#5270,#5271,0.015240000000000002);
#5273=IFCSTYLEDITEM(#5272,(#676),$);
#5274=IFCCARTESIANPOINT((0.,0.));
#5275=IFCAXIS2PLACEMENT2D(#5274,$);
#5276=IFCRECTANGLEPROFILEDEF(.AREA.,$,#5275,2.510971047822637,0.14874239999999972);
#5277=IFCCARTESIANPOINT((-7.3043043160886825,-5.4120288000000008,0.0076200000000000009));
#5278=IFCAXIS2PLACEMENT3D(#5277,$,$);
#5279=IFCDIRECTION((0.,0.,1.));
#5280=IFCEXTRUDEDAREASOLID(#5276,#5278,#5279,0.015240000000000002);
#5281=IFCSTYLEDITEM(#5280,(#576),$);
#5282=IFCCARTESIANPOINT((0.,0.));
#5283=IFCAXIS2PLACEMENT2D(#5282,$);
#5284=IFCRECTANGLEPROFILEDEF(.AREA.,$,#5283,3.038856,0.14874239999999972);
#5285=IFCCARTESIANPOINT((-4.5202467921773639,-5.4120288000000008,0.0076200000000000009));
#5286=IFCAXIS2PLACEMENT3D(#5285,$,$);
#5287=IFCDIRECTION((0.,0.,1.));
#5288=IFCEXTRUDEDAREASOLID(#5284,#5286,#5287,0.015240000000000002);
#5289=IFCSTYLEDITEM(#5288,(#587),$);
#5290=IFCCARTESIANPOINT((0.,0.));
#5291=IFCAXIS2PLACEMENT2D(#5290,$);
#5292=IFCRECTANGLEPROFILEDEF(.AREA.,$,#5291,3.0170646321773638,0.14874239999999972);
#5293=IFCCARTESIANPOINT((-1.483142476088682,-5.4120288000000008,0.0076200000000000009));
#5294=IFCAXIS2PLACEMENT3D(#5293,$,$);
#5295=IFCDIRECTION((0.,0.,1.));
#5296=IFCEXTRUDEDAREASOLID(#5292,#5294,#5295,0.015240000000000002);
#5297=IFCSTYLEDITEM(#5296,(#625),$);
#5298=IFCCARTESIANPOINT((0.,0.));
#5299=IFCAXIS2PLACEMENT2D(#5298,$);
#5300=IFCRECTANGLEPROFILEDEF(.AREA.,$,#5299,0.69923949627664417,0.14874239999999972);
#5301=IFCCARTESIANPOINT((-8.2101700918616789,-5.2596288000000007,0.0076200000000000009));
#5302=IFCAXIS2PLACEMENT3D(#5301,$,$);
#5303=IFCDIRECTION((0.,0.,1.));
#5304=IFCEXTRUDEDAREASOLID(#5300,#5302,#5303,0.015240000000000002);
#5305=IFCSTYLEDITEM(#5304,(#606),$);
#5306=IFCCARTESIANPOINT((0.,0.));
#5307=IFCAXIS2PLACEMENT2D(#5306,$);
#5308=IFCRECTANGLEPROFILEDEF(.AREA.,$,#5307,3.038856,0.14874239999999972);
#5309=IFCCARTESIANPOINT((-6.3319783437233568,-5.2596288000000007,0.0076200000000000009));
#5310=IFCAXIS2PLACEMENT3D(#5309,$,$);
#5311=IFCDIRECTION((0.,0.,1.));
#5312=IFCEXTRUDEDAREASOLID(#5308,#5310,#5311,0.015240000000000002);
#5313=IFCSTYLEDITEM(#5312,(#625),$);
#5314=IFCCARTESIANPOINT((0.,0.));
#5315=IFCAXIS2PLACEMENT2D(#5314,$);
#5316=IFCRECTANGLEPROFILEDEF(.AREA.,$,#5315,3.038856,0.14874239999999972);
#5317=IFCCARTESIANPOINT((-3.2839783437233563,-5.2596288000000007,0.0076200000000000009));
#5318=IFCAXIS2PLACEMENT3D(#5317,$,$);
#5319=IFCDIRECTION((0.,0.,1.));
#5320=IFCEXTRUDEDAREASOLID(#5316,#5318,#5319,0.015240000000000002);
#5321=IFCSTYLEDITEM(#5320,(#606),$);
#5322=IFCCARTESIANPOINT((0.,0.));
#5323=IFCAXIS2PLACEMENT2D(#5322,$);
#5324=IFCRECTANGLEPROFILEDEF(.AREA.,$,#5323,1.7807961837233561,0.14874239999999972);
#5325=IFCCARTESIANPOINT((-0.86500825186167818,-5.2596288000000007,0.0076200000000000009));
#5326=IFCAXIS2PLACEMENT3D(#5325,$,$);
#5327=IFCDIRECTION((0.,0.,1.));
#5328=IFCEXTRUDEDAREASOLID(#5324,#5326,#5327,0.015240000000000002);
#5329=IFCSTYLEDITEM(#5328,(#625),$);
#5330=IFCCARTESIANPOINT((0.,0.));
#5331=IFCAXIS2PLACEMENT2D(#5330,$);
#5332=IFCRECTANGLEPROFILEDEF(.AREA.,$,#5331,1.843223567889992,0.14874239999999972);
#5333=IFCCARTESIANPOINT((-7.6381780560550041,-5.1072288000000006,0.0076200000000000009));
#5334=IFCAXIS2PLACEMENT3D(#5333,$,$);
#5335=IFCDIRECTION((0.,0.,1.));
#5336=IFCEXTRUDEDAREASOLID(#5332,#5334,#5335,0.015240000000000002);
#5337=IFCSTYLEDITEM(#5336,(#676),$);
#5338=IFCCARTESIANPOINT((0.,0.));
#5339=IFCAXIS2PLACEMENT2D(#5338,$);
#5340=IFCRECTANGLEPROFILEDEF(.AREA.,$,#5339,3.038856,0.14874239999999972);
#5341=IFCCARTESIANPOINT((-5.187994272110009,-5.1072288000000006,0.0076200000000000009));
#5342=IFCAXIS2PLACEMENT3D(#5341,$,$);
#5343=IFCDIRECTION((0.,0.,1.));
#5344=IFCEXTRUDEDAREASOLID(#5340,#5342,#5343,0.015240000000000002);
#5345=IFCSTYLEDITEM(#5344,(#676),$);
#5346=IFCCARTESIANPOINT((0.,0.));
#5347=IFCAXIS2PLACEMENT2D(#5346,$);
#5348=IFCRECTANGLEPROFILEDEF(.AREA.,$,#5347,3.038856,0.14874239999999972);
#5349=IFCCARTESIANPOINT((-2.1399942721100085,-5.1072288000000006,0.0076200000000000009));
#5350=IFCAXIS2PLACEMENT3D(#5349,$,$);
#5351=IFCDIRECTION((0.,0.,1.));
#5352=IFCEXTRUDEDAREASOLID(#5348,#5350,#5351,0.015240000000000002);
#5353=IFCSTYLEDITEM(#5352,(#565),$);
#5354=IFCCARTESIANPOINT((0.,0.));
#5355=IFCAXIS2PLACEMENT2D(#5354,$);
#5356=IFCRECTANGLEPROFILEDEF(.AREA.,$,#5355,0.63681211211000843,0.14874239999999972);
#5357=IFCCARTESIANPOINT((-0.29301621605500422,-5.1072288000000006,0.0076200000000000009));
#5358=IFCAXIS2PLACEMENT3D(#5357,$,$);
#5359=IFCDIRECTION((0.,0.,1.));
#5360=IFCEXTRUDEDAREASOLID(#5356,#5358,#5359,0.015240000000000002);
#5361=IFCSTYLEDITEM(#5360,(#565),$);
#5362=IFCCARTESIANPOINT((0.,0.));
#5363=IFCAXIS2PLACEMENT2D(#5362,$);
#5364=IFCRECTANGLEPROFILEDEF(.AREA.,$,#5363,1.1804491923384957,0.14874239999999972);
#5365=IFCCARTESIANPOINT((-7.9695652438307523,-4.9548288000000005,0.0076200000000000009));
#5366=IFCAXIS2PLACEMENT3D(#5365,$,$);
#5367=IFCDIRECTION((0.,0.,1.));
#5368=IFCEXTRUDEDAREASOLID(#5364,#5366,#5367,0.015240000000000002);
#5369=IFCSTYLEDITEM(#5368,(#587),$);
#5370=IFCCARTESIANPOINT((0.,0.));
#5371=IFCAXIS2PLACEMENT2D(#5370,$);
#5372=IFCRECTANGLEPROFILEDEF(.AREA.,$,#5371,3.038856,0.14874239999999972);
#5373=IFCCARTESIANPOINT((-5.8507686476615053,-4.9548288000000005,0.0076200000000000009));
#5374=IFCAXIS2PLACEMENT3D(#5373,$,$);
#5375=IFCDIRECTION((0.,0.,1.));
#5376=IFCEXTRUDEDAREASOLID(#5372,#5374,#5375,0.015240000000000002);
#5377=IFCSTYLEDITEM(#5376,(#606),$);
#5378=IFCCARTESIANPOINT((0.,0.));
#5379=IFCAXIS2PLACEMENT2D(#5378,$);
#5380=IFCRECTANGLEPROFILEDEF(.AREA.,$,#5379,3.038856,0.14874239999999972);
#5381=IFCCARTESIANPOINT((-2.8027686476615048,-4.9548288000000005,0.0076200000000000009));
#5382=IFCAXIS2PLACEMENT3D(#5381,$,$);
#5383=IFCDIRECTION((0.,0.,1.));
#5384=IFCEXTRUDEDAREASOLID(#5380,#5382,#5383,0.015240000000000002);
#5385=IFCSTYLEDITEM(#5384,(#576),$);
#5386=IFCCARTESIANPOINT((0.,0.));
#5387=IFCAXIS2PLACEMENT2D(#5386,$);
#5388=IFCRECTANGLEPROFILEDEF(.AREA.,$,#5387,1.2995864876615051,0.14874239999999972);
#5389=IFCCARTESIANPOINT((-0.62440340383075266,-4.9548288000000005,0.0076200000000000009));
#5390=IFCAXIS2PLACEMENT3D(#5389,$,$);
#5391=IFCDIRECTION((0.,0.,1.));
#5392=IFCEXTRUDEDAREASOLID(#5388,#5390,#5391,0.015240000000000002);
#5393=IFCSTYLEDITEM(#5392,(#587),$);
#5394=IFCCARTESIANPOINT((0.,0.));
#5395=IFCAXIS2PLACEMENT2D(#5394,$);
#5396=IFCRECTANGLEPROFILEDEF(.AREA.,$,#5395,1.5838274208444512,0.14874239999999972);
#5397=IFCCARTESIANPOINT((-7.7678761295777754,-4.8024288000000004,0.0076200000000000009));
#5398=IFCAXIS2PLACEMENT3D(#5397,$,$);
#5399=IFCDIRECTION((0.,0.,1.));
#5400=IFCEXTRUDEDAREASOLID(#5396,#5398,#5399,0.015240000000000002);
#5401=IFCSTYLEDITEM(#5400,(#676),$);
#5402=IFCCARTESIANPOINT((0.,0.));
#5403=IFCAXIS2PLACEMENT2D(#5402,$);
#5404=IFCRECTANGLEPROFILEDEF(.AREA.,$,#5403,3.038856,0.14874239999999972);
#5405=IFCCARTESIANPOINT((-5.447390419155548,-4.8024288000000004,0.0076200000000000009));
#5406=IFCAXIS2PLACEMENT3D(#5405,$,$);
#5407=IFCDIRECTION((0.,0.,1.));
#5408=IFCEXTRUDEDAREASOLID(#5404,#5406,#5407,0.015240000000000002);
#5409=IFCSTYLEDITEM(#5408,(#727),$);
#5410=IFCCARTESIANPOINT((0.,0.));
#5411=IFCAXIS2PLACEMENT2D(#5410,$);
#5412=IFCRECTANGLEPROFILEDEF(.AREA.,$,#5411,3.038856,0.14874239999999972);
#5413=IFCCARTESIANPOINT((-2.3993904191555484,-4.8024288000000004,0.0076200000000000009));
#5414=IFCAXIS2PLACEMENT3D(#5413,$,$);
#5415=IFCDIRECTION((0.,0.,1.));
#5416=IFCEXTRUDEDAREASOLID(#5412,#5414,#5415,0.015240000000000002);
#5417=IFCSTYLEDITEM(#5416,(#606),$);
#5418=IFCCARTESIANPOINT((0.,0.));
#5419=IFCAXIS2PLACEMENT2D(#5418,$);
#5420=IFCRECTANGLEPROFILEDEF(.AREA.,$,#5419,0.89620825915554836,0.14874239999999972);
#5421=IFCCARTESIANPOINT((-0.42271428957777418,-4.8024288000000004,0.0076200000000000009));
#5422=IFCAXIS2PLACEMENT3D(#5421,$,$);
#5423=IFCDIRECTION((0.,0.,1.));
#5424=IFCEXTRUDEDAREASOLID(#5420,#5422,#5423,0.015240000000000002);
#5425=IFCSTYLEDITEM(#5424,(#625),$);
#5426=IFCCARTESIANPOINT((0.,0.));
#5427=IFCAXIS2PLACEMENT2D(#5426,$);
#5428=IFCRECTANGLEPROFILEDEF(.AREA.,$,#5427,0.24969770344095465,0.14874239999999972);
#5429=IFCCARTESIANPOINT((-8.4349409882795232,-4.6500288000000003,0.0076200000000000009));
#5430=IFCAXIS2PLACEMENT3D(#5429,$,$);
#5431=IFCDIRECTION((0.,0.,1.));
#5432=IFCEXTRUDEDAREASOLID(#5428,#5430,#5431,0.015240000000000002);
#5433=IFCSTYLEDITEM(#5432,(#727),$);
#5434=IFCCARTESIANPOINT((0.,0.));
#5435=IFCAXIS2PLACEMENT2D(#5434,$);
#5436=IFCRECTANGLEPROFILEDEF(.AREA.,$,#5435,3.038856,0.14874239999999972);
#5437=IFCCARTESIANPOINT((-6.7815201365590472,-4.6500288000000003,0.0076200000000000009));
#5438=IFCAXIS2PLACEMENT3D(#5437,$,$);
#5439=IFCDIRECTION((0.,0.,1.));
#5440=IFCEXTRUDEDAREASOLID(#5436,#5438,#5439,0.015240000000000002);
#5441=IFCSTYLEDITEM(#5440,(#606),$);
#5442=IFCCARTESIANPOINT((0.,0.));
#5443=IFCAXIS2PLACEMENT2D(#5442,$);
#5444=IFCRECTANGLEPROFILEDEF(.AREA.,$,#5443,3.038856,0.14874239999999972);
#5445=IFCCARTESIANPOINT((-3.7335201365590476,-4.6500288000000003,0.0076200000000000009));
#5446=IFCAXIS2PLACEMENT3D(#5445,$,$);
#5447=IFCDIRECTION((0.,0.,1.));
#5448=IFCEXTRUDEDAREASOLID(#5444,#5446,#5447,0.015240000000000002);
#5449=IFCSTYLEDITEM(#5448,(#676),$);
#5450=IFCCARTESIANPOINT((0.,0.));
#5451=IFCAXIS2PLACEMENT2D(#5450,$);
#5452=IFCRECTANGLEPROFILEDEF(.AREA.,$,#5451,2.2303379765590474,0.14874239999999972);
#5453=IFCCARTESIANPOINT((-1.0897791482795238,-4.6500288000000003,0.0076200000000000009));
#5454=IFCAXIS2PLACEMENT3D(#5453,$,$);
#5455=IFCDIRECTION((0.,0.,1.));
#5456=IFCEXTRUDEDAREASOLID(#5452,#5454,#5455,0.015240000000000002);
#5457=IFCSTYLEDITEM(#5456,(#727),$);
#5458=IFCCARTESIANPOINT((0.,0.));
#5459=IFCAXIS2PLACEMENT2D(#5458,$);
#5460=IFCRECTANGLEPROFILEDEF(.AREA.,$,#5459,2.5001159450022703,0.14874239999999972);
#5461=IFCCARTESIANPOINT((-7.3097318674988649,-4.4976288000000002,0.0076200000000000009));
#5462=IFCAXIS2PLACEMENT3D(#5461,$,$);
#5463=IFCDIRECTION((0.,0.,1.));
#5464=IFCEXTRUDEDAREASOLID(#5460,#5462,#5463,0.015240000000000002);
#5465=IFCSTYLEDITEM(#5464,(#587),$);
#5466=IFCCARTESIANPOINT((0.,0.));
#5467=IFCAXIS2PLACEMENT2D(#5466,$);
#5468=IFCRECTANGLEPROFILEDEF(.AREA.,$,#5467,3.038856,0.14874239999999972);
#5469=IFCCARTESIANPOINT((-4.5311018949977289,-4.4976288000000002,0.0076200000000000009));
#5470=IFCAXIS2PLACEMENT3D(#5469,$,$);
#5471=IFCDIRECTION((0.,0.,1.));
#5472=IFCEXTRUDEDAREASOLID(#5468,#5470,#5471,0.015240000000000002);
#5473=IFCSTYLEDITEM(#5472,(#565),$);
#5474=IFCCARTESIANPOINT((0.,0.));
#5475=IFCAXIS2PLACEMENT2D(#5474,$);
#5476=IFCRECTANGLEPROFILEDEF(.AREA.,$,#5475,3.0279197349977296,0.14874239999999972);
#5477=IFCCARTESIANPOINT((-1.4885700274988649,-4.4976288000000002,0.0076200000000000009));
#5478=IFCAXIS2PLACEMENT3D(#5477,$,$);
#5479=IFCDIRECTION((0.,0.,1.));
#5480=IFCEXTRUDEDAREASOLID(#5476,#5478,#5479,0.015240000000000002);
#5481=IFCSTYLEDITEM(#5480,(#625),$);
#5482=IFCCARTESIANPOINT((0.,0.));
#5483=IFCAXIS2PLACEMENT2D(#5482,$);
#5484=IFCRECTANGLEPROFILEDEF(.AREA.,$,#5483,1.1738960596341821,0.14874239999999972);
#5485=IFCCARTESIANPOINT((-7.9728418101829099,-4.3452288000000001,0.0076200000000000009));
#5486=IFCAXIS2PLACEMENT3D(#5485,$,$);
#5487=IFCDIRECTION((0.,0.,1.));
#5488=IFCEXTRUDEDAREASOLID(#5484,#5486,#5487,0.015240000000000002);
#5489=IFCSTYLEDITEM(#5488,(#565),$);
#5490=IFCCARTESIANPOINT((0.,0.));
#5491=IFCAXIS2PLACEMENT2D(#5490,$);
#5492=IFCRECTANGLEPROFILEDEF(.AREA.,$,#5491,3.038856,0.14874239999999972);
#5493=IFCCARTESIANPOINT((-5.8573217803658189,-4.3452288000000001,0.0076200000000000009));
#5494=IFCAXIS2PLACEMENT3D(#5493,$,$);
#5495=IFCDIRECTION((0.,0.,1.));
#5496=IFCEXTRUDEDAREASOLID(#5492,#5494,#5495,0.015240000000000002);
#5497=IFCSTYLEDITEM(#5496,(#727),$);
#5498=IFCCARTESIANPOINT((0.,0.));
#5499=IFCAXIS2PLACEMENT2D(#5498,$);
#5500=IFCRECTANGLEPROFILEDEF(.AREA.,$,#5499,3.038856,0.14874239999999972);
#5501=IFCCARTESIANPOINT((-2.8093217803658193,-4.3452288000000001,0.0076200000000000009));
#5502=IFCAXIS2PLACEMENT3D(#5501,$,$);
#5503=IFCDIRECTION((0.,0.,1.));
#5504=IFCEXTRUDEDAREASOLID(#5500,#5502,#5503,0.015240000000000002);
#5505=IFCSTYLEDITEM(#5504,(#727),$);
#5506=IFCCARTESIANPOINT((0.,0.));
#5507=IFCAXIS2PLACEMENT2D(#5506,$);
#5508=IFCRECTANGLEPROFILEDEF(.AREA.,$,#5507,1.3061396203658189,0.14874239999999972);
#5509=IFCCARTESIANPOINT((-0.62767997018290955,-4.3452288000000001,0.0076200000000000009));
#5510=IFCAXIS2PLACEMENT3D(#5509,$,$);
#5511=IFCDIRECTION((0.,0.,1.));
#5512=IFCEXTRUDEDAREASOLID(#5508,#5510,#5511,0.015240000000000002);
#5513=IFCSTYLEDITEM(#5512,(#576),$);
#5514=IFCCARTESIANPOINT((0.,0.));
#5515=IFCAXIS2PLACEMENT2D(#5514,$);
#5516=IFCRECTANGLEPROFILEDEF(.AREA.,$,#5515,1.9611573063887073,0.14874239999999972);
#5517=IFCCARTESIANPOINT((-7.5792111868056473,-4.1928288,0.0076200000000000009));
#5518=IFCAXIS2PLACEMENT3D(#5517,$,$);
#5519=IFCDIRECTION((0.,0.,1.));
#5520=IFCEXTRUDEDAREASOLID(#5516,#5518,#5519,0.015240000000000002);
#5521=IFCSTYLEDITEM(#5520,(#727),$);
#5522=IFCCARTESIANPOINT((0.,0.));
#5523=IFCAXIS2PLACEMENT2D(#5522,$);
#5524=IFCRECTANGLEPROFILEDEF(.AREA.,$,#5523,3.038856,0.14874239999999972);
#5525=IFCCARTESIANPOINT((-5.0700605336112936,-4.1928288,0.0076200000000000009));
#5526=IFCAXIS2PLACEMENT3D(#5525,$,$);
#5527=IFCDIRECTION((0.,0.,1.));
#5528=IFCEXTRUDEDAREASOLID(#5524,#5526,#5527,0.015240000000000002);
#5529=IFCSTYLEDITEM(#5528,(#676),$);
#5530=IFCCARTESIANPOINT((0.,0.));
#5531=IFCAXIS2PLACEMENT2D(#5530,$);
#5532=IFCRECTANGLEPROFILEDEF(.AREA.,$,#5531,3.038856,0.14874239999999972);
#5533=IFCCARTESIANPOINT((-2.0220605336112931,-4.1928288,0.0076200000000000009));
#5534=IFCAXIS2PLACEMENT3D(#5533,$,$);
#5535=IFCDIRECTION((0.,0.,1.));
#5536=IFCEXTRUDEDAREASOLID(#5532,#5534,#5535,0.015240000000000002);
#5537=IFCSTYLEDITEM(#5536,(#727),$);
#5538=IFCCARTESIANPOINT((0.,0.));
#5539=IFCAXIS2PLACEMENT2D(#5538,$);
#5540=IFCRECTANGLEPROFILEDEF(.AREA.,$,#5539,0.51887837361129308,0.14874239999999972);
#5541=IFCCARTESIANPOINT((-0.23404934680564654,-4.1928288,0.0076200000000000009));
#5542=IFCAXIS2PLACEMENT3D(#5541,$,$);
#5543=IFCDIRECTION((0.,0.,1.));
#5544=IFCEXTRUDEDAREASOLID(#5540,#5542,#5543,0.015240000000000002);
#5545=IFCSTYLEDITEM(#5544,(#625),$);
#5546=IFCCARTESIANPOINT((0.,0.));
#5547=IFCAXIS2PLACEMENT2D(#5546,$);
#5548=IFCRECTANGLEPROFILEDEF(.AREA.,$,#5547,2.4536779274337919,0.14874239999999972);
#5549=IFCCARTESIANPOINT((-7.332950876283105,-4.0404287999999999,0.0076200000000000009));
#5550=IFCAXIS2PLACEMENT3D(#5549,$,$);
#5551=IFCDIRECTION((0.,0.,1.));
#5552=IFCEXTRUDEDAREASOLID(#5548,#5550,#5551,0.015240000000000002);
#5553=IFCSTYLEDITEM(#5552,(#606),$);
#5554=IFCCARTESIANPOINT((0.,0.));
#5555=IFCAXIS2PLACEMENT2D(#5554,$);
#5556=IFCRECTANGLEPROFILEDEF(.AREA.,$,#5555,3.038856,0.14874239999999972);
#5557=IFCCARTESIANPOINT((-4.5775399125662073,-4.0404287999999999,0.0076200000000000009));
#5558=IFCAXIS2PLACEMENT3D(#5557,$,$);
#5559=IFCDIRECTION((0.,0.,1.));
#5560=IFCEXTRUDEDAREASOLID(#5556,#5558,#5559,0.015240000000000002);
#5561=IFCSTYLEDITEM(#5560,(#625),$);
#5562=IFCCARTESIANPOINT((0.,0.));
#5563=IFCAXIS2PLACEMENT2D(#5562,$);
#5564=IFCRECTANGLEPROFILEDEF(.AREA.,$,#5563,3.038856,0.14874239999999972);
#5565=IFCCARTESIANPOINT((-1.5295399125662077,-4.0404287999999999,0.0076200000000000009));
#5566=IFCAXIS2PLACEMENT3D(#5565,$,$);
#5567=IFCDIRECTION((0.,0.,1.));
#5568=IFCEXTRUDEDAREASOLID(#5564,#5566,#5567,0.015240000000000002);
#5569=IFCSTYLEDITEM(#5568,(#727),$);
#5570=IFCCARTESIANPOINT((0.,0.));
#5571=IFCAXIS2PLACEMENT2D(#5570,$);
#5572=IFCRECTANGLEPROFILEDEF(.AREA.,$,#5571,0.94489841850269674,0.14874240000000016);
#5573=IFCCARTESIANPOINT((-8.0873406307486526,-3.8880288000000003,0.0076200000000000009));
#5574=IFCAXIS2PLACEMENT3D(#5573,$,$);
#5575=IFCDIRECTION((0.,0.,1.));
#5576=IFCEXTRUDEDAREASOLID(#5572,#5574,#5575,0.015240000000000002);
#5577=IFCSTYLEDITEM(#5576,(#625),$);
#5578=IFCCARTESIANPOINT((0.,0.));
#5579=IFCAXIS2PLACEMENT2D(#5578,$);
#5580=IFCRECTANGLEPROFILEDEF(.AREA.,$,#5579,3.038856,0.14874240000000016);
#5581=IFCCARTESIANPOINT((-6.0863194214973042,-3.8880288000000003,0.0076200000000000009));
#5582=IFCAXIS2PLACEMENT3D(#5581,$,$);
#5583=IFCDIRECTION((0.,0.,1.));
#5584=IFCEXTRUDEDAREASOLID(#5580,#5582,#5583,0.015240000000000002);
#5585=IFCSTYLEDITEM(#5584,(#727),$);
#5586=IFCCARTESIANPOINT((0.,0.));
#5587=IFCAXIS2PLACEMENT2D(#5586,$);
#5588=IFCRECTANGLEPROFILEDEF(.AREA.,$,#5587,3.038856,0.14874240000000016);
#5589=IFCCARTESIANPOINT((-3.0383194214973046,-3.8880288000000003,0.0076200000000000009));
#5590=IFCAXIS2PLACEMENT3D(#5589,$,$);
#5591=IFCDIRECTION((0.,0.,1.));
#5592=IFCEXTRUDEDAREASOLID(#5588,#5590,#5591,0.015240000000000002);
#5593=IFCSTYLEDITEM(#5592,(#727),$);
#5594=IFCCARTESIANPOINT((0.,0.));
#5595=IFCAXIS2PLACEMENT2D(#5594,$);
#5596=IFCRECTANGLEPROFILEDEF(.AREA.,$,#5595,1.5351372614973045,0.14874240000000016);
#5597=IFCCARTESIANPOINT((-0.74217879074865234,-3.8880288000000003,0.0076200000000000009));
#5598=IFCAXIS2PLACEMENT3D(#5597,$,$);
#5599=IFCDIRECTION((0.,0.,1.));
#5600=IFCEXTRUDEDAREASOLID(#5596,#5598,#5599,0.015240000000000002);
#5601=IFCSTYLEDITEM(#5600,(#676),$);
#5602=IFCCARTESIANPOINT((0.,0.));
#5603=IFCAXIS2PLACEMENT2D(#5602,$);
#5604=IFCRECTANGLEPROFILEDEF(.AREA.,$,#5603,1.4473741986847477,0.14874239999999972);
#5605=IFCCARTESIANPOINT((-7.8361027406576262,-3.7356288000000006,0.0076200000000000009));
#5606=IFCAXIS2PLACEMENT3D(#5605,$,$);
#5607=IFCDIRECTION((0.,0.,1.));
#5608=IFCEXTRUDEDAREASOLID(#5604,#5606,#5607,0.015240000000000002);
#5609=IFCSTYLEDITEM(#5608,(#576),$);
#5610=IFCCARTESIANPOINT((0.,0.));
#5611=IFCAXIS2PLACEMENT2D(#5610,$);
#5612=IFCRECTANGLEPROFILEDEF(.AREA.,$,#5611,3.038856,0.14874239999999972);
#5613=IFCCARTESIANPOINT((-5.5838436413152532,-3.7356288000000006,0.0076200000000000009));
#5614=IFCAXIS2PLACEMENT3D(#5613,$,$);
#5615=IFCDIRECTION((0.,0.,1.));
#5616=IFCEXTRUDEDAREASOLID(#5612,#5614,#5615,0.015240000000000002);
#5617=IFCSTYLEDITEM(#5616,(#625),$);
#5618=IFCCARTESIANPOINT((0.,0.));
#5619=IFCAXIS2PLACEMENT2D(#5618,$);
#5620=IFCRECTANGLEPROFILEDEF(.AREA.,$,#5619,3.038856,0.14874239999999972);
#5621=IFCCARTESIANPOINT((-2.5358436413152527,-3.7356288000000006,0.0076200000000000009));
#5622=IFCAXIS2PLACEMENT3D(#5621,$,$);
#5623=IFCDIRECTION((0.,0.,1.));
#5624=IFCEXTRUDEDAREASOLID(#5620,#5622,#5623,0.015240000000000002);
#5625=IFCSTYLEDITEM(#5624,(#676),$);
#5626=IFCCARTESIANPOINT((0.,0.));
#5627=IFCAXIS2PLACEMENT2D(#5626,$);
#5628=IFCRECTANGLEPROFILEDEF(.AREA.,$,#5627,1.0326614813152521,0.14874239999999972);
#5629=IFCCARTESIANPOINT((-0.49094090065762613,-3.7356288000000006,0.0076200000000000009));
#5630=IFCAXIS2PLACEMENT3D(#5629,$,$);
#5631=IFCDIRECTION((0.,0.,1.));
#5632=IFCEXTRUDEDAREASOLID(#5628,#5630,#5631,0.015240000000000002);
#5633=IFCSTYLEDITEM(#5632,(#576),$);
#5634=IFCCOVERING('2cceYwa6j9Aw_hcePzN4qs',$,'Scullery - Hardwood Flooring',$,$,#5646,#5636,$,.FLOORING.);
#5635=IFCSHAPEREPRESENTATION(#11,'Body','SweptSolid',(#5216,#5224,#5232,#5240,#5248,#5256,#5264,#5272,#5280,#5288,#5296,#5304,#5312,#5320,#5328,#5336,#5344,#5352,#5360,#5368,#5376,#5384,#5392,#5400,#5408,#5416,#5424,#5432,#5440,#5448,#5456,#5464,#5472,#5480,#5488,#5496,#5504,#5512,#5520,#5528,#5536,#5544,#5552,#5560,#5568,#5576,#5584,#5592,#5600,#5608,#5616,#5624,#5632));
#5636=IFCPRODUCTDEFINITIONSHAPE($,$,(#5635));
#5642=IFCCARTESIANPOINT((0.,0.,0.));
#5643=IFCDIRECTION((0.,0.,1.));
#5644=IFCDIRECTION((1.,0.,0.));
#5645=IFCAXIS2PLACEMENT3D(#5642,#5643,#5644);
#5646=IFCLOCALPLACEMENT($,#5645);
#5647=IFCSPACE('06kNJC0bD559$gv55WMcIk',$,'Powder Room',$,$,#5666,#5656,'Powder Room (under stair)',$,.INTERNAL.,$);
#5648=IFCCARTESIANPOINT((0.,0.));
#5649=IFCAXIS2PLACEMENT2D(#5648,$);
#5650=IFCRECTANGLEPROFILEDEF(.AREA.,$,#5649,0.93168215999999981,1.9427037600000001);
#5651=IFCCARTESIANPOINT((0.,0.,0.));
#5652=IFCAXIS2PLACEMENT3D(#5651,$,$);
#5653=IFCDIRECTION((0.,0.,1.));
#5654=IFCEXTRUDEDAREASOLID(#5650,#5652,#5653,2.8956);
#5655=IFCSHAPEREPRESENTATION(#11,'Body','SweptSolid',(#5654));
#5656=IFCPRODUCTDEFINITIONSHAPE($,$,(#5655));
#5662=IFCCARTESIANPOINT((-4.0617038399999998,-1.1890248000000001,0.));
#5663=IFCDIRECTION((0.,0.,1.));
#5664=IFCDIRECTION((1.,0.,0.));
#5665=IFCAXIS2PLACEMENT3D(#5662,#5663,#5664);
#5666=IFCLOCALPLACEMENT($,#5665);
#5667=IFCCOVERING('0T0zrRrmfBTPbPnNKMPT$5',$,'Powder Room - Tile Flooring',$,$,#5687,#5677,$,.FLOORING.);
#5668=IFCCARTESIANPOINT((0.,0.));
#5669=IFCAXIS2PLACEMENT2D(#5668,$);
#5670=IFCRECTANGLEPROFILEDEF(.AREA.,$,#5669,1.0713719999999998,2.0823936000000001);
#5671=IFCCARTESIANPOINT((0.,0.,0.));
#5672=IFCAXIS2PLACEMENT3D(#5671,$,$);
#5673=IFCDIRECTION((0.,0.,1.));
#5674=IFCEXTRUDEDAREASOLID(#5670,#5672,#5673,0.015240000000000002);
#5675=IFCSHAPEREPRESENTATION(#11,'Body','SweptSolid',(#5674));
#5676=IFCSTYLEDITEM(#5674,(#1286),$);
#5677=IFCPRODUCTDEFINITIONSHAPE($,$,(#5675));
#5683=IFCCARTESIANPOINT((-4.0617038399999998,-1.1890248000000001,0.));
#5684=IFCDIRECTION((0.,0.,1.));
#5685=IFCDIRECTION((1.,0.,0.));
#5686=IFCAXIS2PLACEMENT3D(#5683,#5684,#5685);
#5687=IFCLOCALPLACEMENT($,#5686);
ENDSEC;
END-ISO-10303-21;
